PDB,region,site,distance_to_Mxra8,E_6nk6_chain,Mxra8_6nk6_chain,Mxra8_site
6nk6,E1,1,19.7,A,M,237
6nk6,E1,2,18.3,B,N,237
6nk6,E1,3,18.1,B,N,237
6nk6,E1,4,19.5,D,P,237
6nk6,E1,5,18.1,D,P,237
6nk6,E1,6,19.4,D,P,237
6nk6,E1,7,15.5,D,P,237
6nk6,E1,8,17.7,D,P,237
6nk6,E1,9,14.5,D,P,237
6nk6,E1,10,16.6,A,M,240
6nk6,E1,11,13.2,D,P,240
6nk6,E1,12,15.0,D,P,240
6nk6,E1,13,17.1,D,P,240
6nk6,E1,14,18.2,A,M,240
6nk6,E1,15,18.9,D,P,240
6nk6,E1,16,20.2,C,O,260
6nk6,E1,17,18.6,C,O,260
6nk6,E1,18,22.4,C,O,260
6nk6,E1,19,20.3,C,O,260
6nk6,E1,20,24.9,C,O,260
6nk6,E1,21,22.5,B,N,263
6nk6,E1,22,28.9,C,O,260
6nk6,E1,23,29.2,C,O,260
6nk6,E1,24,25.2,B,N,263
6nk6,E1,25,24.0,C,O,260
6nk6,E1,26,22.9,C,O,260
6nk6,E1,27,17.9,C,O,260
6nk6,E1,28,17.3,C,O,260
6nk6,E1,29,14.8,C,O,260
6nk6,E1,30,13.4,C,O,260
6nk6,E1,31,14.1,D,P,237
6nk6,E1,32,11.5,D,P,240
6nk6,E1,33,11.2,D,P,240
6nk6,E1,34,7.9,D,P,240
6nk6,E1,35,7.1,B,N,240
6nk6,E1,36,9.2,B,N,236
6nk6,E1,37,5.3,B,N,236
6nk6,E1,38,8.6,B,N,236
6nk6,E1,39,5.6,D,P,236
6nk6,E1,40,10.1,B,N,239
6nk6,E1,41,12.1,B,N,236
6nk6,E1,42,10.4,B,N,231
6nk6,E1,43,12.0,C,P,235
6nk6,E1,44,8.3,C,P,235
6nk6,E1,45,8.2,D,O,235
6nk6,E1,46,9.9,D,O,235
6nk6,E1,47,11.2,D,O,235
6nk6,E1,48,16.9,D,O,234
6nk6,E1,49,18.7,D,P,229
6nk6,E1,50,44.3,B,N,401
6nk6,E1,51,44.0,B,N,401
6nk6,E1,52,12.5,C,P,263
6nk6,E1,53,13.4,C,P,263
6nk6,E1,54,9.3,C,P,263
6nk6,E1,55,13.0,C,P,263
6nk6,E1,56,10.9,C,P,263
6nk6,E1,57,14.5,C,P,263
6nk6,E1,58,16.4,C,P,263
6nk6,E1,59,14.2,C,P,295
6nk6,E1,60,18.1,C,P,291
6nk6,E1,61,15.8,C,P,295
6nk6,E1,62,14.5,B,M,54
6nk6,E1,63,11.5,B,M,251
6nk6,E1,64,12.9,B,M,251
6nk6,E1,65,15.4,C,P,295
6nk6,E1,66,15.5,C,P,293
6nk6,E1,67,9.7,C,P,293
6nk6,E1,68,12.1,C,P,293
6nk6,E1,69,5.5,C,P,291
6nk6,E1,70,6.6,D,O,45
6nk6,E1,71,3.2,D,O,263
6nk6,E1,72,2.6,C,P,263
6nk6,E1,73,3.4,C,P,263
6nk6,E1,74,5.8,C,P,263
6nk6,E1,75,9.6,D,O,262
6nk6,E1,76,7.1,C,P,263
6nk6,E1,77,10.6,C,P,263
6nk6,E1,78,12.0,C,P,263
6nk6,E1,79,15.1,C,P,263
6nk6,E1,80,13.3,C,N,247
6nk6,E1,81,10.1,C,N,247
6nk6,E1,82,6.9,C,N,251
6nk6,E1,83,4.7,C,N,251
6nk6,E1,84,5.4,B,M,251
6nk6,E1,85,3.3,A,O,250
6nk6,E1,86,6.8,B,M,247
6nk6,E1,87,3.1,B,M,250
6nk6,E1,88,5.9,C,N,65
6nk6,E1,89,3.1,B,M,141
6nk6,E1,90,4.3,B,M,141
6nk6,E1,91,5.4,B,M,144
6nk6,E1,92,6.1,A,O,59
6nk6,E1,93,9.1,C,N,250
6nk6,E1,94,8.6,A,O,251
6nk6,E1,95,7.5,C,N,56
6nk6,E1,96,6.4,B,M,251
6nk6,E1,97,3.0,B,M,251
6nk6,E1,98,3.8,A,O,251
6nk6,E1,99,6.9,A,O,251
6nk6,E1,100,6.8,B,M,251
6nk6,E1,101,10.0,B,M,251
6nk6,E1,102,11.3,B,M,251
6nk6,E1,103,13.2,C,P,263
6nk6,E1,104,14.0,C,P,263
6nk6,E1,105,9.9,D,O,263
6nk6,E1,106,10.4,C,P,263
6nk6,E1,107,6.3,C,P,263
6nk6,E1,108,8.8,C,P,263
6nk6,E1,109,7.2,C,P,263
6nk6,E1,110,10.6,C,P,264
6nk6,E1,111,10.1,C,P,212
6nk6,E1,112,5.4,C,P,212
6nk6,E1,113,11.1,C,P,212
6nk6,E1,114,14.8,D,P,231
6nk6,E1,115,5.8,D,O,213
6nk6,E1,116,10.6,B,N,229
6nk6,E1,117,11.3,D,P,229
6nk6,E1,118,11.3,B,N,231
6nk6,E1,119,15.3,D,O,235
6nk6,E1,120,13.6,B,N,231
6nk6,E1,121,13.1,D,O,235
6nk6,E1,122,10.9,B,N,231
6nk6,E1,123,11.4,C,P,237
6nk6,E1,124,15.8,B,N,239
6nk6,E1,125,16.5,C,P,236
6nk6,E1,126,12.7,B,N,236
6nk6,E1,127,10.7,B,N,236
6nk6,E1,128,7.0,B,N,236
6nk6,E1,129,7.2,D,P,237
6nk6,E1,130,3.9,B,N,236
6nk6,E1,131,5.4,D,P,237
6nk6,E1,132,2.4,D,P,240
6nk6,E1,133,7.8,A,M,240
6nk6,E1,134,9.0,C,O,260
6nk6,E1,135,8.8,C,O,260
6nk6,E1,136,11.0,C,O,260
6nk6,E1,137,10.1,C,O,260
6nk6,E1,138,12.4,C,O,260
6nk6,E1,139,11.3,C,O,260
6nk6,E1,140,5.9,C,O,260
6nk6,E1,141,4.7,C,O,260
6nk6,E1,142,4.3,B,N,260
6nk6,E1,143,3.2,B,N,260
6nk6,E1,144,5.6,B,N,260
6nk6,E1,145,3.2,B,N,237
6nk6,E1,146,3.6,B,N,237
6nk6,E1,147,3.4,B,N,237
6nk6,E1,148,7.0,D,P,237
6nk6,E1,149,8.4,B,N,237
6nk6,E1,150,10.4,B,N,237
6nk6,E1,151,8.4,B,N,237
6nk6,E1,152,3.4,B,N,237
6nk6,E1,153,6.7,A,M,237
6nk6,E1,154,4.2,A,M,237
6nk6,E1,155,5.8,B,N,262
6nk6,E1,156,5.7,B,N,262
6nk6,E1,157,5.7,B,N,262
6nk6,E1,158,9.5,B,N,262
6nk6,E1,159,10.3,B,N,262
6nk6,E1,160,11.7,A,M,237
6nk6,E1,161,8.8,B,N,237
6nk6,E1,162,9.8,B,N,237
6nk6,E1,163,8.0,B,N,237
6nk6,E1,164,11.7,B,N,237
6nk6,E1,165,13.6,B,N,237
6nk6,E1,166,12.7,B,N,237
6nk6,E1,167,17.3,D,P,237
6nk6,E1,168,17.3,B,N,236
6nk6,E1,169,18.0,B,N,236
6nk6,E1,170,16.6,B,N,236
6nk6,E1,171,15.5,B,N,236
6nk6,E1,172,15.7,B,N,239
6nk6,E1,173,12.7,B,N,239
6nk6,E1,174,18.9,B,N,239
6nk6,E1,175,18.2,C,P,237
6nk6,E1,176,15.4,C,P,237
6nk6,E1,177,16.8,C,O,231
6nk6,E1,178,17.2,B,N,231
6nk6,E1,179,12.5,B,N,231
6nk6,E1,180,11.6,D,P,229
6nk6,E1,181,9.0,D,P,231
6nk6,E1,182,10.3,B,N,229
6nk6,E1,183,12.7,C,O,229
6nk6,E1,184,13.9,B,N,239
6nk6,E1,185,18.3,B,N,229
6nk6,E1,186,21.1,D,P,236
6nk6,E1,187,23.2,B,N,231
6nk6,E1,188,20.9,D,O,235
6nk6,E1,189,14.2,C,P,237
6nk6,E1,190,15.7,D,O,235
6nk6,E1,191,11.8,C,P,237
6nk6,E1,192,7.1,C,P,237
6nk6,E1,193,10.4,D,O,237
6nk6,E1,194,12.8,C,P,237
6nk6,E1,195,16.0,D,O,262
6nk6,E1,196,18.6,D,O,262
6nk6,E1,197,19.5,D,O,262
6nk6,E1,198,21.3,D,O,262
6nk6,E1,199,21.0,D,O,262
6nk6,E1,200,28.3,D,O,290
6nk6,E1,201,16.8,D,O,262
6nk6,E1,202,15.1,D,O,262
6nk6,E1,203,13.0,D,O,262
6nk6,E1,204,10.6,D,O,237
6nk6,E1,205,8.2,D,O,235
6nk6,E1,206,4.8,D,O,235
6nk6,E1,207,5.6,D,O,235
6nk6,E1,208,14.8,B,N,229
6nk6,E1,209,8.0,D,O,238
6nk6,E1,210,5.9,D,O,235
6nk6,E1,211,2.4,C,P,266
6nk6,E1,212,3.2,D,O,237
6nk6,E1,213,6.6,D,O,262
6nk6,E1,214,9.0,D,O,262
6nk6,E1,215,10.5,D,O,262
6nk6,E1,216,13.6,D,O,262
6nk6,E1,217,15.1,C,P,263
6nk6,E1,218,25.5,B,M,63
6nk6,E1,219,18.1,C,P,291
6nk6,E1,220,20.8,B,M,63
6nk6,E1,221,15.3,C,N,247
6nk6,E1,222,16.2,B,M,63
6nk6,E1,223,4.8,C,N,247
6nk6,E1,224,6.9,C,N,247
6nk6,E1,225,6.7,C,N,247
6nk6,E1,226,3.5,B,M,247
6nk6,E1,227,4.2,B,M,247
6nk6,E1,228,5.6,B,M,63
6nk6,E1,229,8.5,B,M,63
6nk6,E1,230,8.9,B,M,63
6nk6,E1,231,12.9,B,M,63
6nk6,E1,232,12.5,C,N,247
6nk6,E1,233,16.5,C,N,247
6nk6,E1,234,18.7,C,N,247
6nk6,E1,235,21.0,B,M,63
6nk6,E1,236,23.7,B,M,63
6nk6,E1,237,25.8,B,M,63
6nk6,E1,238,25.1,A,M,64
6nk6,E1,239,27.4,A,M,64
6nk6,E1,240,19.5,B,N,227
6nk6,E1,241,18.8,A,M,64
6nk6,E1,242,24.9,A,M,64
6nk6,E1,250,21.1,D,P,236
6nk6,E1,251,19.9,B,N,236
6nk6,E1,252,15.0,B,N,239
6nk6,E1,260,15.6,C,O,231
6nk6,E1,261,11.4,B,N,239
6nk6,E1,262,8.5,B,N,239
6nk6,E1,263,7.0,C,O,231
6nk6,E1,264,3.9,C,O,231
6nk6,E1,265,3.9,B,N,239
6nk6,E1,266,7.7,B,N,239
6nk6,E1,267,4.8,B,N,239
6nk6,E1,268,9.7,B,N,239
6nk6,E1,269,9.2,B,N,239
6nk6,E1,270,12.1,B,N,240
6nk6,E1,271,14.5,B,N,236
6nk6,E1,272,17.5,B,N,236
6nk6,E1,273,18.0,B,N,236
6nk6,E1,274,19.4,D,P,237
6nk6,E1,275,16.9,D,P,237
6nk6,E1,276,11.9,D,P,237
6nk6,E1,277,13.9,B,N,237
6nk6,E1,278,12.4,D,P,237
6nk6,E1,279,13.6,B,N,237
6nk6,E1,280,14.7,B,N,237
6nk6,E1,281,15.0,B,N,262
6nk6,E1,282,14.7,B,N,262
6nk6,E1,283,15.6,B,N,263
6nk6,E1,284,20.5,C,O,237
6nk6,E1,285,18.1,C,O,46
6nk6,E1,301,35.6,C,O,260
6nk6,E1,302,36.5,C,O,260
6nk6,E1,303,38.4,A,M,240
6nk6,E1,304,36.1,B,P,260
6nk6,E1,305,35.5,B,P,45
6nk6,E1,306,36.7,D,P,240
6nk6,E1,307,34.0,D,P,240
6nk6,E1,308,33.8,D,P,240
6nk6,E1,309,29.9,D,P,240
6nk6,E1,310,26.1,D,P,240
6nk6,E1,311,27.2,B,N,240
6nk6,E1,312,24.8,A,M,240
6nk6,E1,313,31.2,D,P,240
6nk6,E1,314,32.5,A,M,240
6nk6,E1,315,34.2,B,N,46
6nk6,E1,316,31.8,C,O,260
6nk6,E1,317,34.0,C,O,260
6nk6,E1,318,31.3,C,O,260
6nk6,E1,319,35.5,C,O,260
6nk6,E1,320,30.7,C,O,260
6nk6,E1,321,35.3,C,O,260
6nk6,E1,322,32.1,C,O,260
6nk6,E1,323,33.2,C,O,260
6nk6,E1,324,28.7,C,O,46
6nk6,E1,325,25.3,B,N,46
6nk6,E1,326,24.8,C,O,260
6nk6,E1,327,20.2,C,O,260
6nk6,E1,328,23.1,C,O,260
6nk6,E1,329,23.1,C,O,260
6nk6,E1,330,23.7,C,O,260
6nk6,E1,331,24.2,C,O,260
6nk6,E1,332,27.0,C,O,260
6nk6,E1,333,30.0,C,O,260
6nk6,E1,334,31.6,A,M,240
6nk6,E1,335,29.5,A,M,240
6nk6,E1,336,31.4,A,M,240
6nk6,E1,337,29.8,A,M,240
6nk6,E1,338,25.7,D,P,240
6nk6,E1,339,22.9,C,O,260
6nk6,E1,340,23.4,B,N,240
6nk6,E1,341,20.9,B,N,260
6nk6,E1,342,18.7,C,O,260
6nk6,E1,343,17.5,C,O,260
6nk6,E1,344,22.3,C,O,260
6nk6,E1,345,23.5,C,O,260
6nk6,E1,346,26.6,C,O,260
6nk6,E1,347,29.8,C,O,260
6nk6,E1,348,32.8,C,O,260
6nk6,E1,349,36.0,C,O,260
6nk6,E1,350,33.8,C,O,260
6nk6,E1,351,32.2,C,O,260
6nk6,E1,352,27.9,C,O,260
6nk6,E1,353,27.9,C,O,260
6nk6,E1,354,27.2,C,O,260
6nk6,E1,355,25.7,C,O,260
6nk6,E1,356,30.3,A,M,240
6nk6,E1,357,28.0,D,P,240
6nk6,E1,358,31.3,A,M,240
6nk6,E1,359,33.0,D,P,240
6nk6,E1,360,35.5,D,P,240
6nk6,E1,361,38.9,D,P,240
6nk6,E1,362,39.8,B,N,240
6nk6,E1,363,37.6,D,P,240
6nk6,E1,364,39.0,A,M,240
6nk6,E1,365,32.5,C,O,260
6nk6,E1,366,32.7,C,O,260
6nk6,E1,367,29.6,C,O,260
6nk6,E1,368,27.9,C,O,260
6nk6,E1,369,28.9,C,O,260
6nk6,E1,370,28.2,C,O,260
6nk6,E1,371,29.5,C,O,260
6nk6,E1,372,32.0,C,O,260
6nk6,E1,373,34.4,C,O,260
6nk6,E1,374,34.6,C,O,260
6nk6,E1,375,37.4,C,O,260
6nk6,E1,376,34.9,C,O,260
6nk6,E1,377,41.6,A,M,240
6nk6,E1,378,39.4,D,P,240
6nk6,E1,379,41.2,D,P,240
6nk6,E1,380,37.8,D,P,240
6nk6,E1,381,37.7,B,P,262
6nk6,E1,382,35.6,B,P,262
6nk6,E1,383,33.7,B,P,262
6nk6,E1,384,29.3,B,P,262
6nk6,E1,385,28.7,B,P,262
6nk6,E1,386,37.6,C,O,229
6nk6,E1,387,33.3,C,O,229
6nk6,E1,388,26.8,B,N,246
6nk6,E1,389,22.2,B,N,246
6nk6,E1,390,22.3,D,P,240
6nk6,E1,391,21.7,D,P,240
6nk6,E1,392,24.3,B,N,240
6nk6,E1,393,23.9,D,P,240
6nk6,E1,394,23.5,D,P,240
6nk6,E1,395,27.0,A,M,240
6nk6,E1,396,27.4,A,M,240
6nk6,E1,397,32.0,A,M,240
6nk6,E1,398,34.4,D,P,237
6nk6,E1,399,37.3,D,P,237
6nk6,E1,400,39.5,D,P,237
6nk6,E1,401,37.5,A,M,240
6nk6,E1,402,41.0,A,M,240
6nk6,E1,403,43.7,A,M,240
6nk6,E1,404,45.6,B,N,240
6nk6,E1,405,46.3,B,P,237
6nk6,E1,406,47.9,D,P,240
6nk6,E1,407,46.5,D,P,240
6nk6,E1,408,51.2,B,P,237
6nk6,E1,409,47.8,B,P,237
6nk6,E1,410,51.2,D,P,240
6nk6,E1,411,52.1,A,M,240
6nk6,E1,412,51.0,B,P,237
6nk6,E1,413,55.6,A,M,240
6nk6,E1,414,54.7,D,P,237
6nk6,E1,415,59.5,D,P,237
6nk6,E1,416,61.2,D,P,237
6nk6,E1,417,64.1,D,P,237
6nk6,E1,418,64.7,D,P,237
6nk6,E1,419,63.8,D,P,237
6nk6,E1,420,67.3,D,P,237
6nk6,E1,421,68.1,B,N,237
6nk6,E1,422,67.1,D,P,237
6nk6,E1,423,69.4,D,P,237
6nk6,E1,424,72.3,D,P,237
6nk6,E1,425,71.4,D,P,237
6nk6,E1,426,69.8,D,P,237
6nk6,E1,427,74.9,D,P,237
6nk6,E1,428,76.1,D,P,237
6nk6,E1,429,73.9,D,P,237
6nk6,E1,430,76.3,D,P,237
6nk6,E1,431,79.9,D,P,237
6nk6,E1,432,77.5,B,N,237
6nk6,E1,433,79.8,D,P,237
6nk6,E1,434,83.2,D,P,237
6nk6,E1,435,82.9,D,P,237
6nk6,E1,436,76.4,D,P,237
6nk6,E1,437,79.3,D,P,237
6nk6,E1,438,75.8,D,P,237
6nk6,E1,439,73.8,D,P,237
6nk6,E1,501,10.1,C,O,260
6nk6,E2,5,2.7,E,M,195
6nk6,E2,6,3.3,E,M,195
6nk6,E2,7,5.9,E,M,195
6nk6,E2,8,8.2,E,M,195
6nk6,E2,9,9.5,E,M,195
6nk6,E2,10,10.7,F,N,195
6nk6,E2,11,19.8,H,O,289
6nk6,E2,12,17.8,G,N,91
6nk6,E2,13,12.2,F,M,91
6nk6,E2,14,12.5,G,N,91
6nk6,E2,15,10.7,G,N,66
6nk6,E2,16,6.2,G,N,66
6nk6,E2,17,6.6,F,M,65
6nk6,E2,18,3.9,E,O,65
6nk6,E2,19,5.5,F,M,65
6nk6,E2,20,5.3,F,M,63
6nk6,E2,21,6.9,F,M,63
6nk6,E2,22,4.6,E,O,66
6nk6,E2,23,5.5,F,M,64
6nk6,E2,24,2.4,F,M,64
6nk6,E2,25,3.4,F,M,64
6nk6,E2,26,3.0,F,M,64
6nk6,E2,27,2.8,E,O,63
6nk6,E2,28,3.5,E,O,66
6nk6,E2,29,3.3,E,O,66
6nk6,E2,30,5.3,E,O,66
6nk6,E2,31,6.8,E,O,66
6nk6,E2,32,9.7,E,O,66
6nk6,E2,33,9.6,F,M,65
6nk6,E2,34,12.6,F,M,65
6nk6,E2,35,14.5,F,M,65
6nk6,E2,36,14.8,G,P,212
6nk6,E2,37,18.9,E,M,64
6nk6,E2,38,12.3,H,O,212
6nk6,E2,39,15.1,E,M,64
6nk6,E2,40,14.5,E,M,64
6nk6,E2,41,11.0,E,M,64
6nk6,E2,42,10.8,H,P,229
6nk6,E2,43,7.8,E,M,64
6nk6,E2,44,10.6,E,M,64
6nk6,E2,45,7.4,E,M,64
6nk6,E2,46,11.8,E,M,64
6nk6,E2,47,11.0,G,O,196
6nk6,E2,48,14.6,F,N,198
6nk6,E2,49,14.4,H,O,212
6nk6,E2,50,18.1,E,M,195
6nk6,E2,51,13.1,F,M,65
6nk6,E2,52,14.2,F,M,91
6nk6,E2,53,14.1,H,P,194
6nk6,E2,54,10.4,H,P,194
6nk6,E2,55,8.3,H,P,194
6nk6,E2,56,9.9,E,M,195
6nk6,E2,57,8.4,G,O,115
6nk6,E2,58,8.0,E,O,97
6nk6,E2,59,9.1,G,N,101
6nk6,E2,60,9.7,F,N,195
6nk6,E2,61,7.6,H,P,115
6nk6,E2,62,3.5,F,N,195
6nk6,E2,63,4.1,E,M,115
6nk6,E2,64,3.1,H,P,194
6nk6,E2,65,5.8,E,M,112
6nk6,E2,66,8.6,H,P,112
6nk6,E2,67,12.2,G,N,104
6nk6,E2,68,18.3,F,M,87
6nk6,E2,69,6.2,G,N,97
6nk6,E2,70,8.3,G,N,97
6nk6,E2,71,4.8,G,N,97
6nk6,E2,72,3.3,G,N,91
6nk6,E2,73,6.0,G,N,91
6nk6,E2,74,3.4,E,O,97
6nk6,E2,75,4.4,G,N,97
6nk6,E2,76,4.6,F,M,97
6nk6,E2,77,6.5,F,M,97
6nk6,E2,78,9.4,F,M,97
6nk6,E2,79,10.4,F,N,95
6nk6,E2,80,6.4,H,P,194
6nk6,E2,81,11.0,F,N,95
6nk6,E2,82,23.3,G,O,501
6nk6,E2,83,23.2,E,M,277
6nk6,E2,85,15.6,H,P,64
6nk6,E2,86,15.8,F,M,64
6nk6,E2,87,17.0,E,M,64
6nk6,E2,92,20.3,H,P,227
6nk6,E2,93,10.0,G,O,198
6nk6,E2,94,6.5,H,P,68
6nk6,E2,95,7.9,F,N,198
6nk6,E2,96,8.5,E,M,195
6nk6,E2,97,6.2,E,M,195
6nk6,E2,98,10.7,F,N,195
6nk6,E2,99,15.5,F,N,198
6nk6,E2,100,12.0,F,N,198
6nk6,E2,101,11.8,F,N,198
6nk6,E2,102,7.2,F,N,198
6nk6,E2,103,10.1,E,M,64
6nk6,E2,104,5.7,E,M,64
6nk6,E2,105,11.0,E,M,64
6nk6,E2,106,13.6,E,M,64
6nk6,E2,107,16.4,E,M,64
6nk6,E2,108,24.3,G,O,198
6nk6,E2,109,27.1,F,M,249
6nk6,E2,110,24.2,F,M,227
6nk6,E2,111,25.4,G,N,227
6nk6,E2,112,25.1,G,N,227
6nk6,E2,113,25.7,F,M,249
6nk6,E2,115,11.4,F,M,97
6nk6,E2,116,8.0,E,O,95
6nk6,E2,117,6.7,G,N,97
6nk6,E2,118,4.4,F,M,95
6nk6,E2,119,3.2,F,M,95
6nk6,E2,120,3.3,E,O,95
6nk6,E2,121,3.5,E,O,93
6nk6,E2,122,8.0,G,N,93
6nk6,E2,123,5.1,F,M,66
6nk6,E2,124,8.9,E,O,66
6nk6,E2,125,9.4,F,M,66
6nk6,E2,126,10.8,F,M,64
6nk6,E2,127,12.2,F,M,65
6nk6,E2,128,13.0,F,M,63
6nk6,E2,129,17.5,F,M,63
6nk6,E2,130,20.6,F,M,63
6nk6,E2,131,14.9,E,M,64
6nk6,E2,132,17.5,E,M,64
6nk6,E2,133,14.9,E,M,64
6nk6,E2,134,15.0,E,M,64
6nk6,E2,135,16.0,H,P,229
6nk6,E2,136,12.3,H,P,229
6nk6,E2,137,14.6,H,P,229
6nk6,E2,138,17.5,H,P,229
6nk6,E2,139,16.8,E,M,62
6nk6,E2,143,11.6,E,M,63
6nk6,E2,144,3.8,E,M,63
6nk6,E2,145,7.3,E,M,63
6nk6,E2,146,7.4,H,P,63
6nk6,E2,147,9.0,E,M,63
6nk6,E2,148,8.8,E,M,62
6nk6,E2,149,8.3,E,M,62
6nk6,E2,150,3.8,E,M,62
6nk6,E2,151,6.6,H,P,229
6nk6,E2,152,5.4,H,P,229
6nk6,E2,153,6.2,H,P,229
6nk6,E2,154,8.4,H,P,229
6nk6,E2,155,5.6,E,M,64
6nk6,E2,156,5.9,F,N,198
6nk6,E2,157,3.5,G,O,196
6nk6,E2,158,2.9,F,N,198
6nk6,E2,159,3.3,E,M,198
6nk6,E2,160,2.9,E,M,196
6nk6,E2,161,4.8,E,M,196
6nk6,E2,162,7.4,H,O,214
6nk6,E2,163,3.6,G,P,212
6nk6,E2,164,3.2,G,P,212
6nk6,E2,165,3.7,H,O,212
6nk6,E2,166,3.8,H,O,212
6nk6,E2,167,7.8,H,O,212
6nk6,E2,168,8.3,H,O,289
6nk6,E2,169,12.4,H,O,289
6nk6,E2,170,13.4,H,O,289
6nk6,E2,171,15.0,H,O,289
6nk6,E2,172,16.3,G,N,91
6nk6,E2,173,16.1,E,O,65
6nk6,E2,174,13.3,E,O,141
6nk6,E2,175,9.9,G,N,91
6nk6,E2,176,7.3,F,M,141
6nk6,E2,177,4.9,E,O,141
6nk6,E2,178,3.4,E,O,57
6nk6,E2,179,3.4,E,O,141
6nk6,E2,180,4.1,G,N,84
6nk6,E2,181,3.5,E,O,146
6nk6,E2,182,3.3,E,O,146
6nk6,E2,183,4.6,E,O,146
6nk6,E2,184,7.7,E,O,146
6nk6,E2,185,9.2,F,M,146
6nk6,E2,186,9.6,G,N,57
6nk6,E2,187,10.1,E,O,57
6nk6,E2,188,8.5,G,N,57
6nk6,E2,189,4.3,E,O,84
6nk6,E2,190,5.0,E,O,84
6nk6,E2,191,2.4,G,N,84
6nk6,E2,192,2.9,E,O,84
6nk6,E2,193,2.7,F,M,84
6nk6,E2,194,4.3,E,O,85
6nk6,E2,195,7.0,E,O,85
6nk6,E2,196,9.6,F,M,83
6nk6,E2,197,8.4,E,O,84
6nk6,E2,198,12.4,E,O,84
6nk6,E2,199,12.3,E,O,84
6nk6,E2,200,10.0,E,O,56
6nk6,E2,201,9.8,E,O,56
6nk6,E2,202,5.9,F,M,52
6nk6,E2,203,10.4,F,M,52
6nk6,E2,204,14.4,F,M,300
6nk6,E2,205,17.7,F,M,300
6nk6,E2,206,14.7,G,N,83
6nk6,E2,207,13.8,E,O,56
6nk6,E2,208,13.7,E,O,54
6nk6,E2,209,14.7,E,O,84
6nk6,E2,210,11.9,F,M,83
6nk6,E2,211,8.2,F,M,83
6nk6,E2,212,4.6,F,M,83
6nk6,E2,213,3.4,E,O,83
6nk6,E2,214,2.6,G,N,83
6nk6,E2,215,6.9,G,N,83
6nk6,E2,216,7.7,F,M,80
6nk6,E2,217,11.9,G,N,84
6nk6,E2,218,12.6,F,M,80
6nk6,E2,219,11.8,G,N,57
6nk6,E2,220,8.2,G,N,57
6nk6,E2,221,5.4,G,N,57
6nk6,E2,222,3.4,G,N,57
6nk6,E2,223,3.3,E,O,56
6nk6,E2,224,5.4,E,O,56
6nk6,E2,225,6.1,E,O,57
6nk6,E2,226,8.3,E,O,57
6nk6,E2,227,9.3,E,O,57
6nk6,E2,228,12.0,E,O,141
6nk6,E2,229,10.0,E,O,84
6nk6,E2,230,13.1,E,O,84
6nk6,E2,231,13.3,G,N,99
6nk6,E2,232,15.7,E,O,85
6nk6,E2,233,11.3,E,O,85
6nk6,E2,234,12.4,F,M,97
6nk6,E2,235,13.3,H,O,289
6nk6,E2,236,14.9,F,M,91
6nk6,E2,237,15.0,H,O,212
6nk6,E2,238,13.0,G,P,291
6nk6,E2,239,14.4,F,M,65
6nk6,E2,240,14.2,F,M,65
6nk6,E2,241,9.4,G,N,65
6nk6,E2,242,12.5,F,M,65
6nk6,E2,243,12.4,G,N,65
6nk6,E2,244,11.3,G,P,291
6nk6,E2,245,14.5,H,O,291
6nk6,E2,246,15.1,G,P,292
6nk6,E2,247,11.0,G,P,292
6nk6,E2,248,8.4,G,P,292
6nk6,E2,249,9.0,H,O,291
6nk6,E2,250,8.0,G,P,292
6nk6,E2,251,9.7,H,O,289
6nk6,E2,252,5.7,H,O,289
6nk6,E2,253,9.9,H,O,289
6nk6,E2,254,7.4,H,O,212
6nk6,E2,255,9.1,H,O,212
6nk6,E2,256,8.0,H,O,212
6nk6,E2,257,9.2,H,O,212
6nk6,E2,258,9.0,E,M,198
6nk6,E2,259,6.7,H,P,196
6nk6,E2,260,6.5,E,M,198
6nk6,E2,261,8.8,G,O,200
6nk6,E2,262,6.4,G,O,200
6nk6,E2,263,4.2,H,P,229
6nk6,E2,264,4.2,H,P,229
6nk6,E2,265,3.1,H,P,229
6nk6,E2,266,6.8,E,M,62
6nk6,E2,267,4.3,H,P,62
6nk6,E2,268,9.0,F,N,62
6nk6,E2,269,12.0,F,N,62
6nk6,E2,270,11.4,E,M,62
6nk6,E2,271,17.4,F,N,63
6nk6,E2,275,26.9,F,P,237
6nk6,E2,278,29.9,F,P,237
6nk6,E2,279,32.1,F,P,237
6nk6,E2,287,26.8,E,M,63
6nk6,E2,288,23.6,H,P,63
6nk6,E2,289,23.3,E,M,63
6nk6,E2,290,18.1,E,M,63
6nk6,E2,291,17.7,H,P,63
6nk6,E2,292,22.2,E,M,64
6nk6,E2,293,21.4,F,N,62
6nk6,E2,294,22.2,H,P,229
6nk6,E2,295,24.8,G,O,229
6nk6,E2,296,23.8,G,O,229
6nk6,E2,297,26.3,G,O,229
6nk6,E2,298,19.8,F,N,239
6nk6,E2,299,24.8,F,N,239
6nk6,E2,300,23.1,F,N,239
6nk6,E2,301,24.9,F,N,236
6nk6,E2,302,26.5,F,N,236
6nk6,E2,303,27.5,F,N,239
6nk6,E2,304,25.5,F,N,239
6nk6,E2,305,28.7,F,N,239
6nk6,E2,306,24.0,G,O,229
6nk6,E2,307,27.4,G,O,229
6nk6,E2,308,26.1,F,N,239
6nk6,E2,309,27.0,G,O,229
6nk6,E2,310,22.7,H,P,229
6nk6,E2,311,26.4,E,M,63
6nk6,E2,312,27.1,H,P,63
6nk6,E2,313,29.1,E,M,63
6nk6,E2,314,27.7,G,M,64
6nk6,E2,315,31.3,E,M,63
6nk6,E2,316,31.4,F,P,237
6nk6,E2,317,32.2,F,N,246
6nk6,E2,318,35.3,F,N,246
6nk6,E2,319,30.9,G,O,229
6nk6,E2,320,33.5,F,N,246
6nk6,E2,321,31.4,H,P,240
6nk6,E2,322,30.7,F,N,239
6nk6,E2,323,30.0,H,P,240
6nk6,E2,324,24.7,F,N,236
6nk6,E2,325,27.6,E,M,240
6nk6,E2,326,26.1,H,P,240
6nk6,E2,327,21.2,F,N,246
6nk6,E2,328,22.9,F,N,246
6nk6,E2,329,19.7,G,O,229
6nk6,E2,330,20.3,E,M,62
6nk6,E2,331,18.6,E,M,62
6nk6,E2,332,14.6,F,N,62
6nk6,E2,333,16.4,H,P,246
6nk6,E2,334,12.7,F,N,246
6nk6,E2,335,16.9,F,N,246
6nk6,E2,336,19.9,F,N,246
6nk6,E2,337,18.0,F,N,246
6nk6,E2,338,25.0,F,N,246
6nk6,E2,339,22.6,E,M,240
6nk6,E2,340,30.2,H,P,240
6nk6,E2,341,29.8,H,P,240
6nk6,E2,342,33.3,E,M,240
6nk6,E2,343,34.8,F,P,237
6nk6,E2,344,31.5,F,P,237
6nk6,E2,345,34.0,F,P,237
6nk6,E2,346,33.7,F,P,237
6nk6,E2,347,35.3,F,P,237
6nk6,E2,348,37.4,F,P,237
6nk6,E2,349,40.2,F,P,237
6nk6,E2,350,42.8,F,P,237
6nk6,E2,351,43.2,F,P,237
6nk6,E2,352,39.5,F,P,237
6nk6,E2,353,42.3,F,P,237
6nk6,E2,354,36.9,F,P,237
6nk6,E2,355,42.8,F,P,237
6nk6,E2,356,42.9,F,P,237
6nk6,E2,357,37.7,F,P,237
6nk6,E2,358,39.3,F,P,237
6nk6,E2,359,43.0,E,M,240
6nk6,E2,360,40.8,F,P,237
6nk6,E2,361,38.4,F,N,240
6nk6,E2,362,37.0,H,P,240
6nk6,E2,363,35.7,H,P,237
6nk6,E2,364,39.9,H,P,240
6nk6,E2,365,42.1,E,M,240
6nk6,E2,366,39.8,H,P,237
6nk6,E2,367,42.3,F,N,236
6nk6,E2,368,46.2,H,P,237
6nk6,E2,369,45.9,H,P,237
6nk6,E2,370,45.2,H,P,237
6nk6,E2,371,49.4,H,P,237
6nk6,E2,372,51.6,H,P,237
6nk6,E2,373,50.2,H,P,237
6nk6,E2,374,52.4,H,P,237
6nk6,E2,375,54.9,H,P,237
6nk6,E2,376,55.7,H,P,237
6nk6,E2,377,54.7,H,P,237
6nk6,E2,378,57.2,H,P,237
6nk6,E2,379,58.9,F,P,237
6nk6,E2,380,59.2,H,P,237
6nk6,E2,381,60.8,H,P,237
6nk6,E2,382,62.4,F,P,237
6nk6,E2,383,65.3,H,P,237
6nk6,E2,384,63.9,H,P,237
6nk6,E2,385,66.6,H,P,237
6nk6,E2,386,68.0,F,P,237
6nk6,E2,387,70.2,H,P,237
6nk6,E2,388,67.6,H,P,237
6nk6,E2,389,72.3,F,P,237
6nk6,E2,390,74.4,H,P,237
6nk6,E2,391,74.2,H,P,237
6nk6,E2,392,75.9,H,P,237
6nk6,E2,393,73.0,F,P,237
6nk6,E2,394,77.7,H,P,237
6nk6,E2,395,77.1,H,P,237
6nk6,E2,396,80.3,F,P,237
6nk6,E2,397,82.2,F,P,237
6nk6,E2,398,82.9,H,P,237
6nk6,E2,399,85.6,H,P,237
6nk6,E2,400,87.6,F,P,237
6nk6,E2,402,89.6,F,P,237
6nk6,E2,403,92.1,H,P,237
6nk6,E2,404,96.4,F,P,237
6nk6,E2,405,95.5,F,P,237
6nk6,E2,406,92.4,F,P,237
6nk6,E2,407,91.9,F,P,237
6nk6,E2,408,87.9,F,P,237
6nk6,E2,409,86.7,F,P,237
6nk6,E2,410,86.9,F,P,237
6nk6,E2,411,84.3,F,P,237
6nk6,E2,412,82.1,F,P,237
6nk6,E2,413,81.7,F,P,237
6nk6,E2,414,80.0,F,P,237
6nk6,E2,415,78.2,F,P,237
6nk6,E2,416,76.4,F,P,237
6nk6,E2,417,75.5,F,P,237
6nk6,E2,418,76.5,F,P,237
6nk6,E2,419,74.8,F,P,237
6nk6,E2,420,79.3,F,P,237
6nk6,E2,421,82.1,F,P,237
6nk6,E2,422,84.9,F,P,237
6nk6,E2,423,87.3,F,P,237
6nk6,E2,501,4.1,F,N,229
6nk7,E1,1,18.3,B,N,237
6nk7,E1,2,16.4,B,N,237
6nk7,E1,3,16.3,B,N,237
6nk7,E1,4,17.5,B,N,237
6nk7,E1,5,16.6,B,N,237
6nk7,E1,6,18.1,B,N,237
6nk7,E1,7,14.7,B,N,237
6nk7,E1,8,18.1,B,N,236
6nk7,E1,9,14.2,B,N,236
6nk7,E1,10,16.2,B,N,236
6nk7,E1,11,13.9,B,N,236
6nk7,E1,12,15.3,B,N,236
6nk7,E1,13,16.8,B,N,240
6nk7,E1,14,17.5,B,N,240
6nk7,E1,15,17.5,B,N,237
6nk7,E1,16,19.8,B,N,237
6nk7,E1,17,18.3,B,N,237
6nk7,E1,18,21.8,B,N,237
6nk7,E1,19,19.1,B,N,237
6nk7,E1,20,23.8,B,N,237
6nk7,E1,21,22.2,B,N,262
6nk7,E1,22,28.0,B,N,237
6nk7,E1,23,28.0,B,N,263
6nk7,E1,24,23.6,B,N,263
6nk7,E1,25,23.9,B,N,262
6nk7,E1,26,23.1,B,N,260
6nk7,E1,27,17.8,B,N,260
6nk7,E1,28,18.5,B,N,260
6nk7,E1,29,15.4,B,N,260
6nk7,E1,30,13.9,B,N,260
6nk7,E1,31,13.1,B,N,237
6nk7,E1,32,11.7,B,N,240
6nk7,E1,33,11.4,B,N,236
6nk7,E1,34,7.3,B,N,240
6nk7,E1,35,6.3,B,N,236
6nk7,E1,36,9.6,B,N,236
6nk7,E1,37,6.2,B,N,236
6nk7,E1,38,10.2,B,N,236
6nk7,E1,39,9.8,B,N,239
6nk7,E1,40,13.7,B,N,239
6nk7,E1,41,16.5,B,N,239
6nk7,E1,42,12.8,B,N,231
6nk7,E1,43,17.3,B,N,231
6nk7,E1,44,17.3,B,N,231
6nk7,E1,45,20.6,B,N,231
6nk7,E1,46,21.0,B,N,231
6nk7,E1,47,18.8,B,N,231
6nk7,E1,49,23.4,B,N,227
6nk7,E1,50,44.1,B,N,301
6nk7,E1,51,44.4,B,N,301
6nk7,E1,52,38.3,B,N,301
6nk7,E1,61,17.8,C,N,52
6nk7,E1,62,14.0,C,N,54
6nk7,E1,63,10.3,C,N,251
6nk7,E1,64,11.8,C,N,251
6nk7,E1,65,11.2,C,N,251
6nk7,E1,66,13.9,C,N,251
6nk7,E1,67,19.8,C,N,257
6nk7,E1,68,18.5,C,N,251
6nk7,E1,69,20.1,C,N,247
6nk7,E1,70,23.7,C,N,247
6nk7,E1,71,22.9,C,N,247
6nk7,E1,72,35.2,C,N,257
6nk7,E1,73,34.1,C,N,257
6nk7,E1,74,28.9,C,N,251
6nk7,E1,75,25.8,C,N,251
6nk7,E1,76,21.6,C,N,247
6nk7,E1,77,19.1,C,N,247
6nk7,E1,78,16.5,C,N,247
6nk7,E1,79,10.3,C,N,247
6nk7,E1,80,10.7,C,N,247
6nk7,E1,81,7.8,C,N,247
6nk7,E1,82,4.3,C,N,251
6nk7,E1,83,3.2,C,N,247
6nk7,E1,84,4.9,C,N,251
6nk7,E1,85,2.6,C,N,250
6nk7,E1,86,5.8,C,N,250
6nk7,E1,87,2.2,C,N,65
6nk7,E1,88,5.2,C,N,65
6nk7,E1,89,3.9,C,N,141
6nk7,E1,90,4.4,C,N,141
6nk7,E1,91,4.7,C,N,141
6nk7,E1,92,6.0,C,N,144
6nk7,E1,93,9.0,C,N,250
6nk7,E1,94,8.3,C,N,250
6nk7,E1,95,7.6,C,N,56
6nk7,E1,96,6.1,C,N,251
6nk7,E1,97,3.1,C,N,251
6nk7,E1,98,3.0,C,N,251
6nk7,E1,99,6.3,C,N,251
6nk7,E1,100,6.8,C,N,251
6nk7,E1,101,8.8,C,N,251
6nk7,E1,102,9.8,C,N,247
6nk7,E1,103,13.0,C,N,247
6nk7,E1,104,12.7,C,N,247
6nk7,E1,105,16.7,C,N,247
6nk7,E1,106,19.4,C,N,247
6nk7,E1,107,22.5,C,N,247
6nk7,E1,108,28.1,C,N,251
6nk7,E1,109,37.9,C,N,257
6nk7,E1,110,25.1,B,N,225
6nk7,E1,111,23.7,B,N,227
6nk7,E1,112,19.2,B,N,229
6nk7,E1,113,18.1,B,N,229
6nk7,E1,114,18.0,B,N,229
6nk7,E1,115,14.5,B,N,229
6nk7,E1,116,12.7,B,N,229
6nk7,E1,117,14.5,B,N,229
6nk7,E1,118,14.8,B,N,229
6nk7,E1,119,19.1,B,N,229
6nk7,E1,120,17.4,B,N,231
6nk7,E1,121,20.6,B,N,231
6nk7,E1,122,15.9,B,N,231
6nk7,E1,123,19.7,B,N,231
6nk7,E1,124,19.4,B,N,239
6nk7,E1,125,18.3,B,N,236
6nk7,E1,126,16.8,B,N,236
6nk7,E1,127,13.8,B,N,236
6nk7,E1,128,9.9,B,N,236
6nk7,E1,129,9.3,B,N,236
6nk7,E1,130,6.1,B,N,236
6nk7,E1,131,4.8,B,N,236
6nk7,E1,132,5.3,B,N,236
6nk7,E1,133,7.3,B,N,237
6nk7,E1,134,8.5,B,N,240
6nk7,E1,135,9.2,B,N,260
6nk7,E1,136,10.3,B,N,260
6nk7,E1,137,10.6,B,N,260
6nk7,E1,138,12.0,B,N,260
6nk7,E1,139,9.3,B,N,260
6nk7,E1,140,7.5,B,N,260
6nk7,E1,141,4.5,B,N,260
6nk7,E1,142,5.9,B,N,260
6nk7,E1,143,4.4,B,N,240
6nk7,E1,144,3.2,B,N,237
6nk7,E1,145,1.8,B,N,237
6nk7,E1,146,3.6,B,N,237
6nk7,E1,147,6.0,B,N,237
6nk7,E1,148,9.2,B,N,237
6nk7,E1,149,9.9,B,N,237
6nk7,E1,150,12.5,B,N,237
6nk7,E1,151,11.6,B,N,237
6nk7,E1,152,6.0,B,N,237
6nk7,E1,153,7.7,B,N,237
6nk7,E1,154,4.2,B,N,237
6nk7,E1,155,6.9,B,N,237
6nk7,E1,156,4.6,B,N,262
6nk7,E1,157,5.8,B,N,262
6nk7,E1,158,8.4,B,N,262
6nk7,E1,159,8.7,B,N,237
6nk7,E1,160,9.7,B,N,237
6nk7,E1,161,4.5,B,N,237
6nk7,E1,162,9.2,B,N,237
6nk7,E1,163,7.9,B,N,237
6nk7,E1,164,11.8,B,N,237
6nk7,E1,165,14.2,B,N,237
6nk7,E1,166,15.3,B,N,236
6nk7,E1,167,18.3,B,N,236
6nk7,E1,168,18.7,B,N,236
6nk7,E1,169,19.4,B,N,236
6nk7,E1,170,18.2,B,N,236
6nk7,E1,171,18.3,B,N,239
6nk7,E1,172,17.4,B,N,239
6nk7,E1,173,15.3,B,N,239
6nk7,E1,174,22.8,B,N,236
6nk7,E1,175,23.1,B,N,231
6nk7,E1,176,23.9,B,N,231
6nk7,E1,177,19.7,B,N,231
6nk7,E1,178,19.9,B,N,231
6nk7,E1,179,16.4,B,N,231
6nk7,E1,180,14.6,B,N,229
6nk7,E1,181,10.7,B,N,229
6nk7,E1,182,12.4,B,N,229
6nk7,E1,183,14.7,B,N,229
6nk7,E1,184,15.8,B,N,231
6nk7,E1,185,20.3,B,N,229
6nk7,E1,186,22.9,B,N,231
6nk7,E1,187,25.0,B,N,231
6nk7,E1,188,27.9,B,N,231
6nk7,E1,189,23.7,B,N,231
6nk7,E1,208,25.6,B,N,64
6nk7,E1,209,19.4,B,N,229
6nk7,E1,210,30.7,B,N,64
6nk7,E1,211,29.2,B,N,227
6nk7,E1,212,31.0,B,N,227
6nk7,E1,214,35.7,C,N,63
6nk7,E1,216,30.5,C,N,63
6nk7,E1,217,26.3,C,N,63
6nk7,E1,218,24.4,C,N,63
6nk7,E1,219,19.5,C,N,247
6nk7,E1,220,16.3,C,N,247
6nk7,E1,221,13.0,C,N,247
6nk7,E1,222,10.9,C,N,247
6nk7,E1,223,3.9,C,N,247
6nk7,E1,224,5.8,C,N,247
6nk7,E1,225,4.0,C,N,247
6nk7,E1,226,2.9,C,N,61
6nk7,E1,227,3.9,C,N,250
6nk7,E1,228,4.6,C,N,61
6nk7,E1,229,7.5,C,N,65
6nk7,E1,230,8.8,C,N,63
6nk7,E1,231,12.9,C,N,65
6nk7,E1,232,11.8,C,N,247
6nk7,E1,233,15.5,C,N,247
6nk7,E1,234,17.5,C,N,247
6nk7,E1,235,17.6,C,N,63
6nk7,E1,236,22.3,C,N,63
6nk7,E1,237,25.5,C,N,63
6nk7,E1,238,26.8,C,N,63
6nk7,E1,250,23.3,B,N,236
6nk7,E1,251,21.0,B,N,236
6nk7,E1,252,17.5,B,N,239
6nk7,E1,260,16.7,B,N,231
6nk7,E1,261,11.7,B,N,239
6nk7,E1,262,8.5,B,N,239
6nk7,E1,263,7.9,B,N,231
6nk7,E1,264,5.8,B,N,231
6nk7,E1,265,6.9,B,N,231
6nk7,E1,266,11.0,B,N,239
6nk7,E1,267,5.2,B,N,239
6nk7,E1,268,10.7,B,N,239
6nk7,E1,269,7.8,B,N,239
6nk7,E1,270,11.2,B,N,236
6nk7,E1,271,14.5,B,N,236
6nk7,E1,272,16.9,B,N,236
6nk7,E1,273,18.2,B,N,236
6nk7,E1,274,19.7,B,N,236
6nk7,E1,275,17.6,B,N,237
6nk7,E1,276,13.4,B,N,236
6nk7,E1,277,13.0,B,N,237
6nk7,E1,278,10.1,B,N,237
6nk7,E1,279,12.0,B,N,237
6nk7,E1,280,10.9,B,N,237
6nk7,E1,281,14.0,B,N,237
6nk7,E1,282,14.0,B,N,262
6nk7,E1,283,15.0,B,N,262
6nk7,E1,284,18.3,B,N,263
6nk7,E1,285,14.8,B,N,263
6nk7,E1,293,27.5,B,N,263
6nk7,E1,294,27.8,B,N,260
6nk7,E1,295,32.0,B,N,260
6nk7,E1,296,30.3,B,N,260
6nk7,E1,297,35.8,B,N,260
6nk7,E1,298,37.2,B,N,260
6nk7,E1,299,35.0,B,N,260
6nk7,E1,300,36.8,B,N,260
6nk7,E1,301,33.8,B,N,260
6nk7,E1,302,35.1,B,N,260
6nk7,E1,303,35.0,B,N,260
6nk7,E1,304,35.1,B,N,260
6nk7,E1,305,35.7,B,N,240
6nk7,E1,306,34.9,B,N,240
6nk7,E1,307,33.1,B,N,240
6nk7,E1,308,33.3,B,N,240
6nk7,E1,309,29.9,B,N,240
6nk7,E1,310,26.7,B,N,240
6nk7,E1,311,24.0,B,N,240
6nk7,E1,312,24.4,B,N,240
6nk7,E1,313,29.7,B,N,240
6nk7,E1,314,30.3,B,N,240
6nk7,E1,315,29.3,B,N,260
6nk7,E1,316,31.0,B,N,260
6nk7,E1,317,33.2,B,N,260
6nk7,E1,318,29.7,B,N,260
6nk7,E1,319,34.7,B,N,260
6nk7,E1,320,29.7,B,N,260
6nk7,E1,321,34.9,B,N,260
6nk7,E1,322,31.7,B,N,260
6nk7,E1,323,33.2,B,N,263
6nk7,E1,324,28.3,B,N,263
6nk7,E1,325,26.7,B,N,45
6nk7,E1,326,24.7,B,N,260
6nk7,E1,327,19.4,B,N,260
6nk7,E1,328,23.1,B,N,260
6nk7,E1,329,23.6,B,N,260
6nk7,E1,330,23.4,B,N,260
6nk7,E1,331,25.0,B,N,260
6nk7,E1,332,26.5,B,N,260
6nk7,E1,333,29.0,B,N,237
6nk7,E1,334,29.3,B,N,237
6nk7,E1,335,28.1,B,N,237
6nk7,E1,336,30.5,B,N,237
6nk7,E1,337,28.0,B,N,240
6nk7,E1,338,25.3,B,N,240
6nk7,E1,339,22.4,B,N,260
6nk7,E1,340,19.4,B,N,260
6nk7,E1,341,20.2,B,N,260
6nk7,E1,342,17.6,B,N,260
6nk7,E1,343,19.5,B,N,260
6nk7,E1,344,21.7,B,N,260
6nk7,E1,345,22.6,B,N,260
6nk7,E1,346,25.6,B,N,260
6nk7,E1,347,26.6,B,N,46
6nk7,E1,348,31.4,B,N,46
6nk7,E1,349,34.7,B,N,46
6nk7,E1,350,32.0,B,N,46
6nk7,E1,351,31.1,B,N,260
6nk7,E1,352,27.2,B,N,260
6nk7,E1,353,26.8,B,N,260
6nk7,E1,354,26.9,B,N,260
6nk7,E1,355,24.0,B,N,260
6nk7,E1,356,28.0,B,N,240
6nk7,E1,357,29.0,B,N,240
6nk7,E1,358,31.5,B,N,240
6nk7,E1,359,32.9,B,N,240
6nk7,E1,360,35.6,B,N,240
6nk7,E1,361,38.9,B,N,240
6nk7,E1,362,39.7,B,N,240
6nk7,E1,363,36.3,B,N,240
6nk7,E1,364,38.3,B,N,237
6nk7,E1,365,31.0,B,N,260
6nk7,E1,366,32.5,B,N,260
6nk7,E1,367,29.2,B,N,260
6nk7,E1,368,27.7,B,N,260
6nk7,E1,369,28.7,B,N,260
6nk7,E1,370,28.2,B,N,260
6nk7,E1,371,29.2,B,N,260
6nk7,E1,372,31.6,B,N,260
6nk7,E1,373,34.1,B,N,260
6nk7,E1,374,33.2,B,N,260
6nk7,E1,375,37.0,B,N,260
6nk7,E1,376,35.9,B,N,260
6nk7,E1,377,39.3,B,N,240
6nk7,E1,378,37.4,B,N,240
6nk7,E1,379,39.5,B,N,240
6nk7,E1,380,36.1,B,N,240
6nk7,E1,381,37.1,B,N,240
6nk7,E1,382,37.9,B,N,240
6nk7,E1,383,34.5,B,N,240
6nk7,E1,385,32.9,B,N,247
6nk7,E1,386,39.2,B,N,62
6nk7,E1,387,34.8,B,N,62
6nk7,E1,388,26.7,B,N,240
6nk7,E1,389,22.5,B,N,246
6nk7,E1,390,21.9,B,N,240
6nk7,E1,391,21.3,B,N,240
6nk7,E1,392,23.8,B,N,240
6nk7,E1,393,23.3,B,N,240
6nk7,E1,394,26.2,B,N,240
6nk7,E1,395,27.9,B,N,240
6nk7,E1,396,25.9,B,N,236
6nk7,E1,397,30.7,B,N,236
6nk7,E1,398,33.8,B,N,236
6nk7,E1,399,37.1,B,N,236
6nk7,E1,400,38.6,B,N,237
6nk7,E1,401,37.2,B,N,236
6nk7,E1,402,39.9,B,N,237
6nk7,E1,403,43.2,B,N,240
6nk7,E1,404,44.1,B,N,240
6nk7,E1,405,47.7,B,N,240
6nk7,E1,406,48.3,B,N,240
6nk7,E1,407,45.7,B,N,237
6nk7,E1,408,50.9,B,N,240
6nk7,E1,409,52.6,B,N,240
6nk7,E1,410,50.4,B,N,237
6nk7,E1,411,51.7,B,N,237
6nk7,E1,412,55.8,B,N,240
6nk7,E1,413,54.4,B,N,236
6nk7,E1,414,55.3,B,N,237
6nk7,E1,415,58.5,B,N,237
6nk7,E1,416,60.9,B,N,237
6nk7,E1,417,62.8,B,N,236
6nk7,E1,418,62.3,B,N,237
6nk7,E1,419,62.9,B,N,237
6nk7,E1,420,66.2,B,N,237
6nk7,E1,421,64.3,B,N,237
6nk7,E1,422,66.6,B,N,237
6nk7,E1,423,69.1,B,N,237
6nk7,E1,424,69.7,B,N,237
6nk7,E1,425,69.2,B,N,237
6nk7,E1,426,72.0,B,N,237
6nk7,E1,427,74.3,B,N,237
6nk7,E1,428,72.2,B,N,237
6nk7,E1,429,74.7,B,N,237
6nk7,E1,430,77.3,B,N,237
6nk7,E1,431,78.1,B,N,237
6nk7,E1,432,76.7,B,N,237
6nk7,E1,433,80.3,B,N,237
6nk7,E1,434,82.9,B,N,237
6nk7,E1,435,81.9,B,N,237
6nk7,E1,436,80.7,B,N,237
6nk7,E1,437,85.8,B,N,237
6nk7,E1,438,88.3,B,N,237
6nk7,E1,439,87.2,B,N,237
6nk7,E1,501,8.5,B,N,260
6nk7,E2,5,8.2,F,N,195
6nk7,E2,6,7.2,F,N,195
6nk7,E2,7,10.3,F,N,195
6nk7,E2,8,12.6,F,N,195
6nk7,E2,9,13.7,F,N,195
6nk7,E2,10,14.1,F,N,195
6nk7,E2,11,23.2,F,N,190
6nk7,E2,12,19.2,G,N,91
6nk7,E2,13,20.2,G,N,91
6nk7,E2,14,16.8,G,N,91
6nk7,E2,15,14.2,G,N,91
6nk7,E2,16,11.3,G,N,65
6nk7,E2,17,9.0,G,N,65
6nk7,E2,18,3.8,G,N,65
6nk7,E2,19,4.5,G,N,65
6nk7,E2,20,4.7,G,N,65
6nk7,E2,21,5.7,G,N,63
6nk7,E2,22,6.5,G,N,66
6nk7,E2,23,7.3,G,N,63
6nk7,E2,24,5.9,G,N,66
6nk7,E2,25,4.4,G,N,63
6nk7,E2,26,2.8,G,N,63
6nk7,E2,27,1.8,G,N,65
6nk7,E2,28,3.4,G,N,65
6nk7,E2,29,2.6,G,N,65
6nk7,E2,30,6.1,G,N,66
6nk7,E2,31,9.4,G,N,66
6nk7,E2,32,9.7,G,N,66
6nk7,E2,33,10.4,G,N,65
6nk7,E2,34,13.4,G,N,65
6nk7,E2,35,15.5,G,N,65
6nk7,E2,36,17.6,G,N,65
6nk7,E2,37,18.3,G,N,63
6nk7,E2,38,16.6,F,N,198
6nk7,E2,39,18.1,F,N,198
6nk7,E2,40,16.8,F,N,198
6nk7,E2,41,13.6,F,N,198
6nk7,E2,42,14.3,F,N,227
6nk7,E2,43,11.8,F,N,198
6nk7,E2,44,15.9,F,N,198
6nk7,E2,45,11.6,F,N,198
6nk7,E2,46,13.7,F,N,198
6nk7,E2,47,13.1,F,N,198
6nk7,E2,48,15.6,F,N,198
6nk7,E2,49,18.1,F,N,198
6nk7,E2,50,18.0,F,N,195
6nk7,E2,51,15.7,G,N,91
6nk7,E2,52,14.9,G,N,91
6nk7,E2,53,13.7,F,N,195
6nk7,E2,54,11.1,F,N,195
6nk7,E2,55,8.5,F,N,195
6nk7,E2,56,9.9,F,N,195
6nk7,E2,57,9.8,G,N,104
6nk7,E2,58,12.3,G,N,97
6nk7,E2,59,10.8,F,N,115
6nk7,E2,60,10.1,F,N,195
6nk7,E2,61,8.5,F,N,195
6nk7,E2,62,5.2,F,N,195
6nk7,E2,63,7.3,F,N,115
6nk7,E2,64,5.4,F,N,195
6nk7,E2,65,6.8,F,N,112
6nk7,E2,66,9.1,G,N,104
6nk7,E2,67,13.3,G,N,104
6nk7,E2,68,19.1,G,N,87
6nk7,E2,69,8.2,G,N,97
6nk7,E2,70,8.7,G,N,97
6nk7,E2,71,3.5,G,N,91
6nk7,E2,72,4.3,G,N,91
6nk7,E2,73,7.0,G,N,97
6nk7,E2,74,3.8,G,N,97
6nk7,E2,75,5.8,G,N,97
6nk7,E2,76,5.9,G,N,97
6nk7,E2,77,7.6,G,N,97
6nk7,E2,78,10.8,G,N,97
6nk7,E2,79,10.7,F,N,95
6nk7,E2,80,7.4,F,N,112
6nk7,E2,81,10.2,F,N,95
6nk7,E2,82,11.4,F,N,95
6nk7,E2,83,23.1,F,N,277
6nk7,E2,85,18.7,F,N,198
6nk7,E2,87,21.1,G,N,63
6nk7,E2,93,22.6,F,N,227
6nk7,E2,94,8.3,F,N,198
6nk7,E2,95,8.6,F,N,198
6nk7,E2,96,9.7,F,N,198
6nk7,E2,97,6.6,F,N,195
6nk7,E2,98,11.5,F,N,195
6nk7,E2,99,16.1,F,N,198
6nk7,E2,100,12.6,F,N,198
6nk7,E2,101,12.9,F,N,198
6nk7,E2,102,8.1,F,N,198
6nk7,E2,103,12.4,F,N,198
6nk7,E2,104,10.8,F,N,64
6nk7,E2,105,16.9,F,N,198
6nk7,E2,106,19.5,F,N,63
6nk7,E2,107,23.5,F,N,198
6nk7,E2,108,25.5,F,N,198
6nk7,E2,109,28.9,G,N,247
6nk7,E2,110,24.3,G,N,227
6nk7,E2,111,25.2,G,N,227
6nk7,E2,112,25.7,G,N,227
6nk7,E2,113,13.5,G,N,66
6nk7,E2,115,8.5,G,N,66
6nk7,E2,116,9.6,G,N,95
6nk7,E2,117,7.0,G,N,91
6nk7,E2,118,6.4,G,N,97
6nk7,E2,119,1.5,G,N,95
6nk7,E2,120,5.6,G,N,95
6nk7,E2,121,4.1,G,N,94
6nk7,E2,122,8.9,G,N,93
6nk7,E2,123,5.7,G,N,66
6nk7,E2,124,9.6,G,N,66
6nk7,E2,125,11.6,G,N,66
6nk7,E2,126,10.9,G,N,63
6nk7,E2,127,11.6,G,N,65
6nk7,E2,128,11.9,G,N,63
6nk7,E2,129,16.4,G,N,63
6nk7,E2,130,19.6,G,N,63
6nk7,E2,131,20.5,F,N,198
6nk7,E2,132,22.3,F,N,198
6nk7,E2,133,20.0,F,N,63
6nk7,E2,134,19.1,F,N,227
6nk7,E2,135,19.3,F,N,62
6nk7,E2,136,14.2,F,N,227
6nk7,E2,137,17.0,F,N,62
6nk7,E2,138,18.4,F,N,62
6nk7,E2,139,17.1,F,N,62
6nk7,E2,143,13.4,F,N,62
6nk7,E2,144,4.6,F,N,63
6nk7,E2,145,7.0,F,N,63
6nk7,E2,146,5.7,F,N,63
6nk7,E2,147,9.0,F,N,63
6nk7,E2,148,8.9,F,N,62
6nk7,E2,149,8.6,F,N,62
6nk7,E2,150,5.6,F,N,227
6nk7,E2,151,8.6,F,N,227
6nk7,E2,152,7.5,F,N,229
6nk7,E2,153,10.1,F,N,227
6nk7,E2,154,12.1,F,N,227
6nk7,E2,155,9.2,F,N,198
6nk7,E2,156,7.3,F,N,198
6nk7,E2,157,5.6,F,N,198
6nk7,E2,158,2.5,F,N,198
6nk7,E2,159,4.6,F,N,196
6nk7,E2,160,4.5,F,N,195
6nk7,E2,161,7.7,F,N,196
6nk7,E2,162,9.6,F,N,196
6nk7,E2,163,11.7,F,N,196
6nk7,E2,164,15.2,F,N,196
6nk7,E2,165,13.1,F,N,196
6nk7,E2,166,18.4,F,N,196
6nk7,E2,167,20.6,F,N,195
6nk7,E2,168,20.1,G,N,65
6nk7,E2,169,22.5,G,N,91
6nk7,E2,170,18.0,G,N,65
6nk7,E2,171,19.0,G,N,65
6nk7,E2,172,17.3,G,N,91
6nk7,E2,173,14.3,G,N,65
6nk7,E2,174,13.1,G,N,65
6nk7,E2,175,9.8,G,N,91
6nk7,E2,176,7.3,G,N,141
6nk7,E2,177,8.2,G,N,141
6nk7,E2,178,6.5,G,N,139
6nk7,E2,179,4.3,G,N,139
6nk7,E2,180,2.0,G,N,84
6nk7,E2,181,5.6,G,N,84
6nk7,E2,182,5.4,G,N,84
6nk7,E2,183,6.9,G,N,146
6nk7,E2,184,8.1,G,N,84
6nk7,E2,185,10.7,G,N,169
6nk7,E2,186,10.6,G,N,57
6nk7,E2,187,10.9,G,N,84
6nk7,E2,188,9.7,G,N,84
6nk7,E2,189,5.2,G,N,83
6nk7,E2,190,6.4,G,N,84
6nk7,E2,191,2.9,G,N,84
6nk7,E2,192,6.0,G,N,84
6nk7,E2,193,3.3,G,N,84
6nk7,E2,194,7.4,G,N,84
6nk7,E2,195,8.1,G,N,86
6nk7,E2,196,11.8,G,N,83
6nk7,E2,197,10.1,G,N,84
6nk7,E2,198,14.1,G,N,84
6nk7,E2,199,12.5,G,N,83
6nk7,E2,200,12.0,G,N,56
6nk7,E2,201,14.2,G,N,52
6nk7,E2,202,8.9,G,N,52
6nk7,E2,203,17.7,G,N,84
6nk7,E2,204,18.6,G,N,83
6nk7,E2,205,15.9,G,N,83
6nk7,E2,206,15.6,G,N,83
6nk7,E2,207,16.1,G,N,56
6nk7,E2,208,16.2,G,N,56
6nk7,E2,209,15.3,G,N,83
6nk7,E2,210,12.7,G,N,83
6nk7,E2,211,8.3,G,N,83
6nk7,E2,212,5.9,G,N,83
6nk7,E2,213,3.5,G,N,83
6nk7,E2,214,3.8,G,N,83
6nk7,E2,215,7.2,G,N,83
6nk7,E2,216,9.3,G,N,83
6nk7,E2,217,12.5,G,N,84
6nk7,E2,218,13.6,G,N,57
6nk7,E2,219,11.8,G,N,57
6nk7,E2,220,8.5,G,N,57
6nk7,E2,221,5.1,G,N,57
6nk7,E2,222,3.6,G,N,57
6nk7,E2,223,3.9,G,N,56
6nk7,E2,224,6.6,G,N,57
6nk7,E2,225,8.6,G,N,56
6nk7,E2,226,10.8,G,N,56
6nk7,E2,227,10.4,G,N,84
6nk7,E2,228,13.0,G,N,141
6nk7,E2,229,11.5,G,N,84
6nk7,E2,230,16.0,G,N,84
6nk7,E2,231,13.5,G,N,99
6nk7,E2,232,17.5,G,N,97
6nk7,E2,233,14.7,G,N,97
6nk7,E2,234,9.1,G,N,97
6nk7,E2,235,13.6,G,N,97
6nk7,E2,236,12.9,G,N,91
6nk7,E2,237,15.9,G,N,91
6nk7,E2,238,10.6,G,N,65
6nk7,E2,239,12.9,G,N,65
6nk7,E2,240,15.7,G,N,65
6nk7,E2,241,10.8,G,N,65
6nk7,E2,242,11.4,G,N,65
6nk7,E2,243,11.8,G,N,65
6nk7,E2,244,16.5,G,N,65
6nk7,E2,245,18.4,G,N,65
6nk7,E2,246,24.2,G,N,91
6nk7,E2,247,23.7,G,N,91
6nk7,E2,248,29.0,G,N,83
6nk7,E2,251,25.6,G,N,83
6nk7,E2,252,35.2,F,N,301
6nk7,E2,253,30.5,G,N,89
6nk7,E2,254,19.7,F,N,195
6nk7,E2,255,15.2,F,N,195
6nk7,E2,256,12.2,F,N,195
6nk7,E2,257,13.2,F,N,196
6nk7,E2,258,10.8,F,N,195
6nk7,E2,259,7.3,F,N,198
6nk7,E2,260,8.6,F,N,196
6nk7,E2,261,10.7,F,N,196
6nk7,E2,262,8.5,F,N,201
6nk7,E2,263,7.5,F,N,227
6nk7,E2,264,6.8,F,N,227
6nk7,E2,265,5.4,F,N,227
6nk7,E2,266,7.6,F,N,227
6nk7,E2,267,6.2,F,N,62
6nk7,E2,268,9.5,F,N,62
6nk7,E2,269,12.0,F,N,62
6nk7,E2,270,10.4,F,N,62
6nk7,E2,271,17.4,F,N,63
6nk7,E2,287,28.4,F,N,63
6nk7,E2,288,24.5,F,N,63
6nk7,E2,289,23.7,F,N,63
6nk7,E2,290,18.3,F,N,63
6nk7,E2,291,19.0,F,N,63
6nk7,E2,292,23.6,F,N,63
6nk7,E2,293,21.7,F,N,62
6nk7,E2,294,24.4,F,N,62
6nk7,E2,295,26.6,F,N,62
6nk7,E2,296,26.5,F,N,228
6nk7,E2,297,27.4,F,N,239
6nk7,E2,298,19.3,F,N,239
6nk7,E2,299,24.9,F,N,239
6nk7,E2,300,22.4,F,N,239
6nk7,E2,301,24.1,F,N,236
6nk7,E2,302,26.2,F,N,236
6nk7,E2,303,26.7,F,N,239
6nk7,E2,304,25.5,F,N,239
6nk7,E2,305,28.5,F,N,239
6nk7,E2,306,26.9,F,N,239
6nk7,E2,307,29.7,F,N,229
6nk7,E2,308,27.3,F,N,229
6nk7,E2,309,28.6,F,N,62
6nk7,E2,310,26.1,F,N,62
6nk7,E2,311,27.0,F,N,63
6nk7,E2,312,27.2,F,N,63
6nk7,E2,313,29.2,F,N,63
6nk7,E2,314,26.6,F,N,63
6nk7,E2,315,31.0,F,N,63
6nk7,E2,316,34.4,F,N,62
6nk7,E2,317,33.1,F,N,62
6nk7,E2,318,35.5,F,N,246
6nk7,E2,319,33.0,F,N,246
6nk7,E2,320,33.3,F,N,239
6nk7,E2,321,31.6,F,N,239
6nk7,E2,322,30.7,F,N,239
6nk7,E2,323,29.8,F,N,236
6nk7,E2,324,25.2,F,N,239
6nk7,E2,325,27.6,F,N,239
6nk7,E2,326,26.2,F,N,239
6nk7,E2,327,22.8,F,N,239
6nk7,E2,328,23.7,F,N,246
6nk7,E2,329,21.6,F,N,228
6nk7,E2,330,21.6,F,N,62
6nk7,E2,331,19.8,F,N,62
6nk7,E2,332,14.9,F,N,62
6nk7,E2,333,17.0,F,N,62
6nk7,E2,334,16.2,F,N,246
6nk7,E2,335,19.5,F,N,246
6nk7,E2,336,19.0,F,N,246
6nk7,E2,337,19.8,F,N,246
6nk7,E2,338,24.4,F,N,246
6nk7,E2,339,22.5,F,N,240
6nk7,E2,340,30.4,F,N,240
6nk7,E2,341,30.6,F,N,240
6nk7,E2,342,34.5,F,N,240
6nk7,E2,343,37.0,F,N,240
6nk7,E2,344,36.6,F,N,240
6nk7,E2,345,39.0,F,N,240
6nk7,E2,346,43.0,F,N,240
6nk7,E2,347,43.3,F,N,240
6nk7,E2,348,46.9,F,N,240
6nk7,E2,349,48.6,F,N,240
6nk7,E2,350,52.0,F,N,240
6nk7,E2,351,55.7,F,N,240
6nk7,E2,352,54.8,F,N,240
6nk7,E2,353,52.3,F,N,240
6nk7,E2,354,49.1,F,N,240
6nk7,E2,355,48.0,F,N,240
6nk7,E2,356,47.3,F,N,240
6nk7,E2,357,45.0,F,N,240
6nk7,E2,358,43.3,F,N,240
6nk7,E2,359,43.2,F,N,240
6nk7,E2,360,41.8,F,N,240
6nk7,E2,361,39.5,F,N,240
6nk7,E2,362,40.7,F,N,236
6nk7,E2,363,35.5,F,N,236
6nk7,E2,364,40.6,F,N,236
6nk7,E2,365,43.3,F,N,236
6nk7,E2,366,38.4,F,N,236
6nk7,E2,367,42.4,F,N,236
6nk7,E2,368,45.9,F,N,236
6nk7,E2,369,47.8,F,N,236
6nk7,E2,370,46.5,F,N,236
6nk7,E2,371,49.6,F,N,236
6nk7,E2,372,52.3,F,N,236
6nk7,E2,373,51.6,F,N,236
6nk7,E2,374,53.2,F,N,236
6nk7,E2,375,55.7,F,N,236
6nk7,E2,376,56.5,F,N,236
6nk7,E2,377,56.3,F,N,236
6nk7,E2,378,58.5,F,N,236
6nk7,E2,379,61.4,F,N,236
6nk7,E2,380,61.2,F,N,236
6nk7,E2,381,62.4,F,N,237
6nk7,E2,382,64.9,F,N,236
6nk7,E2,383,66.9,F,N,236
6nk7,E2,384,66.0,F,N,237
6nk7,E2,385,68.5,F,N,237
6nk7,E2,386,70.9,F,N,236
6nk7,E2,387,72.2,F,N,236
6nk7,E2,388,71.1,F,N,237
6nk7,E2,389,74.1,F,N,237
6nk7,E2,390,76.2,F,N,236
6nk7,E2,391,75.5,F,N,237
6nk7,E2,392,77.1,F,N,237
6nk7,E2,393,79.5,F,N,237
6nk7,E2,394,81.6,F,N,237
6nk7,E2,395,79.1,F,N,237
6nk7,E2,396,82.4,F,N,237
6nk7,E2,397,85.1,F,N,237
6nk7,E2,398,85.2,F,N,237
6nk7,E2,399,86.6,F,N,237
6nk7,E2,400,90.2,F,N,237
6nk7,E2,401,90.7,F,N,237
6nk7,E2,402,93.5,F,N,237
6nk7,E2,403,95.2,F,N,237
6nk7,E2,404,99.2,F,N,237
6nk7,E2,405,99.7,F,N,237
6nk7,E2,406,97.9,F,N,237
6nk7,E2,407,95.9,F,N,237
6nk7,E2,408,91.9,F,N,237
6nk7,E2,409,92.4,F,N,237
6nk7,E2,410,88.3,F,N,237
6nk7,E2,411,87.2,F,N,237
6nk7,E2,412,88.8,F,N,237
6nk7,E2,413,88.3,F,N,237
6nk7,E2,414,84.5,F,N,237
6nk7,E2,415,83.6,F,N,237
6nk7,E2,416,83.8,F,N,237
6nk7,E2,417,86.2,F,N,237
6nk7,E2,418,88.6,F,N,237
6nk7,E2,419,92.0,F,N,236
6nk7,E2,420,89.9,F,N,236
6nk7,E2,421,94.2,F,N,236
6nk7,E2,422,95.9,E,N,236
6nk7,E2,423,95.2,E,N,236
6nk7,E3,5,24.2,W,N,216
6nk7,E3,6,23.0,W,N,190
6nk7,E3,7,26.6,W,N,190
6nk7,E3,8,25.2,W,N,190
6nk7,E3,9,29.6,W,N,190
6nk7,E3,10,29.3,W,N,195
6nk7,E3,11,33.8,W,N,195
6nk7,E3,12,34.5,V,N,83
6nk7,E3,13,32.1,W,N,190
6nk7,E3,14,30.4,W,N,190
6nk7,E3,15,26.8,W,N,190
6nk7,E3,16,24.6,W,N,190
6nk7,E3,17,20.9,W,N,190
6nk7,E3,18,19.1,W,N,190
6nk7,E3,19,22.2,W,N,190
6nk7,E3,20,21.7,W,N,190
6nk7,E3,21,25.9,W,N,190
6nk7,E3,22,22.0,W,N,188
6nk7,E3,23,20.5,W,N,188
6nk7,E3,24,17.0,W,N,188
6nk7,E3,25,15.5,W,N,188
6nk7,E3,26,20.2,W,N,195
6nk7,E3,27,17.1,V,N,97
6nk7,E3,28,16.9,W,N,195
6nk7,E3,29,19.7,W,N,188
6nk7,E3,30,22.6,V,N,83
6nk7,E3,31,20.1,V,N,97
6nk7,E3,32,19.4,V,N,83
6nk7,E3,33,25.7,V,N,83
6nk7,E3,34,25.1,V,N,97
6nk7,E3,35,22.9,V,N,97
6nk7,E3,36,25.2,V,N,83
6nk7,E3,37,23.3,W,N,195
6nk7,E3,38,22.0,W,N,195
6nk7,E3,39,27.2,V,N,65
6nk7,E3,40,29.0,W,N,195
6nk7,E3,41,25.0,W,N,195
6nk7,E3,42,25.0,W,N,196
6nk7,E3,43,25.6,W,N,196
6nk7,E3,44,22.8,W,N,195
6nk7,E3,45,20.1,W,N,196
6nk7,E3,46,20.9,W,N,190
6nk7,E3,47,20.2,W,N,195
6nk7,E3,48,16.8,W,N,195
6nk7,E3,49,17.0,W,N,190
6nk7,E3,50,18.8,W,N,195
6nk7,E3,51,15.5,W,N,195
6nk7,E3,52,12.2,W,N,190
6nk7,E3,53,16.0,W,N,190
6nk7,E3,54,16.2,W,N,195
6nk7,E3,55,12.3,W,N,195
6nk7,E3,56,9.6,W,N,195
6nk7,E3,57,11.7,W,N,188
6nk7,E3,58,10.9,W,N,188
6nk7,E3,59,12.9,W,N,188
6nk7,E3,60,16.1,W,N,188
6nk7,E3,61,13.2,W,N,301
6nk7,E3,62,9.4,W,N,188
6nk7,E3,63,7.2,W,N,188
6nk7,E3,64,5.7,W,N,195
