cell,timepoint,virus,replicate,titer
293T-Mxra8,12,unmutated,1,507800.0
293T-Mxra8,12,unmutated,2,443100.0
293T-Mxra8,12,unmutated,3,484800.0
293T-Mxra8,12,E2_A157S,1,431800.0
293T-Mxra8,12,E2_A157S,2,401200.0
293T-Mxra8,12,E2_A157S,3,409600.0
293T-Mxra8,12,E2_A157S_Q158T,1,506600.0
293T-Mxra8,12,E2_A157S_Q158T,2,516300.0
293T-Mxra8,12,E2_A157S_Q158T,3,478700.0
293T-Mxra8,12,E2_A157S_Q158V,1,515900.0
293T-Mxra8,12,E2_A157S_Q158V,2,534600.0
293T-Mxra8,12,E2_A157S_Q158V,3,472400.0
293T-Mxra8,12,E2_I121E,1,11850.0
293T-Mxra8,12,E2_I121E,2,11210.0
293T-Mxra8,12,E2_I121E,3,17080.0
293T-Mxra8,12,E2_K120D,1,29640.0
293T-Mxra8,12,E2_K120D,2,29830.0
293T-Mxra8,12,E2_K120D,3,26180.0
293T-Mxra8,12,E2_K120D_I121E,1,120.8
293T-Mxra8,12,E2_K120D_I121E,2,1013.0
293T-Mxra8,12,E2_K120D_I121E,3,385.8
293T-Mxra8,12,E2_Q158T,1,552900.0
293T-Mxra8,12,E2_Q158T,2,553300.0
293T-Mxra8,12,E2_Q158T,3,539800.0
293T-Mxra8,12,E2_Q158V,1,541900.0
293T-Mxra8,12,E2_Q158V,2,516800.0
293T-Mxra8,12,E2_Q158V,3,551800.0
293T-Mxra8,12,E2_R119K,1,630.9
293T-Mxra8,12,E2_R119K,2,1565.0
293T-Mxra8,12,E2_R119K,3,502.1
293T-Mxra8,12,E2_R119K_I121E,1,885.1
293T-Mxra8,12,E2_R119K_I121E,2,2872.0
293T-Mxra8,12,E2_R119K_I121E,3,1267.0
293T-Mxra8,12,E2_R119K_K120D,1,187.7
293T-Mxra8,12,E2_R119K_K120D,2,1078.0
293T-Mxra8,12,E2_R119K_K120D,3,833.0
293T-Mxra8,24,unmutated,1,24710000.0
293T-Mxra8,24,unmutated,2,26360000.0
293T-Mxra8,24,unmutated,3,23650000.0
293T-Mxra8,24,E2_A157S,1,23500000.0
293T-Mxra8,24,E2_A157S,2,21360000.0
293T-Mxra8,24,E2_A157S,3,20320000.0
293T-Mxra8,24,E2_A157S_Q158T,1,28240000.0
293T-Mxra8,24,E2_A157S_Q158T,2,25220000.0
293T-Mxra8,24,E2_A157S_Q158T,3,26020000.0
293T-Mxra8,24,E2_A157S_Q158V,1,25930000.0
293T-Mxra8,24,E2_A157S_Q158V,2,25760000.0
293T-Mxra8,24,E2_A157S_Q158V,3,24280000.0
293T-Mxra8,24,E2_I121E,1,866000.0
293T-Mxra8,24,E2_I121E,2,748400.0
293T-Mxra8,24,E2_I121E,3,790100.0
293T-Mxra8,24,E2_K120D,1,2258000.0
293T-Mxra8,24,E2_K120D,2,2375000.0
293T-Mxra8,24,E2_K120D,3,2125000.0
293T-Mxra8,24,E2_K120D_I121E,1,19070.0
293T-Mxra8,24,E2_K120D_I121E,2,23050.0
293T-Mxra8,24,E2_K120D_I121E,3,5236.0
293T-Mxra8,24,E2_Q158T,1,26850000.0
293T-Mxra8,24,E2_Q158T,2,28380000.0
293T-Mxra8,24,E2_Q158T,3,27280000.0
293T-Mxra8,24,E2_Q158V,1,25690000.0
293T-Mxra8,24,E2_Q158V,2,24390000.0
293T-Mxra8,24,E2_Q158V,3,25220000.0
293T-Mxra8,24,E2_R119K,1,10400.0
293T-Mxra8,24,E2_R119K,2,12550.0
293T-Mxra8,24,E2_R119K,3,31170.0
293T-Mxra8,24,E2_R119K_I121E,1,32510.0
293T-Mxra8,24,E2_R119K_I121E,2,26690.0
293T-Mxra8,24,E2_R119K_I121E,3,14770.0
293T-Mxra8,24,E2_R119K_K120D,1,8366.0
293T-Mxra8,24,E2_R119K_K120D,2,15020.0
293T-Mxra8,24,E2_R119K_K120D,3,9235.0
293T-Mxra8,30,unmutated,1,52840000.0
293T-Mxra8,30,unmutated,2,52650000.0
293T-Mxra8,30,unmutated,3,50900000.0
293T-Mxra8,30,E2_A157S,1,49540000.0
293T-Mxra8,30,E2_A157S,2,50560000.0
293T-Mxra8,30,E2_A157S,3,48740000.0
293T-Mxra8,30,E2_A157S_Q158T,1,52870000.0
293T-Mxra8,30,E2_A157S_Q158T,2,52050000.0
293T-Mxra8,30,E2_A157S_Q158T,3,50150000.0
293T-Mxra8,30,E2_A157S_Q158V,1,51360000.0
293T-Mxra8,30,E2_A157S_Q158V,2,51860000.0
293T-Mxra8,30,E2_A157S_Q158V,3,50050000.0
293T-Mxra8,30,E2_I121E,1,5248000.0
293T-Mxra8,30,E2_I121E,2,5435000.0
293T-Mxra8,30,E2_I121E,3,7331000.0
293T-Mxra8,30,E2_K120D,1,11720000.0
293T-Mxra8,30,E2_K120D,2,13820000.0
293T-Mxra8,30,E2_K120D,3,10440000.0
293T-Mxra8,30,E2_K120D_I121E,1,77310.0
293T-Mxra8,30,E2_K120D_I121E,2,26960.0
293T-Mxra8,30,E2_K120D_I121E,3,35720.0
293T-Mxra8,30,E2_Q158T,1,53170000.0
293T-Mxra8,30,E2_Q158T,2,52880000.0
293T-Mxra8,30,E2_Q158T,3,54010000.0
293T-Mxra8,30,E2_Q158V,1,49800000.0
293T-Mxra8,30,E2_Q158V,2,46440000.0
293T-Mxra8,30,E2_Q158V,3,52950000.0
293T-Mxra8,30,E2_R119K,1,430900.0
293T-Mxra8,30,E2_R119K,2,826900.0
293T-Mxra8,30,E2_R119K,3,545600.0
293T-Mxra8,30,E2_R119K_I121E,1,15210.0
293T-Mxra8,30,E2_R119K_I121E,2,61830.0
293T-Mxra8,30,E2_R119K_I121E,3,216700.0
293T-Mxra8,30,E2_R119K_K120D,1,43880.0
293T-Mxra8,30,E2_R119K_K120D,2,55070.0
293T-Mxra8,30,E2_R119K_K120D,3,70370.0
293T-Mxra8,48,unmutated,1,21820000.0
293T-Mxra8,48,unmutated,2,21710000.0
293T-Mxra8,48,unmutated,3,22390000.0
293T-Mxra8,48,E2_A157S,1,23390000.0
293T-Mxra8,48,E2_A157S,2,22550000.0
293T-Mxra8,48,E2_A157S,3,24050000.0
293T-Mxra8,48,E2_A157S_Q158T,1,20140000.0
293T-Mxra8,48,E2_A157S_Q158T,2,18510000.0
293T-Mxra8,48,E2_A157S_Q158T,3,19370000.0
293T-Mxra8,48,E2_A157S_Q158V,1,21890000.0
293T-Mxra8,48,E2_A157S_Q158V,2,20230000.0
293T-Mxra8,48,E2_A157S_Q158V,3,20760000.0
293T-Mxra8,48,E2_I121E,1,59960000.0
293T-Mxra8,48,E2_I121E,2,58110000.0
293T-Mxra8,48,E2_I121E,3,60330000.0
293T-Mxra8,48,E2_K120D,1,60460000.0
293T-Mxra8,48,E2_K120D,2,59150000.0
293T-Mxra8,48,E2_K120D,3,57390000.0
293T-Mxra8,48,E2_K120D_I121E,1,1368000.0
293T-Mxra8,48,E2_K120D_I121E,2,2412000.0
293T-Mxra8,48,E2_K120D_I121E,3,1586000.0
293T-Mxra8,48,E2_Q158T,1,19550000.0
293T-Mxra8,48,E2_Q158T,2,17120000.0
293T-Mxra8,48,E2_Q158T,3,16690000.0
293T-Mxra8,48,E2_Q158V,1,20250000.0
293T-Mxra8,48,E2_Q158V,2,18650000.0
293T-Mxra8,48,E2_Q158V,3,19100000.0
293T-Mxra8,48,E2_R119K,1,39610000.0
293T-Mxra8,48,E2_R119K,2,40550000.0
293T-Mxra8,48,E2_R119K,3,29720000.0
293T-Mxra8,48,E2_R119K_I121E,1,1981000.0
293T-Mxra8,48,E2_R119K_I121E,2,4142000.0
293T-Mxra8,48,E2_R119K_I121E,3,3779000.0
293T-Mxra8,48,E2_R119K_K120D,1,102000.0
293T-Mxra8,48,E2_R119K_K120D,2,580900.0
293T-Mxra8,48,E2_R119K_K120D,3,3488000.0
293T-TIM1,12,unmutated,1,83920.0
293T-TIM1,12,unmutated,2,99540.0
293T-TIM1,12,unmutated,3,85290.0
293T-TIM1,12,E2_A157S,1,84450.0
293T-TIM1,12,E2_A157S,2,73140.0
293T-TIM1,12,E2_A157S,3,73160.0
293T-TIM1,12,E2_A157S_Q158T,1,122000.0
293T-TIM1,12,E2_A157S_Q158T,2,112400.0
293T-TIM1,12,E2_A157S_Q158T,3,103300.0
293T-TIM1,12,E2_A157S_Q158V,1,100500.0
293T-TIM1,12,E2_A157S_Q158V,2,91190.0
293T-TIM1,12,E2_A157S_Q158V,3,72850.0
293T-TIM1,12,E2_I121E,1,98950.0
293T-TIM1,12,E2_I121E,2,83320.0
293T-TIM1,12,E2_I121E,3,70540.0
293T-TIM1,12,E2_K120D,1,96190.0
293T-TIM1,12,E2_K120D,2,74970.0
293T-TIM1,12,E2_K120D,3,66920.0
293T-TIM1,12,E2_K120D_I121E,1,103500.0
293T-TIM1,12,E2_K120D_I121E,2,82580.0
293T-TIM1,12,E2_K120D_I121E,3,80230.0
293T-TIM1,12,E2_Q158T,1,110100.0
293T-TIM1,12,E2_Q158T,2,115700.0
293T-TIM1,12,E2_Q158T,3,108100.0
293T-TIM1,12,E2_Q158V,1,88530.0
293T-TIM1,12,E2_Q158V,2,97060.0
293T-TIM1,12,E2_Q158V,3,104400.0
293T-TIM1,12,E2_R119K,1,50050.0
293T-TIM1,12,E2_R119K,2,60990.0
293T-TIM1,12,E2_R119K,3,59970.0
293T-TIM1,12,E2_R119K_I121E,1,50780.0
293T-TIM1,12,E2_R119K_I121E,2,54260.0
293T-TIM1,12,E2_R119K_I121E,3,60630.0
293T-TIM1,12,E2_R119K_K120D,1,67610.0
293T-TIM1,12,E2_R119K_K120D,2,81240.0
293T-TIM1,12,E2_R119K_K120D,3,73420.0
293T-TIM1,24,unmutated,1,11210000.0
293T-TIM1,24,unmutated,2,8273000.0
293T-TIM1,24,unmutated,3,10050000.0
293T-TIM1,24,E2_A157S,1,8004000.0
293T-TIM1,24,E2_A157S,2,7793000.0
293T-TIM1,24,E2_A157S,3,6647000.0
293T-TIM1,24,E2_A157S_Q158T,1,10820000.0
293T-TIM1,24,E2_A157S_Q158T,2,10370000.0
293T-TIM1,24,E2_A157S_Q158T,3,10210000.0
293T-TIM1,24,E2_A157S_Q158V,1,9399000.0
293T-TIM1,24,E2_A157S_Q158V,2,8256000.0
293T-TIM1,24,E2_A157S_Q158V,3,8890000.0
293T-TIM1,24,E2_I121E,1,8960000.0
293T-TIM1,24,E2_I121E,2,7814000.0
293T-TIM1,24,E2_I121E,3,7180000.0
293T-TIM1,24,E2_K120D,1,7476000.0
293T-TIM1,24,E2_K120D,2,7054000.0
293T-TIM1,24,E2_K120D,3,6322000.0
293T-TIM1,24,E2_K120D_I121E,1,7932000.0
293T-TIM1,24,E2_K120D_I121E,2,8119000.0
293T-TIM1,24,E2_K120D_I121E,3,7119000.0
293T-TIM1,24,E2_Q158T,1,11070000.0
293T-TIM1,24,E2_Q158T,2,10100000.0
293T-TIM1,24,E2_Q158T,3,11750000.0
293T-TIM1,24,E2_Q158V,1,7821000.0
293T-TIM1,24,E2_Q158V,2,9236000.0
293T-TIM1,24,E2_Q158V,3,8850000.0
293T-TIM1,24,E2_R119K,1,5385000.0
293T-TIM1,24,E2_R119K,2,6132000.0
293T-TIM1,24,E2_R119K,3,4958000.0
293T-TIM1,24,E2_R119K_I121E,1,5397000.0
293T-TIM1,24,E2_R119K_I121E,2,4950000.0
293T-TIM1,24,E2_R119K_I121E,3,5102000.0
293T-TIM1,24,E2_R119K_K120D,1,7136000.0
293T-TIM1,24,E2_R119K_K120D,2,6875000.0
293T-TIM1,24,E2_R119K_K120D,3,6912000.0
293T-TIM1,30,unmutated,1,42920000.0
293T-TIM1,30,unmutated,2,42560000.0
293T-TIM1,30,unmutated,3,42650000.0
293T-TIM1,30,E2_A157S,1,39620000.0
293T-TIM1,30,E2_A157S,2,37730000.0
293T-TIM1,30,E2_A157S,3,39630000.0
293T-TIM1,30,E2_A157S_Q158T,1,42140000.0
293T-TIM1,30,E2_A157S_Q158T,2,41470000.0
293T-TIM1,30,E2_A157S_Q158T,3,38550000.0
293T-TIM1,30,E2_A157S_Q158V,1,40690000.0
293T-TIM1,30,E2_A157S_Q158V,2,37720000.0
293T-TIM1,30,E2_A157S_Q158V,3,37860000.0
293T-TIM1,30,E2_I121E,1,36760000.0
293T-TIM1,30,E2_I121E,2,35950000.0
293T-TIM1,30,E2_I121E,3,34160000.0
293T-TIM1,30,E2_K120D,1,34670000.0
293T-TIM1,30,E2_K120D,2,36690000.0
293T-TIM1,30,E2_K120D,3,32610000.0
293T-TIM1,30,E2_K120D_I121E,1,38270000.0
293T-TIM1,30,E2_K120D_I121E,2,34730000.0
293T-TIM1,30,E2_K120D_I121E,3,32170000.0
293T-TIM1,30,E2_Q158T,1,41620000.0
293T-TIM1,30,E2_Q158T,2,41570000.0
293T-TIM1,30,E2_Q158T,3,43870000.0
293T-TIM1,30,E2_Q158V,1,39700000.0
293T-TIM1,30,E2_Q158V,2,38160000.0
293T-TIM1,30,E2_Q158V,3,39840000.0
293T-TIM1,30,E2_R119K,1,31660000.0
293T-TIM1,30,E2_R119K,2,33070000.0
293T-TIM1,30,E2_R119K,3,35020000.0
293T-TIM1,30,E2_R119K_I121E,1,24000000.0
293T-TIM1,30,E2_R119K_I121E,2,27160000.0
293T-TIM1,30,E2_R119K_I121E,3,30040000.0
293T-TIM1,30,E2_R119K_K120D,1,32990000.0
293T-TIM1,30,E2_R119K_K120D,2,36090000.0
293T-TIM1,30,E2_R119K_K120D,3,36300000.0
293T-TIM1,48,unmutated,1,23960000.0
293T-TIM1,48,unmutated,2,25070000.0
293T-TIM1,48,unmutated,3,24360000.0
293T-TIM1,48,E2_A157S,1,23470000.0
293T-TIM1,48,E2_A157S,2,23520000.0
293T-TIM1,48,E2_A157S,3,22570000.0
293T-TIM1,48,E2_A157S_Q158T,1,19660000.0
293T-TIM1,48,E2_A157S_Q158T,2,20800000.0
293T-TIM1,48,E2_A157S_Q158T,3,20010000.0
293T-TIM1,48,E2_A157S_Q158V,1,21770000.0
293T-TIM1,48,E2_A157S_Q158V,2,22100000.0
293T-TIM1,48,E2_A157S_Q158V,3,21410000.0
293T-TIM1,48,E2_I121E,1,24550000.0
293T-TIM1,48,E2_I121E,2,27460000.0
293T-TIM1,48,E2_I121E,3,26280000.0
293T-TIM1,48,E2_K120D,1,23560000.0
293T-TIM1,48,E2_K120D,2,25970000.0
293T-TIM1,48,E2_K120D,3,22810000.0
293T-TIM1,48,E2_K120D_I121E,1,26450000.0
293T-TIM1,48,E2_K120D_I121E,2,25170000.0
293T-TIM1,48,E2_K120D_I121E,3,22640000.0
293T-TIM1,48,E2_Q158T,1,20750000.0
293T-TIM1,48,E2_Q158T,2,18980000.0
293T-TIM1,48,E2_Q158T,3,18650000.0
293T-TIM1,48,E2_Q158V,1,21230000.0
293T-TIM1,48,E2_Q158V,2,20400000.0
293T-TIM1,48,E2_Q158V,3,18810000.0
293T-TIM1,48,E2_R119K,1,26690000.0
293T-TIM1,48,E2_R119K,2,23820000.0
293T-TIM1,48,E2_R119K,3,21950000.0
293T-TIM1,48,E2_R119K_I121E,1,28820000.0
293T-TIM1,48,E2_R119K_I121E,2,27670000.0
293T-TIM1,48,E2_R119K_I121E,3,25400000.0
293T-TIM1,48,E2_R119K_K120D,1,25270000.0
293T-TIM1,48,E2_R119K_K120D,2,22750000.0
293T-TIM1,48,E2_R119K_K120D,3,21960000.0
C6/36,12,unmutated,1,37550.0
C6/36,12,unmutated,2,43320.0
C6/36,12,unmutated,3,38990.0
C6/36,12,E2_A157S,1,505.8
C6/36,12,E2_A157S,2,842.7
C6/36,12,E2_A157S,3,211.0
C6/36,12,E2_A157S_Q158T,1,-8.229
C6/36,12,E2_A157S_Q158T,2,55.68
C6/36,12,E2_A157S_Q158T,3,48.14
C6/36,12,E2_A157S_Q158V,1,7.083
C6/36,12,E2_A157S_Q158V,2,19.56
C6/36,12,E2_A157S_Q158V,3,67.41
C6/36,12,E2_I121E,1,50270.0
C6/36,12,E2_I121E,2,51140.0
C6/36,12,E2_I121E,3,47750.0
C6/36,12,E2_K120D,1,56100.0
C6/36,12,E2_K120D,2,48360.0
C6/36,12,E2_K120D,3,53880.0
C6/36,12,E2_K120D_I121E,1,59250.0
C6/36,12,E2_K120D_I121E,2,66580.0
C6/36,12,E2_K120D_I121E,3,63680.0
C6/36,12,E2_Q158T,1,47.12
C6/36,12,E2_Q158T,2,13.15
C6/36,12,E2_Q158T,3,49.82
C6/36,12,E2_Q158V,1,294.3
C6/36,12,E2_Q158V,2,11.6
C6/36,12,E2_Q158V,3,47.52
C6/36,12,E2_R119K,1,36040.0
C6/36,12,E2_R119K,2,39750.0
C6/36,12,E2_R119K,3,40390.0
C6/36,12,E2_R119K_I121E,1,36860.0
C6/36,12,E2_R119K_I121E,2,51720.0
C6/36,12,E2_R119K_I121E,3,49130.0
C6/36,12,E2_R119K_K120D,1,51900.0
C6/36,12,E2_R119K_K120D,2,58080.0
C6/36,12,E2_R119K_K120D,3,55030.0
C6/36,24,unmutated,1,885600.0
C6/36,24,unmutated,2,1097000.0
C6/36,24,unmutated,3,1052000.0
C6/36,24,E2_A157S,1,13290.0
C6/36,24,E2_A157S,2,7020.0
C6/36,24,E2_A157S,3,3444.0
C6/36,24,E2_A157S_Q158T,1,351.1
C6/36,24,E2_A157S_Q158T,2,620.2
C6/36,24,E2_A157S_Q158T,3,1433.0
C6/36,24,E2_A157S_Q158V,1,121.0
C6/36,24,E2_A157S_Q158V,2,193.0
C6/36,24,E2_A157S_Q158V,3,223.6
C6/36,24,E2_I121E,1,1182000.0
C6/36,24,E2_I121E,2,1091000.0
C6/36,24,E2_I121E,3,1160000.0
C6/36,24,E2_K120D,1,1504000.0
C6/36,24,E2_K120D,2,1401000.0
C6/36,24,E2_K120D,3,1249000.0
C6/36,24,E2_K120D_I121E,1,1336000.0
C6/36,24,E2_K120D_I121E,2,1498000.0
C6/36,24,E2_K120D_I121E,3,1292000.0
C6/36,24,E2_Q158T,1,304.7
C6/36,24,E2_Q158T,2,6776.0
C6/36,24,E2_Q158T,3,3440.0
C6/36,24,E2_Q158V,1,313.8
C6/36,24,E2_Q158V,2,830.4
C6/36,24,E2_Q158V,3,22650.0
C6/36,24,E2_R119K,1,946400.0
C6/36,24,E2_R119K,2,1075000.0
C6/36,24,E2_R119K,3,1030000.0
C6/36,24,E2_R119K_I121E,1,1036000.0
C6/36,24,E2_R119K_I121E,2,1011000.0
C6/36,24,E2_R119K_I121E,3,985800.0
C6/36,24,E2_R119K_K120D,1,1289000.0
C6/36,24,E2_R119K_K120D,2,1496000.0
C6/36,24,E2_R119K_K120D,3,1689000.0
C6/36,30,unmutated,1,2985000.0
C6/36,30,unmutated,2,2711000.0
C6/36,30,unmutated,3,3030000.0
C6/36,30,E2_A157S,1,122500.0
C6/36,30,E2_A157S,2,18850.0
C6/36,30,E2_A157S,3,33420.0
C6/36,30,E2_A157S_Q158T,1,31310.0
C6/36,30,E2_A157S_Q158T,2,21340.0
C6/36,30,E2_A157S_Q158T,3,952.5
C6/36,30,E2_A157S_Q158V,1,18030.0
C6/36,30,E2_A157S_Q158V,2,1711.0
C6/36,30,E2_A157S_Q158V,3,2050.0
C6/36,30,E2_I121E,1,2823000.0
C6/36,30,E2_I121E,2,3170000.0
C6/36,30,E2_I121E,3,2855000.0
C6/36,30,E2_K120D,1,3699000.0
C6/36,30,E2_K120D,2,3414000.0
C6/36,30,E2_K120D,3,3029000.0
C6/36,30,E2_K120D_I121E,1,3272000.0
C6/36,30,E2_K120D_I121E,2,3454000.0
C6/36,30,E2_K120D_I121E,3,3520000.0
C6/36,30,E2_Q158T,1,5997.0
C6/36,30,E2_Q158T,2,1441.0
C6/36,30,E2_Q158T,3,7738.0
C6/36,30,E2_Q158V,1,10540.0
C6/36,30,E2_Q158V,2,4484.0
C6/36,30,E2_Q158V,3,5254.0
C6/36,30,E2_R119K,1,2428000.0
C6/36,30,E2_R119K,2,2518000.0
C6/36,30,E2_R119K,3,2164000.0
C6/36,30,E2_R119K_I121E,1,2217000.0
C6/36,30,E2_R119K_I121E,2,2249000.0
C6/36,30,E2_R119K_I121E,3,2035000.0
C6/36,30,E2_R119K_K120D,1,2907000.0
C6/36,30,E2_R119K_K120D,2,3090000.0
C6/36,30,E2_R119K_K120D,3,3168000.0
C6/36,48,unmutated,1,8979000.0
C6/36,48,unmutated,2,7236000.0
C6/36,48,unmutated,3,7660000.0
C6/36,48,E2_A157S,1,36630.0
C6/36,48,E2_A157S,2,167500.0
C6/36,48,E2_A157S,3,559100.0
C6/36,48,E2_A157S_Q158T,1,3682.0
C6/36,48,E2_A157S_Q158T,2,2762.0
C6/36,48,E2_A157S_Q158T,3,20560.0
C6/36,48,E2_A157S_Q158V,1,59650.0
C6/36,48,E2_A157S_Q158V,2,43530.0
C6/36,48,E2_A157S_Q158V,3,38940.0
C6/36,48,E2_I121E,1,8231000.0
C6/36,48,E2_I121E,2,6723000.0
C6/36,48,E2_I121E,3,6911000.0
C6/36,48,E2_K120D,1,8742000.0
C6/36,48,E2_K120D,2,8651000.0
C6/36,48,E2_K120D,3,8966000.0
C6/36,48,E2_K120D_I121E,1,8885000.0
C6/36,48,E2_K120D_I121E,2,8708000.0
C6/36,48,E2_K120D_I121E,3,8049000.0
C6/36,48,E2_Q158T,1,11660.0
C6/36,48,E2_Q158T,2,20330.0
C6/36,48,E2_Q158T,3,27860.0
C6/36,48,E2_Q158V,1,29470.0
C6/36,48,E2_Q158V,2,261700.0
C6/36,48,E2_Q158V,3,13630.0
C6/36,48,E2_R119K,1,7150000.0
C6/36,48,E2_R119K,2,7774000.0
C6/36,48,E2_R119K,3,6190000.0
C6/36,48,E2_R119K_I121E,1,6103000.0
C6/36,48,E2_R119K_I121E,2,6916000.0
C6/36,48,E2_R119K_I121E,3,7166000.0
C6/36,48,E2_R119K_K120D,1,9127000.0
C6/36,48,E2_R119K_K120D,2,9579000.0
C6/36,48,E2_R119K_K120D,3,10890000.0
Aag2,12,unmutated,1,2349.0
Aag2,12,unmutated,2,2034.0
Aag2,12,unmutated,3,2678.0
Aag2,12,E2_A157S,1,20.84
Aag2,12,E2_A157S,2,151.0
Aag2,12,E2_A157S,3,-3.48
Aag2,12,E2_A157S_Q158T,1,-6.374
Aag2,12,E2_A157S_Q158T,2,7.418
Aag2,12,E2_A157S_Q158T,3,16.4
Aag2,12,E2_A157S_Q158V,1,18.93
Aag2,12,E2_A157S_Q158V,2,25.53
Aag2,12,E2_A157S_Q158V,3,28.59
Aag2,12,E2_I121E,1,3951.0
Aag2,12,E2_I121E,2,2824.0
Aag2,12,E2_I121E,3,3043.0
Aag2,12,E2_K120D,1,2829.0
Aag2,12,E2_K120D,2,2641.0
Aag2,12,E2_K120D,3,3691.0
Aag2,12,E2_K120D_I121E,1,4253.0
Aag2,12,E2_K120D_I121E,2,4408.0
Aag2,12,E2_K120D_I121E,3,3892.0
Aag2,12,E2_Q158T,1,-2.039
Aag2,12,E2_Q158T,2,12.73
Aag2,12,E2_Q158T,3,1.904
Aag2,12,E2_Q158V,1,0.2778
Aag2,12,E2_Q158V,2,14.03
Aag2,12,E2_Q158V,3,5.705
Aag2,12,E2_R119K,1,1288.0
Aag2,12,E2_R119K,2,2183.0
Aag2,12,E2_R119K,3,2443.0
Aag2,12,E2_R119K_I121E,1,2275.0
Aag2,12,E2_R119K_I121E,2,2685.0
Aag2,12,E2_R119K_I121E,3,2526.0
Aag2,12,E2_R119K_K120D,1,2316.0
Aag2,12,E2_R119K_K120D,2,1628.0
Aag2,12,E2_R119K_K120D,3,2195.0
Aag2,24,unmutated,1,148600.0
Aag2,24,unmutated,2,156900.0
Aag2,24,unmutated,3,147800.0
Aag2,24,E2_A157S,1,229.3
Aag2,24,E2_A157S,2,6.883
Aag2,24,E2_A157S,3,34.45
Aag2,24,E2_A157S_Q158T,1,100.6
Aag2,24,E2_A157S_Q158T,2,31.23
Aag2,24,E2_A157S_Q158T,3,151.9
Aag2,24,E2_A157S_Q158V,1,21.41
Aag2,24,E2_A157S_Q158V,2,53.84
Aag2,24,E2_A157S_Q158V,3,209.5
Aag2,24,E2_I121E,1,233500.0
Aag2,24,E2_I121E,2,217300.0
Aag2,24,E2_I121E,3,198800.0
Aag2,24,E2_K120D,1,210300.0
Aag2,24,E2_K120D,2,238800.0
Aag2,24,E2_K120D,3,226000.0
Aag2,24,E2_K120D_I121E,1,273300.0
Aag2,24,E2_K120D_I121E,2,247300.0
Aag2,24,E2_K120D_I121E,3,267800.0
Aag2,24,E2_Q158T,1,259.4
Aag2,24,E2_Q158T,2,-4.58
Aag2,24,E2_Q158T,3,14.24
Aag2,24,E2_Q158V,1,298.5
Aag2,24,E2_Q158V,2,270.3
Aag2,24,E2_Q158V,3,37.61
Aag2,24,E2_R119K,1,126600.0
Aag2,24,E2_R119K,2,109800.0
Aag2,24,E2_R119K,3,107100.0
Aag2,24,E2_R119K_I121E,1,154600.0
Aag2,24,E2_R119K_I121E,2,168900.0
Aag2,24,E2_R119K_I121E,3,146100.0
Aag2,24,E2_R119K_K120D,1,194600.0
Aag2,24,E2_R119K_K120D,2,193900.0
Aag2,24,E2_R119K_K120D,3,175600.0
Aag2,30,unmutated,1,532200.0
Aag2,30,unmutated,2,624400.0
Aag2,30,unmutated,3,623600.0
Aag2,30,E2_A157S,1,260.6
Aag2,30,E2_A157S,2,1654.0
Aag2,30,E2_A157S,3,721.4
Aag2,30,E2_A157S_Q158T,1,54.57
Aag2,30,E2_A157S_Q158T,2,102.8
Aag2,30,E2_A157S_Q158T,3,118.2
Aag2,30,E2_A157S_Q158V,1,522.5
Aag2,30,E2_A157S_Q158V,2,32.81
Aag2,30,E2_A157S_Q158V,3,582.4
Aag2,30,E2_I121E,1,771700.0
Aag2,30,E2_I121E,2,908700.0
Aag2,30,E2_I121E,3,873700.0
Aag2,30,E2_K120D,1,771900.0
Aag2,30,E2_K120D,2,962000.0
Aag2,30,E2_K120D,3,835400.0
Aag2,30,E2_K120D_I121E,1,784400.0
Aag2,30,E2_K120D_I121E,2,1002000.0
Aag2,30,E2_K120D_I121E,3,1011000.0
Aag2,30,E2_Q158T,1,3494.0
Aag2,30,E2_Q158T,2,265.0
Aag2,30,E2_Q158T,3,87.71
Aag2,30,E2_Q158V,1,258.9
Aag2,30,E2_Q158V,2,1030.0
Aag2,30,E2_Q158V,3,1502.0
Aag2,30,E2_R119K,1,491900.0
Aag2,30,E2_R119K,2,574300.0
Aag2,30,E2_R119K,3,469300.0
Aag2,30,E2_R119K_I121E,1,579400.0
Aag2,30,E2_R119K_I121E,2,529400.0
Aag2,30,E2_R119K_I121E,3,540400.0
Aag2,30,E2_R119K_K120D,1,618300.0
Aag2,30,E2_R119K_K120D,2,708400.0
Aag2,30,E2_R119K_K120D,3,674300.0
Aag2,48,unmutated,1,11830000.0
Aag2,48,unmutated,2,13210000.0
Aag2,48,unmutated,3,11360000.0
Aag2,48,E2_A157S,1,873.9
Aag2,48,E2_A157S,2,4999.0
Aag2,48,E2_A157S,3,9728.0
Aag2,48,E2_A157S_Q158T,1,888.6
Aag2,48,E2_A157S_Q158T,2,1110.0
Aag2,48,E2_A157S_Q158T,3,302.1
Aag2,48,E2_A157S_Q158V,1,9428.0
Aag2,48,E2_A157S_Q158V,2,3638.0
Aag2,48,E2_A157S_Q158V,3,818.1
Aag2,48,E2_I121E,1,13200000.0
Aag2,48,E2_I121E,2,13950000.0
Aag2,48,E2_I121E,3,11950000.0
Aag2,48,E2_K120D,1,12840000.0
Aag2,48,E2_K120D,2,11910000.0
Aag2,48,E2_K120D,3,12580000.0
Aag2,48,E2_K120D_I121E,1,14360000.0
Aag2,48,E2_K120D_I121E,2,15020000.0
Aag2,48,E2_K120D_I121E,3,15070000.0
Aag2,48,E2_Q158T,1,1379.0
Aag2,48,E2_Q158T,2,3889.0
Aag2,48,E2_Q158T,3,592.6
Aag2,48,E2_Q158V,1,836.6
Aag2,48,E2_Q158V,2,6524.0
Aag2,48,E2_Q158V,3,174.9
Aag2,48,E2_R119K,1,11140000.0
Aag2,48,E2_R119K,2,11920000.0
Aag2,48,E2_R119K,3,11350000.0
Aag2,48,E2_R119K_I121E,1,12710000.0
Aag2,48,E2_R119K_I121E,2,14000000.0
Aag2,48,E2_R119K_I121E,3,14990000.0
Aag2,48,E2_R119K_K120D,1,13600000.0
Aag2,48,E2_R119K_K120D,2,15090000.0
Aag2,48,E2_R119K_K120D,3,16750000.0
