sequential_site,region,wildtype,alignment_entropy,preference_entropy,entropy_delta,rsa,omega_ExpCM,P_ExpCM,omega_M0
499,6K,W,-0.0,2.984999755863784,2.984999755863784,,0.0,0.935,0.0
497,6K,Y,-0.0,2.9835611946523173,2.9835611946523173,,0.0,0.00414,0.0
50,E3,Q,-0.0,2.9788171031288604,2.9788171031288604,,0.0,0.937,0.0
546,6K,T,0.0063433599079015,2.9843509791927225,2.978007619284821,,100.0,0.338,100.0
523,6K,C,-0.0,2.9767830331759417,2.9767830331759417,,0.0,0.00401,0.0
509,6K,Q,-0.0,2.9761777151570827,2.9761777151570827,,0.0,0.129,0.0
503,6K,Q,-0.0,2.974377841323794,2.974377841323794,,0.0,0.00679,0.0
526,6K,L,0.0129919082709964,2.9860275176697524,2.9730356093987558,,0.0,0.0349,0.0
494,6K,A,0.0031657610098552,2.9747995514985845,2.9716337904887293,,0.0,0.0117,0.0
524,6K,L,-0.0,2.971454916953043,2.971454916953043,,0.0,0.0587,0.0
985,E1,F,-0.0,2.971409529655722,2.971409529655722,0.3261967440408052,0.0,5.53e-13,0.0
531,6K,C,-0.0,2.970758810228118,2.970758810228118,,0.0,0.00324,0.0
543,6K,G,-0.0,2.970417766383598,2.970417766383598,,0.0,0.133,0.0
520,6K,L,0.003167752310158,2.97156238253869,2.968394630228532,,0.362,0.217,0.377
491,6K,Y,-0.0,2.9682434751935487,2.9682434751935487,,0.0,0.00485,0.0
500,6K,N,-0.0,2.967064517241599,2.967064517241599,,0.0,9.79e-07,0.0
522,6K,N,0.0058463010491849,2.9719048439002993,2.9660585428511146,,0.0,0.0108,0.0
883,E1,T,0.0031687489517512,2.9676138197435313,2.96444507079178,0.2588418882522646,0.0,7.16e-05,0.0
527,6K,L,0.0063433599079015,2.969393238126685,2.9630498782187837,,0.32,0.297,0.277
521,6K,C,0.003167752310158,2.9657131359780937,2.9625453836679356,,0.0,0.00156,0.0
513,6K,P,-0.0,2.962191524457697,2.962191524457697,,0.0,0.0431,0.0
495,6K,A,0.0090091692336645,2.969754370259242,2.9607452010255773,,1.212,0.877,1.099
17,E3,P,0.003160794294693,2.962088387274132,2.958927592979439,,0.0,0.000134,0.0
924,E1,H,0.0065564339095213,2.9653679568877536,2.958811522978232,0.4358103175783611,0.494,0.606,0.394
59,E3,S,-0.0,2.957369388405724,2.957369388405724,,0.0,0.135,0.0
541,6K,S,0.0031747427238488,2.9605004139182785,2.95732567119443,,87.516,0.507,93.553
502,6K,Q,0.0031667563297495,2.959986135721565,2.956819379391815,,0.0,0.0164,0.0
874,E1,K,-0.0,2.9557128251208304,2.9557128251208304,0.5777549049854789,0.0,0.00544,0.0
544,6K,A,0.0152302504345446,2.970424512689838,2.9551942622552936,,0.193,0.182,0.164
498,6K,L,-0.0,2.9547887571119444,2.9547887571119444,,0.0,0.00656,0.0
687,E1,Q,0.00635537085105,2.960639388534189,2.954284017683139,0.4214201289470846,0.0,0.935,0.0
532,6K,K,0.0058535902737927,2.9587280346608917,2.952874444387099,,0.132,0.0835,0.147
913,E1,E,0.003279356175193,2.9558659141817514,2.9525865580065584,0.4042934807379401,0.0,0.0518,0.0
896,E1,E,0.0110855560599629,2.9633601706266677,2.9522746145667047,0.3972715735740719,1.035,0.978,1.251
504,6K,P,0.0115031753997142,2.962021440411577,2.950518265011863,,0.124,0.0366,0.123
529,6K,C,-0.0,2.9500718130164607,2.9500718130164607,,0.0,0.0702,0.0
63,E3,Q,0.0152722204232556,2.9634793048489954,2.9482070844257398,,0.612,0.738,0.509
915,E1,R,0.0186532665430591,2.9668498769783356,2.9481966104352764,0.4596861865152701,0.097,0.0846,0.05
563,E1,P,-0.0,2.946370034324049,2.946370034324049,0.3270583835212158,0.0,0.939,0.0
510,6K,A,0.0063373723779557,2.9509425560109164,2.9446051836329605,,0.503,0.513,0.424
33,E3,E,-0.0,2.9442186134399435,2.9442186134399435,,0.0,0.103,0.0
89,E2,E,-0.0,2.9439839655808036,2.9439839655808036,0.3564799566595627,0.0,0.102,0.0
44,E3,M,0.0031588122088629,2.9469374147134912,2.9437786025046284,,0.0,0.921,0.0
894,E1,E,0.0065650140998155,2.9485145758441664,2.9419495617443507,0.3428408403274983,100.0,0.355,92.522
57,E3,T,0.0031707442211776,2.942501144626956,2.9393304004057783,,0.258,0.261,0.232
983,E1,V,0.0038163616654162,2.942847946428218,2.9390315847628017,0.6835425971216261,0.0,0.0388,0.0
516,6K,A,-0.0,2.9369122039973456,2.9369122039973456,,0.0,0.132,0.0
464,E2,P,-0.0,2.936754440337467,2.936754440337467,0.4657220383583562,0.0,0.00244,0.0
921,E1,T,0.0032804283785233,2.939414746307248,2.9361343179287247,0.2102941257660062,0.308,0.346,0.229
506,6K,F,-0.0,2.9355956301154347,2.9355956301154347,,0.0,0.000217,0.0
41,E3,D,0.0031588122088629,2.9385061156003696,2.9353473033915067,,0.084,0.0536,0.093
525,6K,R,0.0385886638146137,2.970664562241989,2.9320758984273754,,1.308,0.824,1.098
410,E2,N,-0.0,2.931313267566199,2.931313267566199,0.3424845039294572,0.0,0.00128,0.0
530,6K,F,0.0107231405785677,2.9419010624738737,2.9311779218953062,,0.035,0.000306,0.035
876,E1,K,-0.0,2.9306362163531294,2.9306362163531294,0.4781916347508915,0.0,0.0464,0.0
677,E1,S,-0.0,2.9303771537396344,2.9303771537396344,0.3667067959700038,0.0,0.00351,0.0
900,E1,Q,0.0032858005126681,2.9333593608290545,2.9300735603163863,0.356519074080979,0.337,0.375,0.286
46,E3,P,0.0083152503368668,2.938170369083416,2.929855118746549,,0.147,0.0521,0.084
545,6K,H,0.0173844661208222,2.9464709442640626,2.9290864781432404,,100.0,0.139,100.0
385,E2,T,0.0285955345136558,2.957471354628742,2.928875820115086,0.6076521263520908,0.167,0.033,0.104
505,6K,L,-0.0,2.9281844410307585,2.9281844410307585,,0.0,0.0437,0.0
922,E1,Q,-0.0,2.9277629855216367,2.9277629855216367,0.371836606372449,0.0,0.00318,0.0
702,E1,A,0.0031687489517512,2.9261750252567924,2.923006276305041,0.1643028800761478,0.0,0.0885,0.0
846,E1,T,-0.0,2.9217376290907615,2.9217376290907615,0.3291787555762383,0.0,0.2,0.0
601,E1,K,-0.0,2.9214096348940584,2.9214096348940584,0.169353879264504,0.0,0.92,0.0
37,E3,R,-0.0,2.9212913762969714,2.9212913762969714,,0.0,0.0668,0.0
704,E1,T,0.0274538591370468,2.948558199784784,2.9211043406477373,0.4081183520728567,0.0,0.153,0.0
271,E2,S,0.003160794294693,2.921044753296268,2.917883959001575,0.3586950734291482,0.172,0.107,0.143
22,E3,P,0.021463936597475,2.937957561466625,2.91649362486915,,0.114,0.0239,0.091
54,E3,A,0.011496037223662,2.926107743789807,2.914611706566145,,100.0,0.314,100.0
528,6K,P,-0.0,2.9145504566181972,2.9145504566181972,,0.0,0.0128,0.0
948,E1,V,0.0168079058927851,2.9308910443095577,2.9140831384167725,0.7351401144916696,0.308,0.269,0.292
490,6K,T,0.0031667563297495,2.915923144446088,2.912756388116338,,0.306,0.328,0.273
534,6K,L,-0.0,2.9124968379144174,2.9124968379144174,,0.0,0.0191,0.0
64,E3,R,-0.0,2.9124556920406883,2.9124556920406883,,0.0,0.0183,0.0
868,E1,K,-0.0,2.912295296890086,2.912295296890086,0.3377880691064747,0.0,0.0071,0.0
849,E1,S,0.0058499432558767,2.9178428615148224,2.911992918258946,0.3667680914655972,0.0,0.00605,0.0
83,E2,H,0.0090629533651783,2.920935488429431,2.9118725350642527,0.1472778794776523,0.131,0.0285,0.123
414,E2,H,-0.0,2.9113320144172956,2.9113320144172956,0.2862813882327987,0.0,1.62e-05,0.0
986,E1,S,0.0226113390921268,2.9329138594827864,2.9103025203906596,0.1999692453059593,0.552,0.649,0.403
507,6K,W,-0.0,2.909150716632687,2.909150716632687,,0.0,0.945,0.0
489,6K,A,-0.0,2.908562109019625,2.908562109019625,,0.0,0.021,0.0
60,E3,P,0.0684608936625174,2.9752374687236554,2.906776575061138,,0.933,0.95,0.618
519,6K,V,0.0115031753997142,2.918064487984766,2.906561312585052,,0.0,0.00169,0.0
512,6K,I,0.003167752310158,2.9085128909040927,2.9053451385939346,,0.0,0.000257,0.0
413,E2,A,-0.0,2.9051989438467527,2.9051989438467527,0.3784949591119921,0.0,0.0202,0.0
466,E2,E,-0.0,2.9050729074966912,2.9050729074966912,0.4609021843287347,0.0,0.105,0.0
949,E1,Q,-0.0,2.904660144217889,2.904660144217889,0.7381936013983701,0.0,0.0722,0.0
19,E3,S,0.0266283959495437,2.9310900491540757,2.9044616532045318,,0.483,0.597,0.266
411,E2,G,0.0031707442211776,2.906988162401575,2.9038174181803975,0.3735511619309909,0.0,0.92,0.0
984,E1,S,0.0038267258511667,2.9064138670610555,2.9025871412098887,0.516978920794268,0.225,0.187,0.144
412,E2,T,-0.0,2.9015765439891013,2.9015765439891013,0.1315545231018852,0.0,0.00187,0.0
898,E1,N,0.0528510675540172,2.95389111507211,2.901040047518093,0.5662084953775277,0.156,0.0065,0.212
988,E1,H,0.0231869770878746,2.923269107950758,2.9000821308628835,0.7333424836489522,0.291,0.527,0.618
467,E2,L,-0.0,2.899969467532177,2.899969467532177,0.7234074489345963,0.0,0.0804,0.0
388,E2,T,0.0031598029238548,2.9018982545372123,2.8987384516133576,0.6833008857725502,0.104,0.0225,0.131
548,6K,S,0.0325784893348239,2.930191514268845,2.8976130249340213,,1.834,0.587,1.22
724,E1,N,-0.0,2.897199373188811,2.897199373188811,0.4841999541604096,0.0,0.000235,0.0
882,E1,M,0.0153322031021765,2.911636374404048,2.8963041713018716,0.4326653457787393,0.184,0.418,0.095
501,6K,E,0.015253536631096,2.910593284101341,2.895339747470245,,0.239,0.1,0.162
47,E3,G,-0.0,2.8951066180589495,2.8951066180589495,,0.0,0.101,0.0
930,E1,H,-0.0,2.8942873741963115,2.8942873741963115,0.4009205855256425,0.0,8.72e-05,0.0
731,E1,G,0.0089867247282815,2.902790549432834,2.8938038247045523,0.5054617927837838,0.095,0.0269,0.087
689,E1,N,0.0058608987822855,2.899527996413727,2.8936670976314414,0.4204348936761052,0.08,0.0172,0.124
415,E2,G,0.0031627790065659,2.896475573956185,2.893312794949619,0.3245761392833007,0.0,0.000398,0.0
884,E1,N,0.0141927219620162,2.9074413014193663,2.89324857945735,0.6738163928122533,0.259,0.381,0.203
897,E1,G,0.0243934247225086,2.9167041031174943,2.8923106783949857,0.1304615155538196,0.17,0.104,0.114
493,6K,E,-0.0,2.8914328234212987,2.8914328234212987,,0.0,0.159,0.0
901,E1,L,0.0093272439787333,2.899678849194239,2.890351605215506,0.1546675939854195,0.489,0.509,0.263
794,E1,K,0.0173061934582373,2.9063190228503806,2.889012829392143,0.4958884484970007,0.089,0.0217,0.099
740,E1,P,-0.0,2.888973904583507,2.888973904583507,0.2662833987613092,0.0,0.00333,0.0
584,E1,S,0.005839031030644,2.8946459066137478,2.8888068755831036,0.2076897031446574,0.0,0.0129,0.0
408,E2,S,0.0031637723489315,2.8905700626696196,2.8874062903206883,0.0671541077609557,0.0,0.00362,0.0
569,E1,N,0.018364776048292,2.905237295794235,2.886872519745943,0.4413045683278773,0.091,0.0011,0.116
29,E3,E,0.0083178130989844,2.894941420372688,2.8866236072737035,,0.944,0.965,0.935
944,E1,T,-0.0,2.8865615538730394,2.8865615538730394,0.3438547419401191,0.0,0.936,0.0
911,E1,S,-0.0,2.8864380141019956,2.8864380141019956,0.0729713571095895,0.0,0.0154,0.0
902,E1,Q,0.0032804283785233,2.888053707130437,2.8847732787519136,0.4179732064891388,0.0,0.0767,0.0
957,E1,S,0.0066169971577359,2.891290147723553,2.884673150565817,0.3004214334502691,0.0,0.0139,0.0
511,6K,L,0.0031707442211776,2.8873560930794047,2.884185348858227,,100.0,0.29,100.0
705,E1,V,-0.0,2.884054929606597,2.884054929606597,0.2155462504029786,0.0,0.000977,0.0
945,E1,T,0.0094005024035125,2.893153600704799,2.8837530983012867,0.4667735747542139,0.884,0.923,0.579
844,E1,S,-0.0,2.8834731591547786,2.8834731591547786,0.3247142082617896,0.0,0.0163,0.0
409,E2,T,0.0455677802570777,2.928528930717198,2.8829611504601202,0.2918466515496574,1.078,0.946,1.187
619,E1,D,0.0031647663498053,2.885976858910589,2.882812092560784,0.7140698102544744,100.0,0.492,100.0
172,E2,K,0.0058645602924231,2.8879949576245174,2.8821303973320944,0.5107035975252527,100.0,0.359,99.734
960,E1,Q,0.0033118474324527,2.8851749576866057,2.881863110254153,0.5794147355508523,0.0,0.179,0.0
809,E1,Q,0.0031637723489315,2.884892829739551,2.88172905739062,0.3393061327796259,0.0,0.207,0.0
811,E1,A,-0.0,2.8812192024323204,2.8812192024323204,0.256522186048952,0.0,0.153,0.0
758,E1,E,0.0094790345409643,2.889558970762631,2.8800799362216667,0.6093555785981937,0.72,0.732,0.52
147,E2,R,0.0152488733092054,2.894860442341279,2.8796115690320736,0.1985127995281712,0.638,0.62,0.32
679,E1,S,-0.0,2.879113421978195,2.879113421978195,0.1953638954154131,0.0,0.284,0.0
571,E1,P,-0.0,2.8787477667476145,2.8787477667476145,0.3147336916076773,0.0,0.0385,0.0
954,E1,T,0.0060974725150526,2.882352817753283,2.8762553452382305,0.3191860716779121,0.0,0.0182,0.0
885,E1,A,0.0116589530771915,2.8863039542723516,2.87464500119516,0.1415254634851162,0.373,0.5,0.31
664,E1,K,0.0031757440125846,2.877357950169817,2.8741822061572324,0.4922140048893248,94.476,0.376,91.932
813,E1,N,-0.0,2.8738612510187207,2.8738612510187207,0.6772518337887595,0.0,0.0737,0.0
31,E3,E,0.0257261173019137,2.894154300637792,2.8684281833358782,,0.699,0.787,0.864
456,E2,C,0.0031617863220417,2.8698582871313882,2.8666965008093466,0.3092815425617094,0.0,0.0017,0.0
618,E1,K,-0.0,2.8649561288191787,2.8649561288191787,0.5169184700285394,0.0,0.94,0.0
588,E1,E,0.0063313967605779,2.871175410146244,2.864844013385666,0.2203784917244866,0.129,0.0452,0.081
127,E2,H,0.0031617863220417,2.866607999743331,2.8634462134212892,0.2564725570967148,0.027,2.4e-05,0.025
25,E3,P,-0.0,2.862614617536005,2.862614617536005,,0.0,0.0169,0.0
977,E1,L,-0.0,2.861549031722118,2.861549031722118,0.2291061863595659,0.0,0.0183,0.0
872,E1,S,0.0031667563297495,2.8639219690576367,2.860755212727887,0.4421732996447912,0.029,5.93e-05,0.018
452,E2,G,0.0031637723489315,2.8637269286119817,2.8605631562630505,0.3122887019098455,0.114,0.0227,0.056
227,E2,A,0.0083203775398331,2.8680895563251996,2.8597691787853665,0.1346047026518921,0.403,0.398,0.4
847,E1,D,-0.0,2.858933349046047,2.858933349046047,0.5122484826022197,0.0,0.000302,0.0
904,E1,S,0.0093302722897242,2.867790475117635,2.8584602028279105,0.1290549221876956,2.144,0.529,1.268
68,E2,K,0.0031837783765407,2.8609633833079773,2.857779604931437,,0.138,0.0694,0.116
559,E1,T,0.0031707442211776,2.8599631519815114,2.856792407760334,0.2370607872574141,0.0,0.94,0.0
283,E2,N,0.0536990067061185,2.91022903252007,2.856530025813951,0.4878090480511317,0.381,0.376,0.562
315,E2,D,-0.0,2.8543047071369156,2.8543047071369156,0.3966579642860299,0.0,0.0765,0.0
981,E1,L,0.0127360888328708,2.861119208539463,2.8483831197065923,0.3220179680275991,0.642,0.622,0.488
368,E2,E,0.0063194811188675,2.853702927933614,2.8473834468147468,0.4135694451872313,100.0,0.285,82.313
840,E1,V,0.0267307717965327,2.8688397802282157,2.842109008431683,0.3377420148553048,1.311,0.753,0.96
701,E1,H,0.0031687489517512,2.8442357859413616,2.8410670369896103,0.1124416380187932,0.0,0.0133,0.0
592,E1,S,0.0031667563297495,2.8432573577440197,2.84009060141427,0.2867941267785633,0.78,0.863,0.264
43,E3,V,0.0634436686118071,2.902903522515204,2.8394598539033966,,0.17,0.0645,0.156
91,E2,H,-0.0,2.8394143317211884,2.8394143317211884,0.475419539982066,0.0,0.000303,0.0
53,E3,Q,0.1198031872616448,2.95845283570148,2.838649648439835,,0.213,0.0421,0.198
15,E3,T,0.0031617863220417,2.8401852882351304,2.8370235019130887,,0.0,0.00221,0.0
586,E1,T,0.0362523612893475,2.872895185711913,2.8366428244225657,0.1884007178765582,0.168,0.0264,0.153
851,E1,E,0.0083564569270908,2.8440153762029863,2.8356589192758954,0.4004070354279931,0.0,0.00696,0.0
187,E2,S,0.0215250315723608,2.856823466625051,2.83529843505269,0.5040691527099452,0.053,0.00275,0.059
864,E1,V,0.0173271688905727,2.852110476731723,2.8347833078411506,0.1247737198915521,0.213,0.11,0.208
2,E3,S,-0.0,2.8333100251333274,2.8333100251333274,,0.0,0.00344,0.0
681,E1,K,0.0063473582305704,2.8391757818885583,2.832828423657988,0.3283824357197321,1.554,0.729,0.832
129,E2,W,0.0151608451581554,2.8474834311342367,2.8323225859760814,0.5920146823843824,0.0,0.946,0.0
364,E2,N,0.0486551848667903,2.879242132260146,2.8305869473933556,0.1172716809145572,0.384,0.129,0.376
706,E1,K,0.0090147989053457,2.8394192097733097,2.8304044108679642,0.6004512157728837,94.121,0.298,88.754
910,E1,A,-0.0,2.8279335874353086,2.8279335874353086,0.1727769926569979,0.0,0.00604,0.0
472,E2,T,0.0031667563297495,2.829531221795946,2.826364465466196,0.4960525888643461,0.0,0.00531,0.0
899,E1,S,0.0126143964158265,2.838398016931537,2.8257836205157103,0.2420028557194126,0.251,0.2,0.199
517,6K,L,0.003167752310158,2.8281434597103092,2.824975707400151,,0.859,0.874,0.733
835,E1,A,-0.0,2.824736502324697,2.824736502324697,0.172183136182111,0.0,0.167,0.0
267,E2,N,0.0146385275722018,2.8392092834576057,2.824570755885404,0.5123752995605101,0.126,0.0866,0.185
492,6K,Q,0.1153297233356555,2.938275045129486,2.8229453217938305,,0.294,0.266,0.393
672,E1,R,-0.0,2.8224848809089473,2.8224848809089473,0.2677623771856821,0.0,0.152,0.0
628,E1,K,0.0058663928657568,2.825441832851026,2.819575439985269,0.4528941162895787,0.0,0.00663,0.0
463,E2,T,-0.0,2.8183642590526494,2.8183642590526494,0.3977716435439258,0.0,0.0413,0.0
631,E1,T,0.011492471656942,2.8288422892224983,2.8173498175655562,0.5356340962691835,0.0,0.00151,0.0
330,E2,T,0.003167752310158,2.819610127853792,2.816442375543634,0.4484710037260593,0.0,0.0651,0.0
801,E1,Q,-0.0,2.814977470502771,2.814977470502771,0.2336126849609969,0.0,0.222,0.0
378,E2,H,0.0520170038999564,2.86479669017021,2.8127796862702534,0.5298173504346876,0.208,0.0154,0.308
626,E1,S,0.003167752310158,2.81357396019217,2.810406207882012,0.1104775698266545,0.08,0.0494,0.054
249,E2,Q,0.0058299703981331,2.8119368797164572,2.806106909318324,0.2771733065195813,0.0,0.36,0.0
226,E2,A,-0.0,2.805141462145861,2.805141462145861,0.6077920987863012,0.0,0.00044,0.0
23,E3,C,-0.0,2.8045447257319163,2.8045447257319163,,0.0,0.0344,0.0
155,E2,P,0.0090430592889276,2.812786299762556,2.8037432404736284,0.4711287677567042,0.0,0.208,0.0
952,E1,S,0.0061094348561607,2.8091449770858117,2.803035542229651,0.2149734991201354,0.0,0.118,0.0
407,E2,L,0.1108219301883353,2.9137829199473395,2.802960989759004,0.2148681537451248,0.242,0.198,0.225
469,E2,P,-0.0,2.8015886422243956,2.8015886422243956,0.8860421469056731,0.0,0.264,0.0
658,E1,E,-0.0,2.8009435153497235,2.8009435153497235,0.3156789484106655,0.0,0.941,0.0
321,E2,H,0.0031687489517512,2.8024014862033,2.7992327372515486,0.134915554334931,0.283,0.412,0.193
622,E1,L,0.0058426636440031,2.800801269685364,2.794958606041361,0.3211508311357244,0.0,0.319,0.0
518,6K,I,-0.0,2.7940880309175675,2.7940880309175675,,0.0,0.00164,0.0
367,E2,E,0.1138838892949295,2.9078719187472193,2.7939880294522896,0.6238600505964452,0.904,0.937,1.185
471,E2,A,0.0090063571861853,2.8013077144587912,2.792301357272606,0.5035497225547548,0.0,0.0162,0.0
153,E2,S,0.0107429806262592,2.802777689997968,2.7920347093717086,0.407132636964218,1.892,0.668,0.579
273,E2,E,0.0031598029238548,2.791182833114595,2.7880230301907405,0.3754956207943306,0.0,0.167,0.0
756,E1,T,-0.0,2.7876150644682287,2.7876150644682287,0.3101503662960539,0.0,0.0337,0.0
223,E2,Q,0.0089895238202299,2.795622972162922,2.786633448342692,0.4627485432304997,1.707,0.639,1.347
277,E2,T,-0.0,2.7863498889109173,2.7863498889109173,0.4965421853234844,0.0,0.0438,0.0
691,E1,V,0.0524463711403066,2.8380617529254817,2.785615381785175,0.188376173731009,0.082,0.0017,0.076
345,E2,K,-0.0,2.784408806546783,2.784408806546783,0.4428815579362961,0.0,0.93,0.0
685,E1,L,0.0358880547531198,2.818965080208011,2.783077025454891,0.2716210650445917,100.0,0.0916,100.0
542,6K,V,0.140355045511426,2.9233612432414784,2.783006197730052,,91.082,0.153,99.143
678,E1,A,0.011703028975812,2.7935351500657353,2.781832121089923,0.0409053142392503,0.361,0.197,0.327
839,E1,V,-0.0,2.7814001930671477,2.7814001930671477,0.1904315656010771,0.0,0.0021,0.0
58,E3,C,-0.0,2.779941925814589,2.779941925814589,,0.0,0.00425,0.0
225,E2,T,0.0368228352924935,2.81652851882909,2.7797056835365965,0.255877597142713,0.732,0.707,0.39
873,E1,K,0.0129720696183831,2.792058786033676,2.779086716415293,0.3996592303954368,0.681,0.794,0.4
912,E1,A,-0.0,2.778103635258378,2.778103635258378,0.0241631790125226,0.0,0.0318,0.0
24,E3,T,0.1713795909632348,2.9490910951476215,2.7777115041843867,,0.707,0.523,0.626
620,E1,K,0.0031687489517512,2.780294033283161,2.77712528433141,0.4668179330541646,0.0,0.0851,0.0
431,E2,M,0.0387715563127705,2.81417153589396,2.7753999795811892,0.4829860683631002,0.164,0.303,0.12
669,E1,S,0.0197477092601495,2.793735141290934,2.7739874320307845,0.0500258478974708,1.891,0.488,0.713
707,E1,D,0.0058444817470113,2.7785295705175774,2.772685088770566,0.5206043469354007,0.0,0.916,0.0
101,E2,R,0.0031847856890246,2.7752017307919425,2.772016945102918,0.2572328781770394,0.0,0.14,0.0
310,E2,N,0.003160794294693,2.773670227322859,2.770509433028166,0.0961464146182866,0.192,0.174,0.175
703,E1,V,-0.0,2.7681647874743365,2.7681647874743365,0.1757972872148624,0.0,0.0114,0.0
485,E2,T,-0.0,2.7652974395460714,2.7652974395460714,0.0573073116239819,0.0,0.0711,0.0
195,E2,H,0.0031598029238548,2.7681100943249253,2.7649502914010706,0.3854863547754227,0.0,0.0617,0.0
416,E2,H,0.0720044366962391,2.836936454671289,2.7649320179750503,0.7868438877636528,1.746,0.628,1.374
709,E1,K,-0.0,2.7632648015972423,2.7632648015972423,0.3068263018480227,0.0,0.141,0.0
757,E1,P,-0.0,2.7592869158544517,2.7592869158544517,0.293955824883482,0.0,0.125,0.0
928,E1,E,0.1299296117855766,2.8878471922690427,2.757917580483466,0.4564645332183888,0.601,0.536,0.569
171,E2,P,-0.0,2.75737779294836,2.75737779294836,0.4261824155321247,0.0,0.004,0.0
418,E2,H,0.0349437799562143,2.7913484161140976,2.756404636157883,0.4954743975166449,100.0,0.0888,92.912
211,E2,Q,0.020465122353556,2.7749604079098567,2.7544952855563007,0.2080681806392194,3.249,0.272,1.299
286,E2,K,0.0759186785758841,2.8290769554066846,2.7531582768308005,0.4406693911429423,1.831,0.467,1.417
151,E2,R,0.0031777485904795,2.7507202158022173,2.747542467211738,0.2434894492427803,0.0,0.11,0.0
311,E2,A,0.0437473737289608,2.790489023192524,2.746741649463563,0.2593721696411369,3.464,0.213,5.177
154,E2,A,0.0031787518809972,2.7485445447482704,2.7453657928672732,0.1431305754937429,0.24,0.251,0.255
821,E1,A,-0.0,2.744784813471772,2.744784813471772,0.3780968452401169,0.0,0.00102,0.0
278,E2,T,0.017078095436635,2.758408652719635,2.741330557283,0.4659173309483146,0.0,0.138,0.0
465,E2,Y,-0.0,2.738493447546793,2.738493447546793,0.1993219268963232,0.0,0.00817,0.0
953,E1,V,0.1413598821500821,2.8775288702950466,2.7361689881449642,0.2138058689232208,0.572,0.422,0.747
72,E2,N,0.0031837783765407,2.7390098259152316,2.735826047538691,0.3460227621928912,0.129,0.0733,0.162
736,E1,M,0.0063174997769381,2.7388246384224852,2.732507138645547,0.1970415074528519,0.0,0.929,0.0
327,E2,A,0.0058426636440031,2.7371820849991404,2.731339421355137,0.2903666379674163,0.523,0.659,0.545
250,E2,S,0.019973193972059,2.750281683315745,2.730308489343686,0.731280064843183,1.27,0.753,0.372
987,E1,R,0.0078252861817027,2.738081059986781,2.7302557738050783,0.4600792673464813,0.245,0.205,0.087
893,E1,I,0.1613189533811519,2.890543433424542,2.7292244800433902,0.1315805568544201,2.216,0.452,100.0
314,E2,G,-0.0,2.7288922441963663,2.7288922441963663,0.476512966265279,0.0,0.268,0.0
536,6K,F,-0.0,2.7288241750846685,2.7288241750846685,,0.0,0.917,0.0
698,E1,N,0.0063573773422347,2.7342251982920738,2.727867820949839,0.2249754969185133,0.216,0.219,0.119
338,E2,N,0.0421025356726141,2.768387082393106,2.7262845467204917,0.2115714546509084,0.431,0.572,0.259
909,E1,L,0.0110926453561377,2.736672911041905,2.7255802656857675,0.1080468995799656,0.0,7.9e-05,0.0
665,E1,T,0.0058572421126732,2.7309145064721325,2.7250572643594593,0.2124969886742711,0.266,0.244,0.13
892,E1,E,0.1229521110879913,2.8472761648118277,2.7243240537238362,0.3257055420215058,1.734,0.632,1.341
564,E1,Y,-0.0,2.724130623616692,2.724130623616692,0.1532300181957247,0.0,0.947,0.0
745,E1,R,0.0083126892517956,2.7315603161281965,2.7232476268764008,0.4290680360534581,1.22,0.839,0.469
572,E1,G,-0.0,2.7216335135471574,2.7216335135471574,0.1732248390839083,0.0,0.00269,0.0
538,6K,A,0.0058535902737927,2.7266824177902826,2.72082882751649,,0.0,0.129,0.0
32,E3,P,-0.0,2.7202518187482583,2.7202518187482583,,0.0,0.00243,0.0
661,E1,E,-0.0,2.7178561803690133,2.7178561803690133,0.3686057662442042,0.0,0.156,0.0
401,E2,Y,-0.0,2.717699858945615,2.717699858945615,0.2202997061095777,0.0,0.0187,0.0
908,E1,A,-0.0,2.7157867120072936,2.7157867120072936,0.1387755735239182,0.0,0.169,0.0
583,E1,L,0.1152975333656863,2.829003315789381,2.7137057824236948,0.3167498565695062,0.661,0.748,0.419
159,E2,T,0.0058627289316754,2.7180349650466384,2.712172236114963,0.3052256797102956,0.0,0.0746,0.0
555,E1,V,-0.0,2.7114493247743283,2.7114493247743283,0.5042105844408735,0.0,0.926,0.0
979,E1,V,0.0074878590094415,2.716582520347602,2.7090946613381606,0.5197186914486733,0.594,0.597,0.334
941,E1,A,0.0032944346586139,2.711647754822478,2.708353320163864,0.1825453265141324,0.637,0.755,0.528
982,E1,C,0.0075943519188155,2.7153336891355355,2.70773933721672,0.3451411245326179,100.0,0.34,100.0
561,E1,G,-0.0,2.706034430287507,2.706034430287507,0.4794637159321849,0.0,0.936,0.0
198,E2,P,0.003160794294693,2.7084711337674023,2.7053103394727094,0.3458176556702207,0.317,0.312,0.182
460,E2,R,0.0126424281003206,2.71674284036044,2.7041004122601193,0.3058509980379247,0.969,0.972,0.293
243,E2,R,0.0947187755277801,2.7982783657743586,2.7035595902465785,0.3080762978342747,100.0,0.0396,100.0
251,E2,G,0.0106836935738354,2.714230504777537,2.7035468112037013,0.1630784572818394,0.377,0.27,0.211
258,E2,N,0.0031598029238548,2.7057030201682815,2.702543217244427,0.6406841937195845,0.101,0.0231,0.086
769,E1,V,0.0319455834658117,2.733311112477269,2.7013655290114573,0.4517196369397742,0.499,0.507,0.429
181,E2,T,0.0063533656956496,2.7028965199935673,2.6965431542979177,0.2766136576702213,0.458,0.42,0.392
430,E2,T,-0.0,2.6945235490621267,2.6945235490621267,0.6646760185843684,0.0,0.00582,0.0
224,E2,S,0.0114782328103156,2.705953725574888,2.694475492764572,0.3079676312677876,0.072,0.000463,0.027
381,E2,E,0.0063214637723963,2.698463763567686,2.6921422997952895,0.5010104489754165,0.128,0.0326,0.043
856,E1,T,-0.0,2.689864736695377,2.689864736695377,0.1428319459584073,0.0,0.013,0.0
946,E1,L,0.1820327994219716,2.870436301414461,2.6884035019924895,0.2974813141437479,0.585,0.515,0.466
947,E1,G,-0.0,2.6880807162960263,2.6880807162960263,0.4017215253148993,0.0,0.212,0.0
870,E1,A,0.1795840234315611,2.86620670111702,2.6866226776854587,0.1759430767794792,100.0,0.077,98.755
185,E2,K,0.0180397399146297,2.7042498486177493,2.68621010870312,0.7136489085734122,0.264,0.289,0.169
199,E2,P,0.003160794294693,2.6891295674048643,2.6859687731101713,0.2301837752498752,0.0,0.0897,0.0
891,E1,A,0.0096424906825452,2.6934333703827376,2.6837908797001924,0.1135244039869971,0.844,0.855,1.112
708,E1,A,-0.0,2.6822968772935742,2.6822968772935742,0.0312068404499127,0.0,0.00192,0.0
470,E2,G,0.025788979576406,2.707180258676736,2.68139127910033,0.5964506275208006,0.0,0.919,0.0
146,E2,A,0.00635537085105,2.6862013737449058,2.6798460028938558,0.6930211031745792,0.114,0.0178,0.07
515,6K,A,0.0031687489517512,2.680710506493554,2.677541757541803,,0.193,0.183,0.214
553,E1,V,0.0728753503477663,2.7494608746776166,2.6765855243298504,0.5900371392822865,1.953,0.548,2.19
347,E2,Q,0.0063313967605779,2.68213102107369,2.675799624313112,0.2382777518190723,99.895,0.298,100.0
848,E1,M,0.0330576370606186,2.707978921198579,2.67492128413796,0.1540399050257429,1.004,0.999,1.001
961,E1,K,0.0033074760505401,2.6778575057528493,2.674550029702309,0.5460840321337944,100.0,0.272,99.832
69,E2,D,0.0063674298826276,2.6807240819809404,2.6743566520983126,,96.314,0.441,100.0
514,6K,L,-0.0,2.6738099293422692,2.6738099293422692,,0.0,0.953,0.0
958,E1,W,0.0033283493051056,2.67685812020872,2.6735297709036145,0.3455031146593365,1.0,1.0,0.0
475,E2,F,-0.0,2.672988490645913,2.672988490645913,0.6760462120572057,0.0,0.00018,0.0
933,E1,K,-0.0,2.672844505922921,2.672844505922921,0.4576508399287931,0.0,0.00296,0.0
149,E2,F,0.1235073316647998,2.79557113976434,2.6720638080995402,0.4009620342377801,0.728,0.751,0.859
765,E1,N,-0.0,2.6691649177814654,2.6691649177814654,0.2540522403208994,0.0,9.17e-05,0.0
274,E2,G,-0.0,2.666515508962905,2.666515508962905,0.2339090450701762,0.0,0.94,0.0
328,E2,N,0.003167752310158,2.664834987591811,2.661667235281653,0.570147183131505,0.0,0.0184,0.0
298,E2,K,0.0329559536873175,2.6927508158474387,2.6597948621601213,0.5862967605711246,1.743,0.646,1.115
550,E1,Y,0.0031717428503566,2.662046852884282,2.658875110033925,0.299938512442245,0.0,0.947,0.0
18,E3,C,-0.0,2.6572949828061474,2.6572949828061474,,0.0,0.962,0.0
335,E2,K,0.0151885260526618,2.672191785883453,2.6570032598307916,0.2667103899992183,0.0,0.129,0.0
422,E2,L,0.0402319409981829,2.696474801685378,2.656242860687195,0.367007636297933,1.144,0.823,0.552
351,E2,L,0.0063313967605779,2.6619028008679275,2.6555714041073495,0.1008511761392131,0.581,0.636,0.309
797,E1,G,0.0032142932023443,2.6587104677447706,2.655496174542426,0.6070035510816143,0.0,0.27,0.0
174,E2,E,-0.0,2.654692114726361,2.654692114726361,0.274980120307976,0.0,0.209,0.0
4,E3,A,0.0370393881069045,2.691401197856888,2.6543618097499837,,0.242,0.148,0.207
389,E2,E,0.0031657610098552,2.6567737521365955,2.6536079911267403,0.304575667039189,0.0,0.0106,0.0
344,E2,G,0.0310318158902675,2.6813119822494165,2.650280166359149,0.1630285728989917,0.0,3.23e-05,0.0
38,E3,M,-0.0,2.6469268572509246,2.6469268572509246,,0.0,0.921,0.0
942,E1,S,0.0152758628489042,2.660909161714491,2.6456332988655866,0.1961902174443352,0.589,0.588,0.359
963,E1,T,0.0033074760505401,2.646973377696214,2.6436659016456736,0.5298135766316834,0.0,0.219,0.0
955,E1,A,0.0033063851070878,2.6458763170069086,2.642569931899821,0.16015891941849,0.212,0.157,0.146
312,E2,E,0.0031598029238548,2.645147839064402,2.6419880361405474,0.4988605711998391,0.0,0.951,0.0
920,E1,S,0.006050115386525,2.6474321526998974,2.6413820373133725,0.3645193229277583,0.615,0.67,0.165
160,E2,G,-0.0,2.6408186264033655,2.6408186264033655,0.0288560545712035,0.0,0.193,0.0
951,E1,I,-0.0,2.639172608158132,2.639172608158132,0.4059791670638451,0.0,0.00116,0.0
200,E2,V,0.0126463956800819,2.6512726800812727,2.638626284401191,0.4126195787863858,1.809,0.537,0.747
554,E1,T,0.003167752310158,2.6383567750685284,2.6351890227583703,0.1670274785225364,90.277,0.165,100.0
406,E2,Q,0.0031627790065659,2.6366360075356603,2.6334732285290943,0.1170514114766026,0.187,0.116,0.124
737,E1,D,0.0031588122088629,2.634185617788046,2.6310268055791832,0.6335454682564784,0.0,0.926,0.0
973,E1,A,0.0034911782631952,2.6337838264257156,2.6302926481625204,0.1874962925246815,0.09,0.0141,0.072
976,E1,I,-0.0,2.629684273240091,2.629684273240091,0.4041913741175723,0.0,0.00049,0.0
959,E1,V,-0.0,2.628747147391172,2.628747147391172,0.4659806917010891,0.0,0.00879,0.0
289,E2,Q,-0.0,2.6227941861691497,2.6227941861691497,0.3006186589369332,0.0,0.162,0.0
755,E1,R,-0.0,2.6226363462116264,2.6226363462116264,0.27071702991441,0.0,0.0451,0.0
189,E2,S,0.1132643690151666,2.731094589664459,2.6178302206492927,0.301362948527539,0.2,0.172,0.154
603,E1,V,0.0031687489517512,2.6201212285512083,2.616952479599457,0.3068554122058997,0.149,0.0841,0.113
700,E1,D,0.0446683013838963,2.659749655266054,2.615081353882158,0.1473699249593067,0.027,1.44e-07,0.032
468,E2,T,-0.0,2.6138604917354322,2.6138604917354322,0.2531448841493897,0.0,0.279,0.0
126,E2,S,0.0090063571861853,2.6219744224031367,2.6129680652169514,0.2510402952368077,0.127,0.109,0.053
228,E2,T,-0.0,2.612869383520135,2.612869383520135,0.6780299657079669,0.0,0.222,0.0
140,E2,P,-0.0,2.61027341578166,2.61027341578166,0.390949671214911,0.0,0.00365,0.0
980,E1,V,0.0037611174317088,2.610971818120244,2.6072107006885354,0.4011629551503542,0.215,0.162,0.103
771,E1,Q,0.0031637723489315,2.610135187573901,2.6069714152249697,0.2375023724260404,0.0,0.207,0.0
346,E2,N,0.0058408467389501,2.612228210798631,2.606387364059681,0.3177331405720516,0.0,0.0124,0.0
763,E1,Y,0.0031847856890246,2.6089421529000876,2.605757367211063,0.1721082607326922,0.0,0.000332,0.0
560,E1,V,-0.0,2.603684201667011,2.603684201667011,0.3059197137430051,0.0,0.94,0.0
968,E1,L,-0.0,2.603305227529763,2.603305227529763,0.6422930073865275,0.0,0.0822,0.0
161,E2,T,-0.0,2.6017581439748207,2.6017581439748207,0.2086957744415758,0.0,0.0869,0.0
157,E2,T,0.0117286147258823,2.6134722941892825,2.6017436794634,0.3204988277334115,1.291,0.84,0.783
711,E1,I,0.1204496286429995,2.721197177398031,2.6007475487550313,0.2166700454849033,0.084,0.022,0.115
370,E2,N,0.0063194811188675,2.6041700949017375,2.59785061378287,0.413476974112168,0.158,0.145,0.107
137,E2,N,0.1174905251932561,2.714708491443387,2.597217966250131,0.5423661693791243,0.086,0.000824,0.089
399,E2,E,0.0094879619947873,2.6046827546054416,2.595194792610654,0.5298950061308679,0.957,0.976,0.332
859,E1,S,0.0031797558401355,2.595259092291494,2.5920793364513584,0.0596659525940464,0.495,0.572,0.197
917,E1,Q,0.003279356175193,2.594539296048376,2.5912599398731833,0.1735131943275712,0.785,0.85,0.302
349,E2,I,0.1269268046358309,2.7156805588823376,2.5887537542465067,0.196703391305783,1.072,0.94,0.668
145,E2,R,-0.0,2.588021981479663,2.588021981479663,0.2282769081453826,0.0,0.0222,0.0
975,E1,L,-0.0,2.5877741372507113,2.5877741372507113,0.5346872819658751,0.0,0.0529,0.0
342,E2,T,0.0063313967605779,2.5914098136935144,2.5850784169329364,0.4378459787505215,0.812,0.872,0.231
186,E2,I,0.0248710120856236,2.6098791263920944,2.5850081143064707,0.4737934547586332,0.09,0.0237,0.074
162,E2,M,0.0031797558401355,2.588167836398901,2.5849880805587655,0.1091463356549495,0.0,0.94,0.0
316,E2,R,-0.0,2.5840753593413925,2.5840753593413925,0.2700616523978906,0.0,0.0205,0.0
231,E2,E,0.003160794294693,2.587026327922485,2.583865533627792,0.4391229945942497,0.89,0.926,0.208
832,E1,P,-0.0,2.5803814878199955,2.5803814878199955,0.25261512848155,0.0,0.253,0.0
812,E1,T,0.0031627790065659,2.578937694534606,2.57577491552804,0.2077078542149192,0.0,0.94,0.0
131,E2,K,0.0031598029238548,2.5779307361515946,2.57477093322774,0.2791146126348113,0.0,0.223,0.0
748,E1,Q,-0.0,2.573793778556821,2.573793778556821,0.2354066925057133,0.0,0.107,0.0
688,E1,G,-0.0,2.5732665878526704,2.5732665878526704,0.5815454532602259,0.0,0.0451,0.0
743,E1,A,-0.0,2.5704746833529906,2.5704746833529906,0.3018861791302683,0.0,0.214,0.0
824,E1,N,0.0031667563297495,2.5728961341101657,2.569729377780416,0.2994403373183321,0.0,0.0129,0.0
244,E2,T,0.0031588122088629,2.5711388248897626,2.5679800126809,0.649204241889917,0.0,0.25,0.0
950,E1,D,0.0093882081958638,2.576590272319244,2.5672020641233804,0.2305539042650372,0.0,0.0063,0.0
887,E1,T,-0.0,2.563200792926497,2.563200792926497,0.1949044130449047,0.0,2.06e-05,0.0
567,E1,L,-0.0,2.560357214116207,2.560357214116207,0.2109640584632951,0.0,0.246,0.0
426,E2,E,0.0106902466075026,2.565206329206961,2.5545160825994584,0.1835759665846527,0.383,0.382,0.377
405,E2,P,-0.0,2.5536032022668143,2.5536032022668143,0.191971519003549,0.0,0.189,0.0
256,E2,T,0.0121489524253058,2.5644357808622855,2.5522868284369795,0.2170669818364058,0.56,0.653,0.23
828,E1,S,0.0031667563297495,2.5554407304215103,2.5522739740917606,0.1900950685537233,2.442,0.545,0.333
970,E1,V,-0.0,2.5521046580970776,2.5521046580970776,0.2159856811631613,0.0,0.000246,0.0
175,E2,T,0.0488438386107093,2.599262073652285,2.5504182350415756,0.1519930337797822,0.595,0.636,0.543
965,E1,G,0.0099614621331058,2.5599733299700547,2.550011867836949,0.3874196995461093,0.974,0.98,0.398
372,E2,Q,0.2122061421015409,2.759657163176788,2.547451021075247,0.3935184038942519,2.55,0.485,2.021
123,E2,T,-0.0,2.5465342371202673,2.5465342371202673,0.4855177960172284,0.0,0.186,0.0
717,E1,S,0.0083152503368668,2.5505472927042403,2.5422320423673734,0.2936056641205047,0.665,0.746,0.191
235,E2,H,0.0058444817470113,2.548051913661856,2.5422074319148447,0.0326427316022889,0.214,0.137,0.047
581,E1,E,-0.0,2.5393465862100073,2.5393465862100073,0.0972813100252379,0.0,0.0755,0.0
508,6K,L,0.444626282692485,2.9752257739122028,2.530599491219718,,0.184,0.0842,0.172
212,E2,H,0.0246171491413388,2.554733127823412,2.530115978682073,0.1819093480370757,0.0,0.00965,0.0
90,E2,G,-0.0,2.529073487010198,2.529073487010198,0.2739501786988835,0.0,0.252,0.0
73,E2,V,0.0058774138390691,2.534334620007213,2.528457206168144,0.3393013991445024,0.094,0.0324,0.095
55,E3,S,0.0115139003058793,2.5391999036948447,2.527686003388965,,0.566,0.545,0.149
26,E3,C,0.003160794294693,2.5298872833326804,2.5267264890379875,,100.0,0.254,90.204
78,E2,R,0.0031847856890246,2.529860398522049,2.5266756128330243,0.0674673841017818,0.43,0.5,0.147
537,6K,L,-0.0,2.5238322938237534,2.5238322938237534,,0.0,0.948,0.0
674,E1,H,-0.0,2.5222374713642526,2.5222374713642526,0.3287583884277892,0.0,0.215,0.0
66,E2,S,0.0063674298826276,2.526569188268807,2.5202017583861793,,0.189,0.0865,0.095
21,E3,P,-0.0,2.519865157297998,2.519865157297998,,0.0,0.16,0.0
972,E1,V,0.0068668236978842,2.5250527675009335,2.5181859438030494,0.4691983018644963,0.468,0.485,0.629
280,E2,K,-0.0,2.516376334959656,2.516376334959656,0.3429435155362737,0.0,0.163,0.0
269,E2,G,0.003160794294693,2.5195084766569242,2.5163476823622313,0.5895940166501364,0.127,0.0595,0.091
761,E1,D,0.0031617863220417,2.51319283292653,2.5100310466044884,0.5891109229194248,0.107,0.0453,0.063
974,E1,A,0.0035421032768511,2.507752016847495,2.504209913570644,0.2887039274605311,0.0,0.0645,0.0
265,E2,K,0.005831780140775,2.5090269186207537,2.503195138479979,0.2580306860100994,100.0,0.235,100.0
247,E2,S,0.1177665149747281,2.6181914853726407,2.5004249703979124,0.3789701411822612,0.713,0.8,0.213
52,E3,L,-0.0,2.494487420878727,2.494487420878727,,0.0,0.259,0.0
614,E1,T,0.0236528351868769,2.518005052655244,2.4943522174683674,0.607374991838317,2.455,0.356,1.463
857,E1,H,0.0031717428503566,2.497399806903466,2.494228064053109,0.0335967494230747,0.084,0.0132,0.086
260,E2,Q,0.0273882991535318,2.520521297528132,2.4931329983746,0.2423807742939319,100.0,0.0918,100.0
13,E3,N,-0.0,2.4922235025466897,2.4922235025466897,,0.0,0.00198,0.0
6,E3,P,0.0031627790065659,2.4942994028793337,2.4911366238727677,,0.0,0.133,0.0
254,E2,K,0.003160794294693,2.4942620476038666,2.4911012533091736,0.325251042624856,100.0,0.258,97.435
319,E2,K,-0.0,2.4903394307398674,2.4903394307398674,0.4551669847201214,0.0,0.139,0.0
81,E2,L,-0.0,2.4898001886339265,2.4898001886339265,0.136643444706859,0.0,0.00906,0.0
978,E1,I,-0.0,2.4895308840046386,2.4895308840046386,0.3781533300784767,0.0,0.00456,0.0
374,E2,E,0.0106804202631025,2.4991853963081248,2.4885049760450224,0.3793327701081421,0.0,0.257,0.0
585,E1,V,-0.0,2.4784085387871446,2.4784085387871446,0.022338442528737,0.0,0.0156,0.0
299,E2,K,0.0031687489517512,2.4782953881662495,2.475126639214498,0.2338757977833183,0.101,0.0173,0.049
275,E2,L,0.0792615432374734,2.553608139640932,2.4743465964034583,0.4994223776350953,3.979,0.023,1.829
562,E1,V,-0.0,2.4695141149292548,2.4695141149292548,0.0462306680533583,0.0,0.939,0.0
217,E2,P,0.0121489524253058,2.4812595374757245,2.4691105850504185,0.4786106005411258,2.049,0.635,0.78
3,E3,L,-0.0,2.4681828933805847,2.4681828933805847,,0.0,0.0358,0.0
448,E2,G,0.0031617863220417,2.4616084080869807,2.458446621764939,0.3581879866571267,0.39,0.431,0.198
686,E1,Y,-0.0,2.4567267163573687,2.4567267163573687,0.0696135698782445,0.0,0.169,0.0
802,E1,H,0.0031598029238548,2.4588772866021857,2.455717483678331,0.1522459154945067,0.0,0.00941,0.0
570,E1,R,-0.0,2.4523449988897528,2.4523449988897528,0.1483434048318765,0.0,0.945,0.0
92,E2,S,0.0031827717360946,2.452801318862283,2.4496185471261884,0.2122085529472056,1.218,0.892,0.532
671,E1,Y,-0.0,2.4484514022250887,2.4484514022250887,0.1736660905503722,0.0,0.00586,0.0
966,E1,V,0.0099846271980356,2.4575243596865874,2.447539732488552,0.2813275819454254,0.0,0.0326,0.0
599,E1,E,-0.0,2.4473998347645907,2.4473998347645907,0.087482657114943,0.0,0.273,0.0
539,6K,V,0.0138953789253731,2.459319925674082,2.445424546748709,,0.521,0.537,0.424
869,E1,Y,-0.0,2.4414063598178166,2.4414063598178166,0.0281844463590206,0.0,0.0251,0.0
450,E2,A,0.0063254330195664,2.4471620089451624,2.440836575925596,0.076848249119642,100.0,0.112,92.356
12,E3,A,0.0058354031994463,2.44634939291473,2.440513989715284,,0.0,0.184,0.0
777,E1,T,0.0031707442211776,2.4407384055290056,2.437567661307828,0.1361242898198376,0.107,0.0186,0.053
49,E3,Y,-0.0,2.4329614011974887,2.4329614011974887,,0.0,0.0135,0.0
427,E2,L,-0.0,2.432680970129829,2.432680970129829,0.2817149805589933,0.0,0.445,0.0
533,6K,T,0.5174203027720699,2.9456487200985535,2.4282284173264834,,0.212,0.205,0.161
261,E2,T,-0.0,2.4277005788845822,2.4277005788845822,0.1793165887552962,0.0,0.289,0.0
566,E1,T,-0.0,2.4273024668234267,2.4273024668234267,0.0693684148256276,0.0,0.94,0.0
439,E2,A,-0.0,2.4269913894900945,2.4269913894900945,0.3553482693039648,0.0,0.0067,0.0
971,E1,A,0.006789807461142,2.4324929431878672,2.4257031357267254,0.3881914428895229,0.698,0.734,0.879
866,E1,I,0.4123222433114734,2.837061005009773,2.4247387616982996,0.1879215342999728,0.361,0.18,0.377
141,E2,A,0.1950981583429608,2.617885869830629,2.4227877114876684,0.1844803455437034,0.64,0.709,0.466
39,E3,L,-0.0,2.421696832691987,2.421696832691987,,0.0,0.168,0.0
417,E2,P,0.0031617863220417,2.4220514394710118,2.41888965314897,0.50199602071105,0.996,0.998,0.395
934,E1,D,0.0032911912479167,2.422092738686267,2.4188015474383504,0.3491667480709806,0.0,0.11,0.0
695,E1,A,0.0211119149437129,2.4384270414016562,2.417315126457943,0.0436727647096381,0.987,0.99,0.559
420,E2,I,-0.0,2.412612584227111,2.412612584227111,0.2684097102463029,0.0,0.0524,0.0
272,E2,N,0.5152558301411413,2.926565918714355,2.4113100885732135,0.2607392836528061,0.165,0.0537,0.237
621,E1,S,0.5601599549606014,2.9687914940895155,2.408631539128914,0.7376111704885221,0.489,0.6,0.389
419,E2,E,0.0293197471581739,2.43756941583844,2.408249668680266,0.2415257010558763,0.916,0.952,0.446
356,E2,H,-0.0,2.408215935535139,2.408215935535139,0.1052777556069294,0.0,0.131,0.0
16,E3,F,0.0058354031994463,2.4133313874228004,2.4074959842233543,,0.368,0.511,0.168
296,E2,N,-0.0,2.404550069596836,2.404550069596836,0.078604915458206,0.0,0.0187,0.0
558,E1,N,0.0173640070463195,2.421750793388734,2.4043867863424144,0.0392305965897792,89.1,0.319,99.974
20,E3,Q,0.4495174382133391,2.852859261857454,2.403341823644115,,0.54,0.616,0.282
446,E2,M,0.0031617863220417,2.4037579226432153,2.4005961363211736,0.3283379762563611,100.0,0.716,87.828
61,E3,R,0.547245790966929,2.946028703382921,2.398782912415992,,0.338,0.234,0.259
943,E1,H,0.0033031168286478,2.3955690499462126,2.3922659331175646,0.0840090630490047,0.389,0.517,0.189
462,E2,I,0.0058372165178778,2.397667921738486,2.3918307052206083,0.4149461944597077,0.197,0.141,0.096
459,E2,R,-0.0,2.3895501785168514,2.3895501785168514,0.5506167440630051,0.0,0.218,0.0
453,E2,M,0.0031627790065659,2.3876528863392803,2.3844901073327143,0.2256550983399095,0.0,0.916,0.0
42,E3,N,-0.0,2.3832784874378934,2.3832784874378934,,0.0,0.00809,0.0
969,E1,V,0.098304245820468,2.4803490755510564,2.3820448297305883,0.464175513660286,0.667,0.82,0.926
455,E2,M,0.2234571540305008,2.604427116846362,2.3809699628158616,0.4321205827874494,0.168,0.211,0.123
215,E2,E,0.0031837783765407,2.3808391194832774,2.377655341106737,0.4248227415901048,0.0,0.059,0.0
487,E2,K,-0.0,2.373247654647087,2.373247654647087,0.5270077783585331,0.0,0.0639,0.0
252,E2,N,0.005831780140775,2.3737823312416637,2.367950551100889,0.180240902947451,0.035,0.000416,0.036
732,E1,D,0.0089867247282815,2.3752434136136276,2.366256688885346,0.1543563351622568,100.0,0.232,93.791
197,E2,D,0.1239451075555777,2.4892635006173234,2.3653183930617456,0.3079665226884059,0.673,0.661,0.273
535,6K,T,0.6048274659977667,2.9660694106940895,2.3612419446963226,,100.0,0.00295,100.0
931,E1,P,0.003293352772404,2.363824323971172,2.360530971198768,0.1508416103985001,1.514,0.682,0.344
610,E1,K,0.0031707442211776,2.3634969918130886,2.360326247591911,0.2774443842530608,0.0,0.0563,0.0
590,E1,T,0.0083306521243012,2.3686305111751365,2.3602998590508353,0.2239360103952379,0.133,0.0416,0.073
70,E2,N,0.5227034282761686,2.8811689552465687,2.3584655269704,0.7802334739008457,0.103,0.0518,0.109
697,E1,A,0.0031797558401355,2.3608143952341654,2.3576346393940297,0.0156711500138358,0.075,0.00453,0.055
179,E2,G,-0.0,2.3561363972679312,2.3561363972679312,0.0367068652422632,0.0,0.125,0.0
478,E2,S,0.0090119831394246,2.364808509180088,2.3557965260406633,0.3333005790252556,0.397,0.53,0.182
45,E3,S,0.5338643493811717,2.88668733490893,2.3528229855277587,,1.142,0.917,0.777
816,E1,R,-0.0,2.3489200067547986,2.3489200067547986,0.2471074154894368,0.0,0.955,0.0
853,E1,P,0.5343912785471696,2.8801319063353605,2.345740627788191,0.2965072511180491,1.248,0.805,0.952
443,E2,L,0.003160794294693,2.345713767948699,2.342552973654006,0.3238155502537654,0.198,0.105,0.057
841,E1,D,0.009017616533311,2.3510667844815774,2.3420491679482662,0.4212247432335931,0.202,0.0744,0.106
694,E1,S,0.6009759845036515,2.9397915058625133,2.3388155213588617,0.5089575706418623,1.376,0.723,1.824
205,E2,K,0.1106679007730485,2.4466256403603452,2.335957739587297,0.3935911704808637,0.421,0.467,0.191
445,E2,S,0.0933636194378061,2.4224898960650623,2.3291262766272562,0.3875191748963342,0.205,0.111,0.077
284,E2,N,0.003160794294693,2.327484292937531,2.324323498642838,0.6269234810539696,0.0,0.00223,0.0
473,E2,V,0.0194477345238628,2.3433768893277063,2.3239291548038437,0.1574277613533218,0.114,0.0374,0.097
76,E2,A,0.0058755739643283,2.3297210083276747,2.3238454343633466,0.2903669760615218,0.14,0.0783,0.103
579,E1,E,0.005839031030644,2.326410015310006,2.3205709842793616,0.0710719018892605,1.544,0.772,0.446
325,E2,P,0.0083357995328791,2.3251177294153456,2.3167819298824663,0.2661648327664229,1.196,0.844,0.152
71,E2,F,0.014743891648228,2.329096612618378,2.31435272097015,0.161387804914429,0.093,0.0246,0.051
288,E2,D,-0.0,2.3127895617280174,2.3127895617280174,0.5838015072754345,0.0,0.00379,0.0
14,E3,T,0.0257418022014887,2.3375200412219352,2.3117782390204464,,0.32,0.23,0.173
207,E2,H,0.0173061934582373,2.3269494985440793,2.309643305085842,0.3121463245711849,1.612,0.706,0.703
362,E2,Y,-0.0,2.3080626450370034,2.3080626450370034,0.2262460682163811,0.0,0.00254,0.0
822,E1,V,-0.0,2.3067412423778912,2.3067412423778912,0.135139591689374,0.0,0.0269,0.0
923,E1,V,0.023376922163726,2.3292441879795525,2.3058672658158264,0.0656010783040063,100.0,0.141,100.0
580,E1,M,0.016140172232394,2.3218990952135767,2.3057589229811826,0.0225152812148055,1.0,1.0,1.0
332,E2,R,0.0389040019331786,2.3437400064838734,2.304836004550695,0.1926960431771083,1.915,0.588,0.397
67,E2,I,0.5377720842925252,2.842181444745108,2.3044093604525826,,0.352,0.19,0.425
693,E1,V,0.0107363585976838,2.3111073874930264,2.3003710288953427,0.038120102787314,0.0,0.0166,0.0
34,E3,K,0.6722624203030688,2.9688598348172777,2.296597414514209,,100.0,0.0328,100.0
423,E2,Y,0.0312260605954011,2.3271515569496803,2.2959254963542794,0.1370135012985991,0.149,0.0507,0.07
229,E2,A,0.5773079053954818,2.869592674534779,2.292284769139297,0.5671651154231738,2.353,0.202,1.689
183,E2,G,0.5418450499109573,2.8333596526379816,2.291514602727024,0.4137395901433822,0.137,0.0146,0.113
576,E1,M,-0.0,2.2899111356222015,2.2899111356222015,0.1742589460303394,0.0,0.916,0.0
871,E1,A,0.0403079439400904,2.3210558857082955,2.280747941768205,0.0765174234299388,0.54,0.675,0.466
725,E1,K,-0.0,2.278615227438506,2.278615227438506,0.1702198909729303,0.0,0.183,0.0
650,E1,T,0.0058590698430265,2.2810290251197176,2.275169955276691,0.0277367225027453,0.0,0.0812,0.0
547,6K,V,0.0107297452542757,2.285804784911084,2.2750750396568082,,2.714,0.418,0.979
573,E1,Y,-0.0,2.2750171184320123,2.2750171184320123,0.1707123125813398,0.0,0.0012,0.0
437,E2,S,0.005833591074146,2.277304408249719,2.271470817175573,0.3779430772882034,0.394,0.422,0.166
214,E2,R,0.5297627264526644,2.797747781343145,2.2679850548904805,0.3132239519952292,0.702,0.633,0.374
193,E2,P,0.0058299703981331,2.2691398458440464,2.263309875445913,0.3456461852030816,0.0,0.222,0.0
739,E1,P,-0.0,2.263038201154548,2.263038201154548,0.1686465744367223,0.0,0.115,0.0
447,E2,V,0.0083203775398331,2.266828231460658,2.258507853920825,0.4222356184654742,0.0,0.06,0.0
496,6K,V,0.7188716505411367,2.96955892701701,2.2506872764758734,,0.468,0.37,0.571
86,E2,D,0.0031837783765407,2.2480389081988164,2.244855129822276,0.0641223758470233,0.0,0.0472,0.0
281,E2,V,0.0089895238202299,2.25263056017515,2.24364103635492,0.4543451557537449,1.047,0.976,0.385
30,E3,K,0.6919567652169157,2.930782349923052,2.2388255847061362,,1.135,0.894,1.076
476,E2,L,-0.0,2.237715511692841,2.237715511692841,0.2739471459446803,0.0,0.237,0.0
88,E2,G,0.0063674298826276,2.2435196919013904,2.2371522620187627,0.1857579635134202,1.843,0.624,0.819
438,E2,V,0.005833591074146,2.2395443073865637,2.2337107163124177,0.4292802550322003,0.12,0.0356,0.091
926,E1,A,0.6885958307338984,2.9195722928428247,2.2309764621089263,0.4813204809351592,100.0,0.0383,100.0
762,E1,V,0.0089923247573682,2.234003518455276,2.225011193697908,0.158218829419086,0.258,0.248,0.146
793,E1,L,0.0032318605926317,2.224547257653672,2.22131539706104,0.1876787571921827,0.804,0.844,0.156
782,E1,Y,0.003160794294693,2.2238164557710727,2.2206556614763797,0.2887723473746009,0.0,0.97,0.0
484,E2,R,0.0058408467389501,2.221445906194214,2.215605059455264,0.6014655149645874,0.698,0.805,0.325
862,E1,G,0.0107762216613155,2.2252603730756864,2.214484151414371,0.1100900884464215,0.0,0.109,0.0
730,E1,K,-0.0,2.2127089332805183,2.2127089332805183,0.3518743952092001,0.0,0.949,0.0
880,E1,H,0.0063353791836685,2.2170292227285984,2.21069384354493,0.1326277574387065,0.295,0.281,0.097
587,E1,L,0.0031697462552003,2.211621966547522,2.2084522202923216,0.0860363856688098,0.0,0.301,0.0
962,E1,I,-0.0,2.20799627715767,2.20799627715767,0.5272990181604914,0.0,0.0525,0.0
56,E3,L,-0.0,2.206643477397134,2.206643477397134,,0.0,0.224,0.0
854,E1,A,0.6552298206389751,2.8604197259462167,2.2051899053072415,0.1832520385574418,2.178,0.494,1.528
594,E1,D,-0.0,2.201360990668998,2.201360990668998,0.1055873950507907,0.0,0.042,0.0
723,E1,D,0.0031588122088629,2.199273105100086,2.196114292891223,0.4015185601993923,0.21,0.21,0.133
313,E2,L,0.7029489702278041,2.8953305446756983,2.1923815744478943,0.4381227512954053,0.663,0.435,0.481
259,E2,S,0.5281164092428101,2.7199909059496887,2.1918744967068786,0.6932995782756103,0.346,0.0788,0.187
35,E3,T,-0.0,2.189935737109173,2.189935737109173,,0.0,0.0531,0.0
441,E2,F,0.0775073158891945,2.2642840265371746,2.18677671064798,0.567875480197941,100.0,0.299,90.362
967,E1,G,-0.0,2.1858757023833193,2.1858757023833193,0.3456581746592769,0.0,0.293,0.0
715,E1,M,0.0173166743818106,2.202710578572095,2.1853939041902843,0.2200166170585334,0.085,0.309,0.039
964,E1,G,-0.0,2.1844863363869593,2.1844863363869593,0.6200543179935141,0.0,0.975,0.0
377,E2,T,0.6193109365812548,2.8031959344359554,2.1838849978547006,0.4457759927747416,2.149,0.494,1.336
692,E1,T,-0.0,2.1829524984134667,2.1829524984134667,0.5284254563651288,0.0,0.162,0.0
27,E3,C,-0.0,2.1806870646656784,2.1806870646656784,,0.0,0.393,0.0
240,E2,T,-0.0,2.1788876511020625,2.1788876511020625,0.1350505670516862,0.0,0.2,0.0
690,E1,N,-0.0,2.176202425641723,2.176202425641723,0.4780367759554445,0.0,0.0491,0.0
956,E1,M,0.676245044473512,2.8523597125071185,2.1761146680336063,0.3886606285557032,86.169,0.775,97.872
457,E2,A,-0.0,2.172480709142281,2.172480709142281,0.1905644894515923,0.0,0.205,0.0
888,E1,I,0.0032339406767802,2.1697646848478183,2.166530744171038,0.0397688047546818,0.0,6.72e-05,0.0
130,E2,T,-0.0,2.1654801947204088,2.1654801947204088,0.3888722888342542,0.0,0.0171,0.0
927,E1,A,0.0032825750063345,2.1671469802241905,2.163864405217856,0.0706133236016535,0.202,0.121,0.067
222,E2,A,0.5257984949398475,2.6892760265272337,2.163477531587386,0.3775598656268701,0.337,0.25,0.26
303,E2,N,-0.0,2.1578905943453623,2.1578905943453623,0.1696530768306311,0.0,0.267,0.0
710,E1,F,-0.0,2.156890449834401,2.156890449834401,0.0350781074563827,0.0,0.0161,0.0
51,E3,L,0.0031627790065659,2.1596393034848527,2.1564765244782866,,1.796,0.655,0.29
742,E1,G,-0.0,2.1516898290620956,2.1516898290620956,0.1222060753361413,0.0,0.199,0.0
886,E1,V,0.0032112139666444,2.1462833331963305,2.143072119229686,0.0301169490938466,0.0,0.0192,0.0
62,E3,R,-0.0,2.1400733276577157,2.1400733276577157,,0.0,0.0617,0.0
192,E2,H,-0.0,2.137500894958273,2.137500894958273,0.1766651779903852,0.0,0.97,0.0
477,E2,L,0.0031717428503566,2.1369227360516034,2.1337509932012466,0.1042631321896233,1.146,0.915,0.274
842,E1,A,-0.0,2.128485176734655,2.128485176734655,0.1347259142404049,0.0,0.333,0.0
454,E2,C,0.0031617863220417,2.1192061533429407,2.116044367020899,0.3691988002148333,0.0,0.153,0.0
293,E2,A,0.0089895238202299,2.119981677988211,2.110992154167981,0.0342041077921586,0.0,0.166,0.0
659,E1,K,0.0031747427238488,2.1134512009542306,2.110276458230382,0.1563806557023371,2.909,0.49,0.337
712,E1,V,0.0114889084346066,2.1168579283333973,2.1053690198987907,0.0433331015786776,2.042,0.51,0.757
270,E2,D,0.8003221146228847,2.900678527458139,2.1003564128352545,0.7232196017097413,0.334,0.284,0.374
435,E2,V,0.1203106166414885,2.220615235041297,2.1003046183998086,0.4909846675408931,2.952,0.363,2.756
593,E1,L,-0.0,2.0979618488574268,2.0979618488574268,0.4247322021889915,0.0,0.29,0.0
191,E2,T,0.0437537016319532,2.1374854615995695,2.0937317599676164,0.1222743832597248,0.604,0.597,0.239
938,E1,N,-0.0,2.093227388532298,2.093227388532298,0.5045084111887372,0.0,0.0433,0.0
833,E1,D,0.6105025479111589,2.7012941393343715,2.0907915914232125,0.3661197240299449,1.163,0.902,1.564
479,E2,L,0.003167752310158,2.088271848018791,2.085104095708633,0.6634455971040532,6.292,0.259,0.9
434,E2,V,0.0204775854386281,2.094689417031466,2.074211831592838,0.5363736582900483,0.582,0.644,0.481
684,E1,V,0.0152302504345446,2.089434689123298,2.0742044386887537,0.0280480829826211,0.0,0.0381,0.0
383,E2,R,0.642360487148538,2.7162909269422713,2.0739304397937333,0.5551736232750712,1.173,0.829,0.658
119,E2,I,0.0031737421010167,2.071524179206176,2.0683504371051593,0.044702726452817,0.141,0.0855,0.062
103,E2,R,-0.0,2.0675278187583688,2.0675278187583688,0.1239668207895479,0.0,0.971,0.0
818,E1,M,0.7493953428107686,2.8169198847105403,2.067524541899772,0.1702468616179186,3.34,0.253,2.3
209,E2,R,-0.0,2.064829783067668,2.064829783067668,0.1800647234740805,0.0,0.685,0.0
718,E1,A,0.0063214637723963,2.069939104863582,2.0636176410911857,0.7952714157714357,0.0,0.232,0.0
483,E2,I,0.1948464417423085,2.2578104421942946,2.062964000451986,0.2716153098891073,1.207,0.836,0.819
918,E1,V,0.0032772139857811,2.0653276196807306,2.0620504056949494,0.0419912766140594,0.054,0.00157,0.047
865,E1,A,0.0058372165178778,2.0659000945205666,2.0600628780026886,0.0076185173712174,1.09,0.953,0.311
829,E1,I,-0.0,2.055722948043445,2.055722948043445,0.0683467704221782,0.0,0.00536,0.0
673,E1,A,0.0031717428503566,2.0577788875407466,2.0546071446903897,0.0485471356267124,0.0,0.00918,0.0
825,E1,M,0.1206514995210899,2.1725411283322176,2.0518896288111277,0.0477235710397272,100.0,0.658,100.0
402,E2,K,0.0138525253743963,2.0652642455947134,2.051411720220317,0.3232845168434682,1.892,0.613,0.833
916,E1,V,0.0203939964696113,2.0703423804119727,2.0499483839423616,0.0374532187541012,1.906,0.582,1.425
248,E2,Q,-0.0,2.048753931842272,2.048753931842272,0.2933364703613449,0.0,0.631,0.0
754,E1,S,-0.0,2.048598181349166,2.048598181349166,0.0110688648531695,0.0,0.199,0.0
881,E1,S,0.0058847855627815,2.052860233334384,2.0469754477716027,0.0709239720021446,0.84,0.904,0.437
40,E3,E,-0.0,2.0454625820981276,2.0454625820981276,,0.0,0.448,0.0
444,E2,L,0.003160794294693,2.045648951827563,2.04248815753287,0.588828849373078,8.213,0.0943,1.14
340,E2,T,-0.0,2.039611266870721,2.039611266870721,0.0912916551378953,0.0,0.457,0.0
615,E1,A,0.009003546995109,2.0482700832315714,2.0392665362364624,0.0876817326776462,0.622,0.603,0.507
903,E1,I,0.0143583616342115,2.044808381703858,2.0304500200696465,0.0563257678524416,0.675,0.709,0.369
879,E1,V,0.0063254330195664,2.036424964546058,2.0300995315264916,0.0144303916066055,0.0,0.0463,0.0
660,E1,S,0.0031777485904795,2.0253627455780903,2.022184996987611,0.0868473686389899,0.0,0.00166,0.0
139,E2,M,0.8600465616591633,2.8800698124174415,2.0200232507582783,0.3904937915035228,0.795,0.829,0.64
889,E1,R,0.0032153209993794,2.021576662446277,2.0183613414468975,0.2995043202774356,0.0,0.00984,0.0
860,E1,D,-0.0,2.017170383193849,2.017170383193849,0.3105817842219978,0.0,0.00114,0.0
632,E1,G,-0.0,2.0087911753733714,2.0087911753733714,0.3990365580761005,0.0,0.1,0.0
878,E1,A,0.0106935263347214,2.0154004176464215,2.0047068913117,0.1196580639430095,1.398,0.786,0.145
122,E2,K,0.0521777713871632,2.0564282420293596,2.004250470642196,0.2646458431656739,92.469,0.00855,94.656
210,E2,P,-0.0,2.003345934381129,2.003345934381129,0.1165157763557124,0.0,0.477,0.0
461,E2,C,-0.0,2.000269733715079,2.000269733715079,0.1486469669328455,0.0,0.00892,0.0
110,E2,T,0.0031847856890246,1.9937544039280677,1.990569618239043,0.06692797137299,0.0,0.27,0.0
939,E1,Y,-0.0,1.9830945228220875,1.9830945228220875,0.3671660581006133,0.0,0.178,0.0
623,E1,P,-0.0,1.9711021834480345,1.9711021834480345,0.2784068977669977,0.0,0.0768,0.0
667,E1,F,-0.0,1.9709020597458384,1.9709020597458384,0.2494755401848664,0.0,0.3,0.0
577,E1,V,0.005839031030644,1.9764989505063149,1.9706599194756709,0.0633346715232355,0.428,0.491,0.198
540,6K,M,0.5728030163143543,2.5403253000744717,1.9675222837601174,,100.0,0.253,100.0
556,E1,I,0.0031697462552003,1.9593790931234951,1.9562093468682948,0.0333861184479659,0.0,0.944,0.0
575,E1,P,-0.0,1.955536463524366,1.955536463524366,0.1491548891102896,0.0,0.411,0.0
940,E1,P,0.0032987697151245,1.955640835797818,1.9523420660826933,0.3510645316651553,1.285,0.844,0.17
604,E1,I,0.1601918918154227,2.111915958983166,1.9517240671677434,0.1325783797437299,0.535,0.384,0.333
914,E1,F,0.0032825750063345,1.9497277251812721,1.9464451501749376,0.0358828774195336,0.0,0.0228,0.0
646,E1,D,0.0031687489517512,1.9451637654518996,1.9419950165001485,0.5036519860968627,0.0,0.95,0.0
744,E1,G,0.0083126892517956,1.9499169334570452,1.9416042442052497,0.0419730430465112,61.23,0.00224,0.817
387,E2,P,-0.0,1.9384615314216183,1.9384615314216183,0.2166972765948691,0.0,0.28,0.0
682,E1,L,-0.0,1.9329928706293429,1.9329928706293429,0.0478884561445263,0.0,0.124,0.0
94,E2,H,-0.0,1.9299425765011193,1.9299425765011193,0.2982195136368927,0.0,0.0101,0.0
480,E2,I,0.2286480418963274,2.15622543978538,1.9275773978890527,0.4599590484928781,2.12,0.56,1.212
772,E1,R,-0.0,1.9235561440715494,1.9235561440715494,0.4466360943260208,0.0,0.416,0.0
216,E2,L,0.003160794294693,1.9244305316084362,1.9212697373137433,0.2870755057215854,0.0,0.118,0.0
188,E2,H,0.0529826074073498,1.9739136819230902,1.9209310745157404,0.2429007430565032,0.668,0.573,0.397
329,E2,V,0.6501681576863299,2.56989005592348,1.9197218982371502,0.4073391530187745,1.423,0.634,0.922
838,E1,R,-0.0,1.914587417039183,1.914587417039183,0.4028937856689311,0.0,0.955,0.0
798,E1,A,0.0058299703981331,1.910688763694217,1.9048587932960839,0.2923900480221642,0.497,0.45,0.215
549,6K,A,-0.0,1.8845585760793602,1.8845585760793602,,0.0,0.943,0.0
845,E1,L,0.1109764306241267,1.9907121791133575,1.8797357484892308,0.0571926547507228,0.566,0.661,0.207
819,E1,N,-0.0,1.878131077073011,1.878131077073011,0.2307328772773844,0.0,0.00165,0.0
837,E1,T,0.684697800975064,2.5567078888983983,1.8720100879233343,0.3943188865946092,0.845,0.829,0.364
150,E2,V,0.0174222352963719,1.883108151193979,1.865685915897607,0.0375393197521757,0.636,0.757,0.406
317,E2,K,0.2293366494668055,2.092073366046007,1.8627367165792015,0.5343178036154798,0.758,0.855,0.407
616,E1,E,-0.0,1.8612212209247243,1.8612212209247243,0.5943855029945001,0.0,0.644,0.0
647,E1,T,0.663869637604017,2.521189977217932,1.857320339613915,0.5374842233058963,0.359,0.0852,0.32
696,E1,Y,0.0170993458903958,1.873333667430165,1.8562343215397692,0.3279317219897475,0.7,0.737,0.457
578,E1,L,-0.0,1.8509550299338355,1.8509550299338355,0.0511358566217204,0.0,0.172,0.0
568,E1,V,0.0058372165178778,1.8538379840792605,1.8480007675613828,0.0371965755847972,0.661,0.777,0.381
895,E1,V,0.0065650140998155,1.8524610584878598,1.8458960443880443,0.0171119562204002,0.0,0.00756,0.0
728,E1,V,-0.0,1.8454773815178007,1.8454773815178007,0.1175656053163881,0.0,0.43,0.0
557,E1,P,-0.0,1.8380521084129486,1.8380521084129486,0.3380867640402306,0.0,0.961,0.0
683,E1,R,0.0058572421126732,1.842731982087647,1.8368747399749739,0.2185280710485692,3.083,0.413,0.124
163,E2,G,-0.0,1.8318963095261465,1.8318963095261465,0.0211603117147249,0.0,0.729,0.0
602,E1,T,-0.0,1.8317513536411958,1.8317513536411958,0.1151364999885769,0.0,0.0639,0.0
760,E1,E,1.1253568849661295,2.955882068504429,1.8305251835382996,0.8036053381754503,4.971,0.114,5.821
582,E1,L,-0.0,1.830374184739921,1.830374184739921,0.0280194833867695,0.0,0.219,0.0
65,E3,R,-0.0,1.8209702725708394,1.8209702725708394,,1.0,1.0,0.0
121,E2,I,0.0138824933084994,1.829192606419138,1.8153101131106386,0.0282709684884178,0.0,0.942,0.0
680,E1,A,0.0031737421010167,1.8181329673211084,1.8149592252200917,0.1023127918830647,0.73,0.813,0.332
263,E2,R,0.0151700601429882,1.8207034726717755,1.8055334125287872,0.3472987317885506,0.0,0.736,0.0
158,E2,I,-0.0,1.8030139522784807,1.8030139522784807,0.3676274299604328,0.0,0.00339,0.0
803,E1,T,0.0151654511555599,1.8149544187594222,1.7997889676038623,0.184083860942033,0.0,0.538,0.0
605,E1,P,-0.0,1.7987106613319983,1.7987106613319983,0.2006742062658018,0.0,0.436,0.0
907,E1,T,0.0060442504829207,1.8028463591117163,1.7968021086287955,0.018553937949297,0.684,0.765,0.126
10,E3,L,-0.0,1.7921870399023416,1.7921870399023416,,0.0,0.648,0.0
7,E3,V,-0.0,1.789930141118543,1.789930141118543,,0.0,0.0126,0.0
236,E2,M,0.0031598029238548,1.7801214497478597,1.7769616468240048,0.1850054568818433,100.0,0.817,1.001
177,E2,T,-0.0,1.7764493248042192,1.7764493248042192,0.1103175388554371,0.0,0.408,0.0
774,E1,S,0.5257426965541244,2.300328889551574,1.7745861929974498,0.2463129311026724,0.658,0.728,0.178
115,E2,V,0.0031737421010167,1.7741981973998528,1.7710244552988361,0.0549807909970726,0.0,0.000625,0.0
804,E1,A,-0.0,1.7694952890570403,1.7694952890570403,0.0415175311263092,0.0,0.221,0.0
433,E2,V,0.4405372905453361,2.208496822056347,1.7679595315110106,0.2487027860136197,0.435,0.299,0.3
9,E3,C,0.0031627790065659,1.7675173765973713,1.7643545975908055,,6.147,0.255,0.137
759,E1,S,0.0090373922250014,1.76934816627809,1.7603107740530888,0.1969133862968526,0.091,0.0142,0.034
852,E1,V,0.0031727421434112,1.761252014821427,1.758079272678016,0.1544719342365835,0.0,0.0276,0.0
741,E1,F,-0.0,1.7534506454100685,1.7534506454100685,0.1679304791956695,0.0,0.111,0.0
421,E2,I,0.0304933921647772,1.7789165120377362,1.748423119872959,0.3723740194779379,0.243,0.0689,0.085
394,E2,T,-0.0,1.7458946903432004,1.7458946903432004,0.070590806927852,0.0,0.291,0.0
8,E3,M,0.1107294561594165,1.8545634775513902,1.7438340213919736,,100.0,0.678,92.712
458,E2,R,-0.0,1.739395244639154,1.739395244639154,0.3955623942915167,0.0,0.724,0.0
428,E2,Y,-0.0,1.734489057075768,1.734489057075768,0.322305630889956,0.0,0.964,0.0
440,E2,S,0.6145615972859548,2.3418378905579122,1.7272762932719574,0.3457002748019814,2.669,0.469,0.9
291,E2,H,0.0031598029238548,1.7232640340978471,1.7201042311739922,0.0501631423274463,0.0,0.389,0.0
785,E1,A,0.0031598029238548,1.717896354112571,1.714736551188716,0.0546826293487996,0.0,0.964,0.0
486,E2,A,0.1166103292938064,1.8312752524591138,1.7146649231653075,0.3083127989789874,0.298,0.127,0.272
656,E1,H,0.0063533656956496,1.719149490504726,1.7127961248090764,0.146837271205891,0.39,0.365,0.049
830,E1,D,-0.0,1.7079237761921453,1.7079237761921453,0.2529500065790439,0.0,0.01,0.0
591,E1,L,-0.0,1.7043313625602396,1.7043313625602396,0.4516792114832914,0.0,0.2,0.0
337,E2,R,-0.0,1.7031872703985942,1.7031872703985942,0.1917413904521223,0.0,0.181,0.0
451,E2,V,0.6070914862487599,2.3041799418626026,1.6970884556138426,0.5315537357662846,6.403,0.151,2.732
449,E2,V,0.7436371476373429,2.439314485377134,1.6956773377397911,0.4665843111138195,0.835,0.824,0.724
341,E2,V,0.0031657610098552,1.6971674448154148,1.6940016838055596,0.3278839594953357,0.7,0.783,0.206
425,E2,Y,-0.0,1.687387184004825,1.687387184004825,0.4396640650526932,0.0,0.458,0.0
596,E1,I,-0.0,1.6824491498556677,1.6824491498556677,0.0160839953521209,0.0,0.955,0.0
28,E3,Y,-0.0,1.6761767092156032,1.6761767092156032,,0.0,0.0251,0.0
875,E1,G,-0.0,1.6760065837898253,1.6760065837898253,0.1564342923860784,0.0,0.246,0.0
206,E2,F,-0.0,1.6712885161851059,1.6712885161851059,0.2513222483472675,0.0,0.0139,0.0
790,E1,K,-0.0,1.6703976102429214,1.6703976102429214,0.2681277396089638,0.0,0.245,0.0
858,E1,S,0.0031747427238488,1.6713082862486324,1.6681335435247835,0.0747065081433989,6.428,0.203,0.141
799,E1,S,0.0330502357049082,1.6964969164586443,1.663446680753736,0.0717872750646832,0.91,0.924,0.35
169,E2,R,-0.0,1.6609323136088288,1.6609323136088288,0.2731547134189115,0.0,0.641,0.0
827,E1,I,0.003167752310158,1.6631968456676867,1.6600290933575286,0.0301000680990054,0.16,0.0836,0.074
232,E2,I,0.0094820083889895,1.665713187623164,1.6562311792341744,0.2351644516002667,100.0,0.353,100.0
287,E2,V,0.1298474082627727,1.7764643574163126,1.6466169491535398,0.2873518384767942,3.282,0.167,2.116
624,E1,D,-0.0,1.6465688551185511,1.6465688551185511,0.2262971337283811,0.0,0.0142,0.0
307,E2,V,0.0063194811188675,1.6501366226029635,1.6438171414840959,0.1127553616179429,3.789,0.246,1.034
176,E2,L,0.0063573773422347,1.6385856756035864,1.6322282982613516,0.0470359144794569,0.0,0.577,0.0
783,E1,S,-0.0,1.6291068766574401,1.6291068766574401,0.0369615962177833,0.0,0.866,0.0
233,E2,E,-0.0,1.621533301948329,1.621533301948329,0.174052522436602,0.0,0.628,0.0
302,E2,Y,0.0094790345409643,1.6308569059456426,1.6213778714046783,0.0796870850914491,2.355,0.367,0.207
257,E2,V,-0.0,1.6194129236904617,1.6194129236904617,0.0841516207155967,0.0,0.0341,0.0
815,E1,V,0.0058354031994463,1.6234327529749157,1.6175973497754694,0.0976232364392562,0.0,0.954,0.0
322,E2,I,0.0031687489517512,1.6194535465477249,1.6162847975959738,0.1000211514951255,0.483,0.625,0.262
436,E2,V,0.472120025637098,2.0856078816147066,1.6134878559776085,0.4340000858543327,0.514,0.484,0.317
775,E1,A,0.3226702865717545,1.9342062890334268,1.6115360024616723,0.8174032997478566,0.623,0.523,0.364
890,E1,E,0.0064284567787578,1.6164909346986296,1.6100624779198718,0.2879045653793813,0.0,0.381,0.0
670,E1,A,0.0063473582305704,1.6149563062205623,1.6086089479899919,0.0177617202842478,0.541,0.538,0.253
85,E2,P,-0.0,1.6076584431468903,1.6076584431468903,0.0305301581849553,0.0,0.197,0.0
652,E1,L,-0.0,1.6014138530002835,1.6014138530002835,0.0805819222305524,0.0,0.357,0.0
99,E2,L,0.0031847856890246,1.5987570667916409,1.5955722811026163,0.038418371064246,0.0,0.171,0.0
810,E1,I,-0.0,1.5904029847464685,1.5904029847464685,0.1166757569078523,0.0,0.0336,0.0
384,E2,L,0.0114889084346066,1.6017631205988554,1.5902742121642488,0.0643117485237171,2.742,0.215,0.52
796,E1,R,0.0063194811188675,1.5956617199413385,1.589342238822471,0.2197486139041997,0.561,0.645,0.052
36,E3,L,-0.0,1.5879506373579768,1.5879506373579768,,0.0,0.0562,0.0
716,E1,S,-0.0,1.5877577853745328,1.5877577853745328,0.484594417977763,0.0,0.0679,0.0
442,E2,V,0.6995563612429722,2.286345196254561,1.5867888350115886,0.4367442934812335,0.711,0.712,0.657
178,E2,V,0.0275280185688914,1.6076439018792215,1.5801158833103301,0.05443374745621,1.312,0.84,0.234
424,E2,Y,-0.0,1.5794975933728483,1.5794975933728483,0.1777657397127242,0.0,0.258,0.0
831,E1,I,-0.0,1.5773327293593782,1.5773327293593782,0.0405245296778781,0.0,0.05,0.0
104,E2,N,0.0031847856890246,1.5743130025052336,1.571128216816209,0.2641571362323987,0.123,0.0657,0.129
770,E1,L,-0.0,1.5707241794437161,1.5707241794437161,0.0780122951776266,0.0,0.363,0.0
166,E2,I,-0.0,1.5704715930143391,1.5704715930143391,0.0462643214928806,0.0,0.00616,0.0
574,E1,S,-0.0,1.568065825732864,1.568065825732864,0.1318488077253184,0.0,0.287,0.0
306,E2,L,0.0031598029238548,1.570585043506021,1.567425240582166,0.1491902166661528,4.516,0.17,0.18
655,E1,A,-0.0,1.5613557334059298,1.5613557334059298,0.0182818410275381,0.0,0.975,0.0
117,E2,L,0.0031747427238488,1.5598743476281742,1.5566996049043254,0.0282829364324753,0.0,0.616,0.0
77,E2,I,0.0107628989983694,1.5653810180884948,1.5546181190901254,0.0725060145287968,0.742,0.811,0.131
97,E2,V,0.1140876077882514,1.6659644112474745,1.5518768034592232,0.0131509095658956,0.226,0.221,0.153
699,E1,G,0.0205527055230396,1.5681982005724657,1.547645495049426,0.2647472166795439,2.427,0.297,0.196
373,E2,E,0.0121489524253058,1.559038993036702,1.5468900406113961,0.3355697576016938,2.899,0.47,0.315
800,E1,L,-0.0,1.54402784783797,1.54402784783797,0.1014444431147649,0.0,0.282,0.0
5,E3,I,0.1120467763484994,1.6480739386016028,1.5360271622531034,,0.975,0.984,0.146
379,E2,K,0.0031598029238548,1.5324802037292804,1.5293204008054255,0.2035520411646561,100.0,0.239,100.0
138,E2,H,0.0106935263347214,1.5393448456220085,1.528651319287287,0.2208842696612822,1.513,0.74,0.034
380,E2,K,-0.0,1.527873739211378,1.527873739211378,0.3498615068066752,1.0,1.0,0.0
764,E1,A,-0.0,1.5226070250744486,1.5226070250744486,0.1127577171546466,0.0,0.193,0.0
752,E1,I,0.008995127541559,1.5314634064262684,1.5224682788847095,0.0195634039118366,0.249,0.22,0.07
208,E2,S,0.0063214637723963,1.5188588454252077,1.5125373816528114,0.1271186480432606,0.0,0.31,0.0
135,E2,M,-0.0,1.5087988305919473,1.5087988305919473,0.0488824112153524,1.0,1.0,0.0
116,E2,S,-0.0,1.5082724737174742,1.5082724737174742,0.0092715945987052,0.0,0.4,0.0
184,E2,R,0.0063493593867662,1.4954141789274458,1.4890648195406795,0.5731054894818954,0.0,0.487,0.0
292,E2,A,0.0252287717756988,1.5092862372448297,1.484057465469131,0.0124341555106108,0.786,0.754,0.362
867,E1,I,0.0058444817470113,1.4889618004411513,1.48311731869414,0.0401004345991808,0.284,0.268,0.136
246,E2,M,0.0501123667731459,1.5308488020478739,1.480736435274728,0.0518743757492354,96.153,0.502,100.0
861,E1,F,0.0031707442211776,1.4731742835582207,1.470003539337043,0.4061960868945313,0.503,0.523,0.033
629,E1,V,-0.0,1.469061115712462,1.469061115712462,0.3175028138290893,0.0,0.166,0.0
96,E2,P,-0.0,1.455455162912013,1.455455162912013,0.0629725672075654,0.0,0.191,0.0
353,E2,Y,0.0214833320323123,1.476485076967583,1.4550017449352708,0.0187295784287253,0.418,0.401,0.058
355,E2,D,-0.0,1.4538008043113413,1.4538008043113413,0.3990093133095118,0.0,0.392,0.0
719,E1,W,-0.0,1.4493004859382506,1.4493004859382506,0.3225190851027383,1.0,1.0,0.0
136,E2,D,-0.0,1.4448266498124456,1.4448266498124456,0.2191633094367371,0.0,0.191,0.0
720,E1,T,0.0031588122088629,1.44399420992705,1.4408353977181871,0.2663936314823002,100.0,0.0699,100.0
767,E1,Q,-0.0,1.4394208957827186,1.4394208957827186,0.297590805540428,0.0,0.15,0.0
733,E1,V,-0.0,1.4321554897218982,1.4321554897218982,0.0135089065517092,0.0,0.132,0.0
167,E2,L,-0.0,1.4312671479981196,1.4312671479981196,0.0219612896806667,0.0,0.318,0.0
326,E2,L,-0.0,1.4229112325425224,1.4229112325425224,0.1706273355811878,0.0,0.422,0.0
906,E1,S,0.0119031215513774,1.4246759771657556,1.4127728556143782,0.0105397238352436,7.516,0.189,0.383
675,E1,T,-0.0,1.4044187604025928,1.4044187604025928,0.359562794221142,0.0,0.067,0.0
75,E2,K,-0.0,1.4040765866812592,1.4040765866812592,0.5369386282073445,0.0,0.972,0.0
608,E1,Y,-0.0,1.3975126671903353,1.3975126671903353,0.1358710107261355,1.0,1.0,0.0
105,E2,E,-0.0,1.3938485267410523,1.3938485267410523,0.0930435176217917,0.0,0.335,0.0
768,E1,L,-0.0,1.3841311850729148,1.3841311850729148,0.1107883956641716,0.0,0.359,0.0
807,E1,G,-0.0,1.3771809601157103,1.3771809601157103,0.1499485436029532,0.0,0.317,0.0
125,E2,D,0.0129919082709964,1.389221749010324,1.3762298407393276,0.2487570230810294,0.568,0.495,0.64
726,E1,I,-0.0,1.3736128868782411,1.3736128868782411,0.0223705044644064,0.0,0.235,0.0
589,E1,P,0.0031657610098552,1.3749713377312494,1.3718055767213941,0.0643887401789098,2.529,0.504,0.217
371,E2,Y,0.005831780140775,1.3767196889979116,1.3708879088571366,0.2384990645252672,1.004,0.997,0.133
382,E2,I,0.5228380465129683,1.8844422793961355,1.3616042328831672,0.2425861450033249,0.198,0.0498,0.113
245,E2,L,0.0031617863220417,1.3638763881460094,1.3607146018239678,0.2210760363642686,0.0,0.102,0.0
343,E2,Y,-0.0,1.3573195270977028,1.3573195270977028,0.3628183919015875,1.0,1.0,0.0
350,E2,M,0.0083280809516408,1.364753096008244,1.356425015056603,0.0383034589038813,100.0,0.2,100.0
565,E1,K,-0.0,1.3530749117098935,1.3530749117098935,0.1658047657287346,1.0,1.0,0.0
301,E2,Q,-0.0,1.34236321980272,1.34236321980272,0.0651665103851467,0.0,0.663,0.0
805,E1,P,-0.0,1.3298911686205515,1.3298911686205515,0.152899946702897,0.0,0.34,0.0
642,E1,Y,0.0063795372976565,1.3322804321803146,1.325900894882658,0.1180075392818864,3.675,0.351,0.091
734,E1,Y,0.0031627790065659,1.3290428601379005,1.3258800811313347,0.0540995593302773,0.15,0.0785,0.069
937,E1,V,-0.0,1.323149090674694,1.323149090674694,0.1068901997964748,0.0,0.0279,0.0
297,E2,H,-0.0,1.3219130335794695,1.3219130335794695,0.4968311780062415,0.0,0.356,0.0
836,E1,F,-0.0,1.3193204217191523,1.3193204217191523,0.0692571437043187,0.0,0.0317,0.0
194,E2,F,-0.0,1.3134364134556729,1.3134364134556729,0.1541732719001989,0.0,0.123,0.0
778,E1,V,0.005831780140775,1.3136088968686186,1.3077771167278436,0.0849565093045146,0.621,0.708,0.203
905,E1,F,-0.0,1.3051724245930312,1.3051724245930312,0.0053255019843711,0.0,0.0366,0.0
132,E2,L,-0.0,1.3046410605484917,1.3046410605484917,0.0037897605442474,1.0,1.0,0.0
488,E2,A,-0.0,1.3040936885750911,1.3040936885750911,0.4265885003243272,0.0,0.377,0.0
749,E1,F,-0.0,1.2993164178553196,1.2993164178553196,0.0775682954247908,0.0,0.0103,0.0
360,E2,L,-0.0,1.297380738749905,1.297380738749905,0.0503758823293511,17.206,0.207,0.0
369,E2,P,0.018319899047227,1.3150362358466055,1.2967163367993784,0.1918429749590792,1.788,0.696,0.475
357,E2,P,-0.0,1.2912012768127854,1.2912012768127854,0.2621015119997308,0.0,0.51,0.0
365,E2,M,-0.0,1.278020916705007,1.278020916705007,0.102456786605828,0.0,0.974,0.0
148,E2,L,-0.0,1.276464072845987,1.276464072845987,0.1352466070421018,0.0,0.321,0.0
863,E1,G,-0.0,1.2714482353269496,1.2714482353269496,0.012531581694633,0.0,0.0839,0.0
834,E1,A,-0.0,1.2321746088890808,1.2321746088890808,0.7808972846832398,0.0,0.138,0.0
113,E2,I,0.015253536631096,1.2470222772719197,1.2317687406408238,0.0268567428832011,0.0,0.2,0.0
843,E1,P,-0.0,1.2238135597730129,1.2238135597730129,0.0608826797282668,0.0,0.355,0.0
662,E1,S,-0.0,1.2227393357555687,1.2227393357555687,0.0387533190818733,0.0,0.612,0.0
294,E2,V,0.0083152503368668,1.226552562959884,1.218237312623017,0.0741629766272322,0.0,0.171,0.0
234,E2,V,-0.0,1.214108825026888,1.214108825026888,0.0815146335987924,0.0,0.272,0.0
817,E1,A,-0.0,1.2112444470992247,1.2112444470992247,0.0021393671757441,0.0,0.487,0.0
676,E1,A,-0.0,1.2097482802754755,1.2097482802754755,0.2715982362155404,0.0,0.513,0.0
391,E2,L,-0.0,1.1887951469318425,1.1887951469318425,0.0248422163567115,0.0,0.298,0.0
403,E2,Y,-0.0,1.1855851925467278,1.1855851925467278,0.084218007954385,0.0,0.221,0.0
142,E2,D,-0.0,1.172848721043649,1.172848721043649,0.2275315769243395,0.0,0.079,0.0
657,E1,V,-0.0,1.162618215396462,1.162618215396462,0.0110441568615332,0.0,0.213,0.0
230,E2,E,0.0058372165178778,1.1682360937744174,1.1623988772565397,0.0804410439597068,0.131,0.0432,0.044
746,E1,P,-0.0,1.1509306731847535,1.1509306731847535,0.1445328703303294,0.0,0.415,0.0
102,E2,I,0.0139471765721639,1.1628591599012363,1.1489119833290724,0.1581628643405486,1.22,0.88,0.472
264,E2,Y,-0.0,1.135502745609584,1.135502745609584,0.0872208488752072,0.0,0.181,0.0
111,E2,L,0.00837722339541,1.143581385763533,1.135204162368123,0.0385544531031937,0.0,0.507,0.0
107,E2,T,0.0031847856890246,1.136991872608192,1.1338070869191674,0.1059776347874618,0.0,0.648,0.0
806,E1,F,0.0031878116655714,1.129406002423719,1.1262181907581474,0.1633466795084055,1.911,0.611,0.069
780,E1,V,0.003160794294693,1.1264801997086018,1.1233194054139088,0.0871628294266545,0.0,0.29,0.0
120,E2,G,0.0194830954130142,1.1325762651821463,1.113093169769132,0.0386337265482289,9.761,0.15,0.288
201,E2,I,-0.0,1.1059969965082224,1.1059969965082224,0.1624647981649166,0.0,0.959,0.0
727,E1,V,-0.0,1.0947434310276183,1.0947434310276183,0.0178142085045333,1.0,1.0,0.0
481,E2,C,0.0031667563297495,1.0947586279757657,1.0915918716460162,0.4083867484462518,28.126,0.058,0.101
168,E2,A,0.6829518867875951,1.7658283126525696,1.0828764258649746,0.0312347837534587,0.588,0.62,0.309
143,E2,A,0.0031767459679019,1.0855849031101525,1.0824081571422506,0.0634289416514437,3.222,0.419,0.403
74,E2,Y,-0.0,1.081009926917099,1.081009926917099,0.0663203069662426,0.0,0.655,0.0
738,E1,Y,0.003160794294693,1.077118713428816,1.073957919134123,0.0105069028246815,0.0,0.516,0.0
114,E2,Q,-0.0,1.0731978326520388,1.0731978326520388,0.0395187359172664,1.0,1.0,0.0
630,E1,F,-0.0,1.0659424963310198,1.0659424963310198,0.0738832795563802,0.0,0.358,0.0
432,E2,T,-0.0,1.059424846824231,1.059424846824231,0.1743827258648301,0.0,0.745,0.0
935,E1,H,-0.0,1.0516292967667766,1.0516292967667766,0.1267053612819397,0.0,0.352,0.0
352,E2,L,-0.0,1.0452523917161314,1.0452523917161314,0.0066231685117821,0.0,0.531,0.0
320,E2,V,0.5245301963837408,1.5659782920343297,1.041448095650589,0.1400455239471331,0.548,0.437,0.246
595,E1,Y,-0.0,1.0398295785557914,1.0398295785557914,0.0071307291364082,1.0,1.0,0.0
112,E2,K,0.0115498036657604,1.0434595035058414,1.031909699840081,0.0385279940432611,0.0,0.841,0.0
474,E2,P,0.0031667563297495,1.0212301217908288,1.0180633654610793,0.5175475993255673,0.0,0.636,0.0
787,E1,S,-0.0,1.0178543049944322,1.0178543049944322,0.1084729612302976,0.0,0.253,0.0
152,E2,T,0.0031787518809972,1.0203328178659496,1.0171540659849525,0.0867042880909555,0.0,0.402,0.0
714,E1,P,-0.0,1.0146536041643741,1.0146536041643741,0.5106348208365419,0.0,0.392,0.0
791,E1,Y,0.0031617863220417,1.0146048340570148,1.0114430477349732,0.1649362343297627,2.228,0.531,0.084
334,E2,P,-0.0,1.0002550729047373,1.0002550729047373,0.059682278459665,0.0,0.238,0.0
