site,sequential_site,region,alignment_entropy,preference_entropy,rsa,omega_ExpCM,P_ExpCM,omega_M0,P_M0
-1(E3),1,E3,,0.0854,,,,,
1(E3),2,E3,-0,2.9,,0,0.00349,0,0.00141
2(E3),3,E3,-0,2.66,,0,0.0293,0,0.0132
3(E3),4,E3,0.037,2.74,,0.231,0.135,0.207,0.106
4(E3),5,E3,0.112,1.76,,0.755,0.824,0.146,0.114
5(E3),6,E3,0.00316,2.72,,0,0.0843,0,0.0248
6(E3),7,E3,-0,1.85,,0,0.0171,0,0.00256
7(E3),8,E3,0.111,1.96,,100,0.691,92.7,0.826
8(E3),9,E3,0.00316,1.99,,4.91,0.31,0.137,0.206
9(E3),10,E3,-0,1.9,,0,0.646,0,0.275
10(E3),11,E3,-0,0.953,,0,0.526,0,0.000404
11(E3),12,E3,0.00584,2.47,,0,0.197,0,0.15
12(E3),13,E3,-0,2.62,,0,0.00102,0,7.78e-05
13(E3),14,E3,0.0257,2.4,,0.272,0.168,0.173,0.0586
14(E3),15,E3,0.00316,2.89,,0,0.00166,0,0.000336
15(E3),16,E3,0.00584,2.68,,0.358,0.499,0.168,0.253
16(E3),17,E3,0.00316,2.97,,0,0.000133,0,1.26e-05
17(E3),18,E3,-0,2.79,,0,0.955,0,0.935
18(E3),19,E3,0.0266,2.94,,0.479,0.593,0.266,0.343
19(E3),20,E3,0.45,2.92,,0.41,0.47,0.282,0.298
20(E3),21,E3,-0,2.79,,0,0.092,0,0.0146
21(E3),22,E3,0.0215,2.94,,0.098,0.0145,0.091,0.0119
22(E3),23,E3,-0,2.88,,0,0.0231,0,0.00338
23(E3),24,E3,0.171,2.97,,0.679,0.476,0.626,0.39
24(E3),25,E3,-0,2.91,,0,0.0134,0,0.00218
25(E3),26,E3,0.00316,2.75,,94.4,0.319,90.2,0.585
26(E3),27,E3,-0,2.6,,0,0.271,0,0.0428
27(E3),28,E3,-0,1.92,,0,0.00596,0,5.97e-07
28(E3),29,E3,0.00832,2.94,,0.788,0.857,0.935,0.958
29(E3),30,E3,0.692,2.95,,1.09,0.926,1.08,0.939
30(E3),31,E3,0.0257,2.91,,0.745,0.824,0.864,0.91
31(E3),32,E3,-0,2.76,,0,0.00196,0,1.49e-05
32(E3),33,E3,-0,2.95,,0,0.0988,0,0.108
33(E3),34,E3,0.672,2.98,,100,0.0313,100,0.0144
34(E3),35,E3,-0,2.41,,0,0.0587,0,0.0171
35(E3),36,E3,-0,1.7,,0,0.0585,0,1.36e-06
36(E3),37,E3,-0,2.94,,0,0.069,0,0.0208
37(E3),38,E3,-0,2.75,,0,0.918,0,0.917
38(E3),39,E3,-0,2.49,,0,0.165,0,0.0513
39(E3),40,E3,-0,2.31,,0,0.369,0,0.118
40(E3),41,E3,0.00316,2.95,,0.086,0.0557,0.093,0.0631
41(E3),42,E3,-0,2.67,,0,0.00643,0,0.00116
42(E3),43,E3,0.0634,2.93,,0.169,0.0638,0.156,0.0504
43(E3),44,E3,0.00316,2.95,,0,0.923,0,0.917
44(E3),45,E3,0.534,2.92,,1.07,0.958,0.777,0.849
45(E3),46,E3,0.00832,2.96,,0.128,0.0363,0.084,0.00991
46(E3),47,E3,-0,2.91,,0,0.102,0,0.073
47(E3),48,E3,-0,1.28,,0,0.557,0,0.0738
48(E3),49,E3,-0,2.67,,0,0.00627,0,0.00205
49(E3),50,E3,-0,2.98,,0,0.938,0,0.949
50(E3),51,E3,0.00316,2.44,,1.96,0.612,0.29,0.241
51(E3),52,E3,-0,2.58,,0,0.262,0,0.0904
52(E3),53,E3,0.12,2.96,,0.206,0.0372,0.198,0.0356
53(E3),54,E3,0.0115,2.94,,100,0.314,100,0.324
54(E3),55,E3,0.0115,2.64,,0.553,0.531,0.149,0.0314
55(E3),56,E3,-0,2.31,,0,0.181,0,0.0699
56(E3),57,E3,0.00317,2.96,,0.256,0.258,0.232,0.225
57(E3),58,E3,-0,2.9,,0,0.00309,0,0.000153
58(E3),59,E3,-0,2.97,,0,0.139,0,0.169
59(E3),60,E3,0.0685,2.98,,0.931,0.948,0.618,0.677
60(E3),61,E3,0.547,2.96,,0.303,0.187,0.259,0.137
61(E3),62,E3,-0,2.28,,0,0.0505,0,2e-06
62(E3),63,E3,0.0153,2.96,,0.653,0.771,0.509,0.646
63(E3),64,E3,-0,2.95,,0,0.0141,0,0.00557
64(E3),65,E3,-0,2.12,,1,1,0,0.937
1(E2),66,E2,0.00637,2.65,,0.175,0.0726,0.095,0.0194
2(E2),67,E2,0.538,2.89,,0.332,0.168,0.425,0.287
3(E2),68,E2,0.00318,2.93,,0.117,0.0485,0.116,0.0469
4(E2),69,E2,0.00637,2.77,,100,0.488,100,0.55
5(E2),70,E2,0.523,2.91,0.78,0.097,0.0458,0.109,0.056
6(E2),71,E2,0.0147,2.48,0.161,0.09,0.0225,0.051,0.00454
7(E2),72,E2,0.00318,2.78,0.346,0.122,0.0644,0.162,0.104
8(E2),73,E2,0.00588,2.57,0.339,0.123,0.0602,0.095,0.0324
9(E2),74,E2,-0,1.26,0.0663,0,0.661,0,0.017
10(E2),75,E2,-0,1.69,0.537,0,0.977,0,0.93
11(E2),76,E2,0.00588,2.38,0.29,0.156,0.098,0.103,0.0378
12(E2),77,E2,0.0108,1.6,0.0725,0.707,0.775,0.131,0.0604
13(E2),78,E2,0.00318,2.69,0.0675,0.433,0.503,0.147,0.114
14(E2),79,E2,0.00319,0.18,0.00553,100,0.00888,0.102,0.0233
15(E2),80,E2,-0,0.0978,0.0388,0,0.874,0,0.00109
16(E2),81,E2,-0,2.56,0.137,0,0.00783,0,0.000609
17(E2),82,E2,-0,0.777,0.0451,0,0.297,0,0.00995
18(E2),83,E2,0.00906,2.94,0.147,0.137,0.0316,0.123,0.0229
19(E2),84,E2,0.00318,0.0878,0.00144,100,0.0198,0.078,0.0116
20(E2),85,E2,-0,2.56,0.0305,0,0.123,0,0.0239
21(E2),86,E2,0.00318,2.7,0.0641,0,0.0236,0,0.00866
22(E2),87,E2,-0,0.0859,0.102,0,0.84,0,9.68e-06
23(E2),88,E2,0.00637,2.49,0.186,1.36,0.803,0.819,0.874
24(E2),89,E2,-0,2.95,0.356,0,0.124,0,0.129
25(E2),90,E2,-0,2.76,0.274,0,0.0589,0,0.0213
26(E2),91,E2,-0,2.96,0.475,0,0.000256,0,9.68e-05
27(E2),92,E2,0.00318,2.88,0.212,0.813,0.886,0.532,0.663
28(E2),93,E2,-0,0.0977,0.253,0,0.929,0,0.0514
29(E2),94,E2,-0,2.38,0.298,0,0.00878,0,0.00023
30(E2),95,E2,-0,0.747,0.0277,0,0.357,0,0.00934
31(E2),96,E2,-0,1.88,0.063,0,0.131,0,0.0162
32(E2),97,E2,0.114,1.67,0.0132,0.221,0.216,0.153,0.123
33(E2),98,E2,0.00319,0.845,0.0297,0,0.422,0,0.00952
34(E2),99,E2,0.00318,1.67,0.0384,0,0.204,0,0.00642
35(E2),100,E2,-0,0.118,0.19,0,0.902,0,0.0168
36(E2),101,E2,0.00318,2.79,0.257,0,0.167,0,0.0586
37(E2),102,E2,0.0139,1.35,0.158,1.1,0.94,0.472,0.576
38(E2),103,E2,-0,2.09,0.124,0,0.976,0,0.934
39(E2),104,E2,0.00318,1.69,0.264,0.129,0.073,0.129,0.0675
40(E2),105,E2,-0,1.47,0.093,0,0.355,0,0.129
41(E2),106,E2,-0,0.408,0.0286,0,0.719,0,0.131
42(E2),107,E2,0.00318,1.28,0.106,0,0.637,0,0.0998
43(E2),108,E2,-0,0.14,0.217,0,0.865,0,0.0137
44(E2),109,E2,-0,0.983,0.118,0,0.645,0,0.00333
45(E2),110,E2,0.00318,2.11,0.0669,0,0.267,0,0.107
46(E2),111,E2,0.00838,1.21,0.0386,0,0.492,0,0.0228
47(E2),112,E2,0.0115,1.3,0.0385,0,0.813,0,0.117
48(E2),113,E2,0.0153,1.23,0.0269,0,0.199,0,0.0695
49(E2),114,E2,-0,1.07,0.0395,1,1,0,0.949
50(E2),115,E2,0.00317,1.85,0.055,0,0.000681,0,6.24e-07
51(E2),116,E2,-0,1.58,0.00927,0,0.388,0,0.0272
52(E2),117,E2,0.00317,1.72,0.0283,0,0.577,0,0.0388
53(E2),118,E2,-0,0.349,0.00586,0,0.847,0,0.114
54(E2),119,E2,0.00317,2.14,0.0447,0.138,0.082,0.062,0.0125
55(E2),120,E2,0.0195,1.13,0.0386,15.8,0.0914,0.288,0.39
56(E2),121,E2,0.0139,1.87,0.0283,0,0.947,0,0.921
57(E2),122,E2,0.0522,2.21,0.265,95.3,0.00727,94.7,0.0369
58(E2),123,E2,-0,2.73,0.486,0,0.157,0,0.12
59(E2),124,E2,-0,0.276,0.62,0,0.804,0,0.158
60(E2),125,E2,0.013,1.45,0.249,0.678,0.634,0.64,0.571
61(E2),126,E2,0.00901,2.62,0.251,0.168,0.166,0.053,0.023
62(E2),127,E2,0.00316,2.88,0.256,0.033,6.54e-05,0.025,1.06e-05
63(E2),128,E2,0.00316,0.434,0.208,0,0.595,0,0.0146
64(E2),129,E2,0.0152,2.93,0.592,0,0.945,0,0.953
65(E2),130,E2,-0,2.25,0.389,0,0.0237,0,0.00228
66(E2),131,E2,0.00316,2.67,0.279,0,0.124,0,0.021
67(E2),132,E2,-0,1.39,0.00379,1,1,0,0.95
68(E2),133,E2,-0,0.107,0.0571,0,0.893,0,0.000337
69(E2),134,E2,0.00316,1.33,0.0133,0,0.0156,0,9.86e-05
70(E2),135,E2,-0,1.82,0.0489,1,1,0,0.917
71(E2),136,E2,-0,2.77,0.219,0,0.0137,0,0.0148
72(E2),137,E2,0.117,2.77,0.542,0.077,0.000262,0.089,0.000255
73(E2),138,E2,0.0107,1.44,0.221,1.72,0.672,0.034,0.000402
74(E2),139,E2,0.86,2.93,0.39,0.806,0.837,0.64,0.677
75(E2),140,E2,-0,2.73,0.391,0,0.00141,0,0.000317
76(E2),141,E2,0.195,2.79,0.184,0.643,0.7,0.466,0.464
77(E2),142,E2,-0,2.01,0.228,0,0.0324,0,0.00231
78(E2),143,E2,0.00318,1.24,0.0634,3.65,0.376,0.403,0.526
79(E2),144,E2,0.0733,1.22,0.303,100,0.0105,100,0.19
80(E2),145,E2,-0,2.66,0.228,0,0.0166,0,0.000802
81(E2),146,E2,0.00636,2.7,0.693,0.108,0.015,0.07,0.00308
82(E2),147,E2,0.0152,2.92,0.199,0.519,0.466,0.32,0.196
83(E2),148,E2,-0,1.4,0.135,0,0.303,0,0.0169
84(E2),149,E2,0.124,2.83,0.401,0.61,0.623,0.859,0.877
85(E2),150,E2,0.0174,1.9,0.0375,0.812,0.886,0.406,0.536
86(E2),151,E2,0.00318,2.86,0.243,0,0.0965,0,0.0592
87(E2),152,E2,0.00318,1.02,0.0867,0,0.35,0,0.011
88(E2),153,E2,0.0107,2.87,0.407,1.72,0.714,0.579,0.708
89(E2),154,E2,0.00318,2.86,0.143,0.232,0.239,0.255,0.265
90(E2),155,E2,0.00904,2.9,0.471,0,0.188,0,0.125
91(E2),156,E2,-0,0.0894,0.0897,0,0.927,0,0.0531
92(E2),157,E2,0.0117,2.89,0.32,1.44,0.774,0.783,0.848
93(E2),158,E2,-0,1.93,0.368,0,0.00204,0,0.00131
94(E2),159,E2,0.00586,2.96,0.305,0,0.051,0,0.0387
95(E2),160,E2,-0,2.74,0.0289,0,0.202,0,0.08
96(E2),161,E2,-0,2.62,0.209,0,0.0863,0,0.0285
97(E2),162,E2,0.00318,2.66,0.109,0,0.942,0,0.917
98(E2),163,E2,-0,1.95,0.0212,0,0.736,0,0.113
99(E2),164,E2,-0,0.639,0.061,0,0.3,0,0.0105
100(E2),165,E2,-0,1.08,0.0238,0,0.563,0,0.00882
101(E2),166,E2,-0,1.67,0.0463,0,0.00462,0,7.54e-05
102(E2),167,E2,-0,1.5,0.022,0,0.341,0,0.0163
103(E2),168,E2,0.683,1.77,0.0312,0.624,0.66,0.309,0.266
104(E2),169,E2,-0,2.86,0.273,0,0.0293,0,0.00214
105(E2),170,E2,-0,0.0952,0.094,0,0.884,0,0.00234
106(E2),171,E2,-0,2.89,0.426,0,0.00397,0,7.15e-05
107(E2),172,E2,0.00586,2.93,0.511,100,0.418,99.7,0.396
108(E2),173,E2,0.00319,0.971,0.0681,5.03,0.267,0.175,0.155
109(E2),174,E2,-0,2.88,0.275,0,0.131,0,0.109
110(E2),175,E2,0.0488,2.89,0.152,0.703,0.747,0.543,0.571
111(E2),176,E2,0.00636,1.7,0.047,0,0.595,0,0.275
112(E2),177,E2,-0,2.12,0.11,0,0.311,0,0.0942
113(E2),178,E2,0.0275,1.63,0.0544,1.27,0.857,0.234,0.229
114(E2),179,E2,-0,2.52,0.0367,0,0.0896,0,0.0227
115(E2),180,E2,0.00318,0.712,0.0189,0,0.725,0,0.00881
116(E2),181,E2,0.00635,2.78,0.277,0.412,0.356,0.392,0.326
117(E2),182,E2,-0,1.73,0.0717,0,0.0377,0,0.00104
118(E2),183,E2,0.542,2.98,0.414,0.118,0.0084,0.113,0.00817
119(E2),184,E2,0.00635,2.83,0.573,0,0.0368,0,0.0107
120(E2),185,E2,0.018,2.91,0.714,0.172,0.155,0.169,0.148
121(E2),186,E2,0.0249,2.9,0.474,0.076,0.0148,0.074,0.0124
122(E2),187,E2,0.0215,2.89,0.504,0.047,0.00178,0.059,0.00453
123(E2),188,E2,0.053,2.21,0.243,0.742,0.671,0.397,0.201
124(E2),189,E2,0.113,2.87,0.301,0.24,0.231,0.154,0.0993
125(E2),190,E2,-0,0.0959,0.00321,0,0.854,0,5.54e-05
126(E2),191,E2,0.0438,2.42,0.122,0.533,0.51,0.239,0.122
127(E2),192,E2,-0,2.52,0.177,0,0.961,0,0.93
128(E2),193,E2,0.00583,2.87,0.346,0,0.162,0,0.116
129(E2),194,E2,-0,1.52,0.154,0,0.155,0,0.00059
130(E2),195,E2,0.00316,2.9,0.385,0,0.047,0,0.0381
131(E2),196,E2,0.00316,1.19,0.0454,0.672,0.731,0.024,9.54e-06
132(E2),197,E2,0.124,2.67,0.308,0.59,0.559,0.273,0.156
133(E2),198,E2,0.00316,2.78,0.346,0.333,0.332,0.182,0.12
134(E2),199,E2,0.00316,2.76,0.23,0,0.0819,0,0.0444
135(E2),200,E2,0.0126,2.8,0.413,1.74,0.563,0.747,0.763
136(E2),201,E2,-0,1.35,0.162,0,0.955,0,0.921
137(E2),202,E2,-0,0.0994,0.395,0,0.856,0,5.99e-06
138(E2),203,E2,-0,0.281,0.142,0,0.939,0,0.0204
139(E2),204,E2,-0,0.798,0.00651,0,0.401,0,0.0048
140(E2),205,E2,0.111,2.6,0.394,0.404,0.447,0.191,0.171
141(E2),206,E2,-0,2.46,0.251,0,0.000409,0,2.13e-07
142(E2),207,E2,0.0173,2.88,0.312,0.666,0.753,0.703,0.781
143(E2),208,E2,0.00632,2.82,0.127,0,0.0785,0,0.0125
144(E2),209,E2,-0,2.9,0.18,0,0.308,0,0.126
145(E2),210,E2,-0,2.77,0.117,0,0.339,0,0.115
146(E2),211,E2,0.0205,2.85,0.208,3.05,0.298,1.3,0.814
147(E2),212,E2,0.0246,2.85,0.182,0,0.0029,0,0.0017
148(E2),213,E2,-0,2.34,0.118,0,0.316,0,0.0123
149(E2),214,E2,0.53,2.85,0.313,0.708,0.64,0.374,0.21
150(E2),215,E2,0.00318,2.52,0.425,0,0.0523,0,0.00162
151(E2),216,E2,0.00316,2.06,0.287,0,0.0983,0,0.0016
152(E2),217,E2,0.0121,2.61,0.479,1.97,0.653,0.78,0.863
153(E2),218,E2,-0,0.0905,0.0211,0,0.923,0,0.0429
154(E2),219,E2,-0,0.745,0.0114,0,0.549,0,0.0488
155(E2),220,E2,0.00316,0.845,0.167,0,0.335,0,1.94e-05
156(E2),221,E2,0.00318,0.262,0.0703,11.1,0.116,0.027,4.29e-05
157(E2),222,E2,0.526,2.76,0.378,0.327,0.237,0.26,0.154
158(E2),223,E2,0.00899,2.9,0.463,2.01,0.538,1.35,0.798
159(E2),224,E2,0.0115,2.82,0.308,0.053,9.09e-05,0.027,1.44e-06
160(E2),225,E2,0.0368,2.88,0.256,0.654,0.61,0.39,0.259
161(E2),226,E2,-0,2.93,0.608,0,0.000345,0,0.000267
162(E2),227,E2,0.00832,2.92,0.135,0.387,0.377,0.4,0.392
163(E2),228,E2,-0,2.84,0.678,0,0.204,0,0.205
164(E2),229,E2,0.577,2.9,0.567,2.23,0.234,1.69,0.44
165(E2),230,E2,0.00584,1.09,0.0804,0.199,0.116,0.044,0.000563
166(E2),231,E2,0.00316,2.59,0.439,1.17,0.902,0.208,0.197
167(E2),232,E2,0.00948,1.78,0.235,100,0.375,100,0.574
168(E2),233,E2,-0,1.93,0.174,0,0.664,0,0.124
169(E2),234,E2,-0,1.32,0.0815,0,0.308,0,0.027
170(E2),235,E2,0.00584,2.69,0.0326,0.147,0.0582,0.047,0.00266
171(E2),236,E2,0.00316,2.04,0.185,100,0.86,1,0.999
172(E2),237,E2,-0,1.33,0.0656,0,0.465,0,0.0021
173(E2),238,E2,-0,0.577,0.109,0,0.735,0,0.00751
174(E2),239,E2,0.00316,0.894,0.191,0,0.332,0,0.000362
175(E2),240,E2,-0,2.28,0.135,0,0.109,0,0.00255
176(E2),241,E2,-0,0.236,0.00823,0,0.938,0,0.0562
177(E2),242,E2,-0,0.498,0.166,0,0.878,0,0.0242
178(E2),243,E2,0.0947,2.87,0.308,97.9,0.0514,100,0.191
179(E2),244,E2,0.00316,2.62,0.649,0,0.194,0,0.121
180(E2),245,E2,0.00316,1.36,0.221,0,0.128,0,9.16e-06
181(E2),246,E2,0.0501,1.55,0.0519,100,0.539,100,0.69
182(E2),247,E2,0.118,2.64,0.379,0.807,0.872,0.213,0.197
183(E2),248,E2,-0,2.05,0.293,0,0.618,0,0.143
184(E2),249,E2,0.00583,2.79,0.277,0,0.362,0,0.162
185(E2),250,E2,0.02,2.74,0.731,1.2,0.814,0.372,0.189
186(E2),251,E2,0.0107,2.72,0.163,0.359,0.245,0.211,0.0831
187(E2),252,E2,0.00583,2.38,0.18,0.033,0.00033,0.036,0.00036
188(E2),253,E2,-0,0.263,0.000671,0,0.777,0,0.0277
189(E2),254,E2,0.00316,2.5,0.325,100,0.22,97.4,0.408
190(E2),255,E2,-0,0.797,0.0107,1,1,0,0.926
191(E2),256,E2,0.0121,2.69,0.217,0.484,0.57,0.23,0.23
192(E2),257,E2,-0,1.58,0.0842,0,0.0233,0,0.00175
193(E2),258,E2,0.00316,2.83,0.641,0.093,0.0161,0.086,0.0107
194(E2),259,E2,0.528,2.72,0.693,0.325,0.0618,0.187,0.0066
195(E2),260,E2,0.0274,2.68,0.242,65.9,0.113,100,0.167
196(E2),261,E2,-0,2.6,0.179,0,0.284,0,0.132
197(E2),262,E2,0.00632,0.742,0.0231,100,0.0154,0.235,0.23
198(E2),263,E2,0.0152,1.96,0.347,0,0.687,0,0.000452
199(E2),264,E2,-0,1.13,0.0872,0,0.241,0,0.000177
200(E2),265,E2,0.00583,2.49,0.258,97.2,0.258,100,0.408
201(E2),266,E2,-0,0.145,0.0245,0,0.864,0,0.000195
202(E2),267,E2,0.0146,2.84,0.512,0.122,0.0815,0.185,0.163
203(E2),268,E2,-0,0.103,0.161,0,0.86,0,0.000112
204(E2),269,E2,0.00316,2.55,0.59,0.095,0.0181,0.091,0.0125
205(E2),270,E2,0.8,2.87,0.723,0.312,0.257,0.374,0.33
206(E2),271,E2,0.00316,2.93,0.359,0.221,0.175,0.143,0.0734
207(E2),272,E2,0.515,2.95,0.261,0.178,0.0636,0.237,0.131
208(E2),273,E2,0.00316,2.81,0.375,0,0.183,0,0.0852
209(E2),274,E2,-0,2.71,0.234,0,0.942,0,0.935
210(E2),275,E2,0.0793,2.58,0.499,4.46,0.014,1.83,0.312
211(E2),276,E2,0.689,1.58,0.0512,1.8,0.508,0.737,0.74
212(E2),277,E2,-0,2.83,0.497,0,0.0461,0,0.0354
213(E2),278,E2,0.0171,2.77,0.466,0,0.141,0,0.118
214(E2),279,E2,0.00316,1.51,0.384,0,0.0404,0,3.26e-05
215(E2),280,E2,-0,2.53,0.343,0,0.188,0,0.116
216(E2),281,E2,0.00899,2.25,0.454,1.75,0.718,0.385,0.514
217(E2),282,E2,0.00583,0.996,0.0995,0,0.0236,0,0.00155
218(E2),283,E2,0.0537,2.9,0.488,0.359,0.346,0.562,0.588
219(E2),284,E2,0.00316,2.46,0.627,0,0.00263,0,0.000784
220(E2),285,E2,-0,0.0959,0.0243,1,1,0,0.935
221(E2),286,E2,0.0759,2.82,0.441,1.7,0.522,1.42,0.68
222(E2),287,E2,0.13,1.8,0.287,3.69,0.129,2.12,0.395
223(E2),288,E2,-0,2.44,0.584,0,0.00206,0,0.00416
224(E2),289,E2,-0,2.62,0.301,0,0.167,0,0.114
225(E2),290,E2,-0,0.113,0.00825,0,0.849,0,4.84e-05
226(E2),291,E2,0.00316,1.9,0.0502,0,0.413,0,0.0359
227(E2),292,E2,0.0252,1.55,0.0124,0.535,0.406,0.362,0.176
228(E2),293,E2,0.00899,2.14,0.0342,0,0.207,0,0.0316
229(E2),294,E2,0.00832,1.1,0.0742,0,0.255,0,0.0226
230(E2),295,E2,-0,1.15,0.0857,0,0.274,0,4.08e-05
231(E2),296,E2,-0,2.5,0.0786,0,0.021,0,0.0107
232(E2),297,E2,-0,2.04,0.497,0,0.234,0,9.35e-05
233(E2),298,E2,0.033,2.73,0.586,1.55,0.717,1.11,0.928
234(E2),299,E2,0.00317,2.66,0.234,0.087,0.0105,0.049,0.000957
235(E2),300,E2,-0,0.21,0.269,1,1,0,0.953
236(E2),301,E2,-0,1.77,0.0652,0,0.589,0,0.141
237(E2),302,E2,0.00948,1.64,0.0797,2.62,0.312,0.207,0.0705
238(E2),303,E2,-0,2.39,0.17,0,0.18,0,0.0729
239(E2),304,E2,-0,0.129,0.0318,0,0.934,0,0.0838
240(E2),305,E2,0.00316,0.726,0.161,0,0.738,0,0.0443
241(E2),306,E2,0.00316,2.19,0.149,3.05,0.293,0.18,0.0656
242(E2),307,E2,0.00632,1.77,0.113,3.61,0.262,1.03,0.978
243(E2),308,E2,-0,0.61,0.0644,0,0.734,0,0.00143
244(E2),309,E2,-0,0.907,0.116,0,0.761,0,3.63e-06
245(E2),310,E2,0.00316,2.82,0.0961,0.207,0.195,0.175,0.145
246(E2),311,E2,0.0437,2.85,0.259,3.13,0.254,5.18,0.092
247(E2),312,E2,0.00316,2.75,0.499,0,0.957,0,0.93
248(E2),313,E2,0.703,2.92,0.438,0.668,0.445,0.481,0.174
249(E2),314,E2,-0,2.78,0.477,0,0.325,0,0.105
250(E2),315,E2,-0,2.84,0.397,0,0.0839,0,0.0839
251(E2),316,E2,-0,2.7,0.27,0,0.0175,0,0.000285
252(E2),317,E2,0.229,2.4,0.534,0.823,0.898,0.407,0.545
253(E2),318,E2,-0,1.32,0.125,0,0.348,0,0.00367
254(E2),319,E2,-0,2.52,0.455,0,0.15,0,0.077
255(E2),320,E2,0.525,1.67,0.14,0.512,0.389,0.246,0.0604
256(E2),321,E2,0.00317,2.88,0.135,0.276,0.402,0.193,0.289
257(E2),322,E2,0.00317,1.83,0.1,0.436,0.577,0.262,0.374
258(E2),323,E2,-0,0.456,0.0138,0,0.771,0,0.00577
259(E2),324,E2,-0,1.03,0.0198,0,0.599,0,0.0946
260(E2),325,E2,0.00834,2.53,0.266,0.79,0.79,0.152,0.0234
261(E2),326,E2,-0,1.51,0.171,0,0.428,0,0.0923
262(E2),327,E2,0.00584,2.84,0.29,0.49,0.628,0.545,0.677
263(E2),328,E2,0.00317,2.71,0.57,0,0.0142,0,0.0205
264(E2),329,E2,0.65,2.8,0.407,1.33,0.701,0.922,0.915
265(E2),330,E2,0.00317,2.84,0.448,0,0.0785,0,0.0329
266(E2),331,E2,-0,0.0882,0.184,0,0.923,0,0.0424
267(E2),332,E2,0.0389,2.81,0.193,0.857,0.899,0.397,0.468
268(E2),333,E2,0.00317,0.899,0.0124,14.3,0.0944,0.235,0.231
269(E2),334,E2,-0,1.23,0.0597,0,0.216,0,0.0389
270(E2),335,E2,0.0152,2.73,0.267,0,0.116,0,0.116
271(E2),336,E2,0.013,0.854,0.146,1,1,0,0.932
272(E2),337,E2,-0,2.69,0.192,0,0.00885,0,0.000279
273(E2),338,E2,0.0421,2.9,0.212,0.274,0.388,0.259,0.366
274(E2),339,E2,-0,1.77,0.1,0,0.417,0,0.0021
275(E2),340,E2,-0,2.79,0.0913,0,0.196,0,0.0801
276(E2),341,E2,0.00317,1.81,0.328,0.704,0.787,0.206,0.207
277(E2),342,E2,0.00633,2.75,0.438,0.624,0.709,0.231,0.225
278(E2),343,E2,-0,1.63,0.363,1,1,0,0.934
279(E2),344,E2,0.031,2.77,0.163,0,2.56e-05,0,6.01e-07
280(E2),345,E2,-0,2.82,0.443,0,0.935,0,0.93
281(E2),346,E2,0.00584,2.62,0.318,0,0.0203,0,0.00705
282(E2),347,E2,0.00633,2.71,0.238,90.8,0.271,100,0.255
283(E2),348,E2,-0,1.1,0.0205,0,0.31,0,0.0969
284(E2),349,E2,0.127,2.77,0.197,1.04,0.967,0.668,0.663
285(E2),350,E2,0.00833,1.55,0.0383,100,0.241,100,0.69
286(E2),351,E2,0.00633,2.8,0.101,0.584,0.639,0.309,0.292
287(E2),352,E2,-0,1.34,0.00662,0,0.457,0,0.0246
288(E2),353,E2,0.0215,2.81,0.0187,0.05,0.00075,0.058,0.00172
289(E2),354,E2,-0,1.09,0.106,0,0.428,0,0.00346
290(E2),355,E2,-0,2.33,0.399,0,0.216,0,0.0705
291(E2),356,E2,-0,2.53,0.105,0,0.0404,0,0.0113
292(E2),357,E2,-0,1.32,0.262,0,0.575,0,0.00457
293(E2),358,E2,-0,0.644,0.021,0,0.805,0,0.0317
294(E2),359,E2,0.00317,1.12,0.14,100,0.00113,0.144,0.28
295(E2),360,E2,-0,1.38,0.0504,28.4,0.166,0,0.0917
296(E2),361,E2,-0,0.356,0.0125,0,0.879,0,0.0185
297(E2),362,E2,-0,2.35,0.226,0,0.00284,0,0.000443
298(E2),363,E2,-0,0.0906,0.0556,0,0.913,0,0.000943
299(E2),364,E2,0.0487,2.9,0.117,0.354,0.101,0.376,0.124
300(E2),365,E2,-0,1.28,0.102,0,0.974,0,0.917
301(E2),366,E2,-0,1.08,0.116,1,1,0,0.935
302(E2),367,E2,0.114,2.91,0.624,0.931,0.955,1.19,0.887
303(E2),368,E2,0.00632,2.87,0.414,100,0.287,82.3,0.203
304(E2),369,E2,0.0183,1.36,0.192,1.78,0.697,0.475,0.608
305(E2),370,E2,0.00632,2.61,0.413,0.149,0.131,0.107,0.0786
306(E2),371,E2,0.00583,1.48,0.238,0.856,0.899,0.133,0.0604
307(E2),372,E2,0.212,2.82,0.394,2.37,0.522,2.02,0.606
308(E2),373,E2,0.0121,1.79,0.336,2.86,0.477,0.315,0.42
309(E2),374,E2,0.0107,2.57,0.379,0,0.239,0,0.0249
310(E2),375,E2,-0,0.094,0.35,1,1,0,0.953
311(E2),376,E2,0.00632,0.92,0.0711,4.83,0.347,0.284,0.358
312(E2),377,E2,0.619,2.88,0.446,2.22,0.474,1.34,0.801
313(E2),378,E2,0.052,2.88,0.53,0.213,0.0163,0.308,0.0662
314(E2),379,E2,0.00316,2.83,0.204,100,0.337,100,0.408
315(E2),380,E2,-0,1.79,0.35,1,1,0,0.929
316(E2),381,E2,0.00632,2.78,0.501,0.112,0.0217,0.043,0.000356
317(E2),382,E2,0.523,2.02,0.243,0.198,0.0493,0.113,0.00759
318(E2),383,E2,0.642,2.79,0.555,0.755,0.707,0.658,0.575
319(E2),384,E2,0.0115,1.63,0.0643,2.99,0.178,0.52,0.377
320(E2),385,E2,0.0286,2.97,0.608,0.164,0.031,0.104,0.00565
321(E2),386,E2,0.0032,0.502,0.0196,0,0.837,0,0.0335
322(E2),387,E2,-0,2.09,0.217,0,0.298,0,0.00157
323(E2),388,E2,0.00316,2.93,0.683,0.103,0.0219,0.131,0.0434
324(E2),389,E2,0.00317,2.76,0.305,0,0.0125,0,0.000865
325(E2),390,E2,-0,0.135,0,0,0.927,0,0.02
326(E2),391,E2,-0,1.26,0.0248,0,0.34,0,0.0102
327(E2),392,E2,-0,0.115,0.0548,0,0.945,0,0.121
328(E2),393,E2,0.00316,0.775,0.0367,0.293,0.276,0.051,0.00173
329(E2),394,E2,-0,2.06,0.0706,0,0.32,0,0.00742
330(E2),395,E2,0.00316,0.103,0.0147,0.778,0.934,1,1
331(E2),396,E2,0.00316,0.0952,0.00762,0,0.908,0,0.00394
332(E2),397,E2,-0,0.0992,0.0952,0,0.905,0,0.0114
333(E2),398,E2,0.00316,0.299,0.144,0,0.833,0,0.00263
334(E2),399,E2,0.00949,2.64,0.53,0.88,0.931,0.332,0.456
335(E2),400,E2,0.00316,0.819,0.338,12.1,0.125,0.405,0.538
336(E2),401,E2,-0,2.81,0.22,0,0.016,0,0.0103
337(E2),402,E2,0.0139,2.25,0.323,1.86,0.622,0.833,0.887
338(E2),403,E2,-0,1.22,0.0842,0,0.216,0,0.00241
339(E2),404,E2,-0,1.12,0.173,1,1,0,0.953
340(E2),405,E2,-0,2.55,0.192,0,0.194,0,0.102
341(E2),406,E2,0.00316,2.73,0.117,0.17,0.0931,0.124,0.042
342(E2),407,E2,0.111,2.92,0.215,0.238,0.191,0.225,0.172
343(E2),408,E2,0.00316,2.91,0.0672,0,0.00478,0,0.00186
344(E2),409,E2,0.0456,2.94,0.292,1.02,0.987,1.19,0.881
345(E2),410,E2,-0,2.95,0.342,0,0.000884,0,0.00179
346(E2),411,E2,0.00317,2.94,0.374,0,0.924,0,0.945
347(E2),412,E2,-0,2.93,0.132,0,0.0017,0,0.00236
348(E2),413,E2,-0,2.92,0.378,0,0.0173,0,0.0209
349(E2),414,E2,-0,2.93,0.286,0,5.64e-06,0,1.75e-05
350(E2),415,E2,0.00316,2.93,0.325,0,7.13e-05,0,5.93e-05
351(E2),416,E2,0.072,2.87,0.787,1.67,0.658,1.37,0.787
352(E2),417,E2,0.00316,2.57,0.502,0.893,0.914,0.395,0.38
353(E2),418,E2,0.0349,2.86,0.495,100,0.115,92.9,0.0952
354(E2),419,E2,0.0293,2.57,0.242,0.763,0.854,0.446,0.582
355(E2),420,E2,-0,2.54,0.268,0,0.052,0,0.0216
356(E2),421,E2,0.0305,1.88,0.372,0.26,0.0849,0.085,0.000792
357(E2),422,E2,0.0402,2.8,0.367,1.04,0.953,0.552,0.339
358(E2),423,E2,0.0312,2.54,0.137,0.129,0.0318,0.07,0.00344
359(E2),424,E2,-0,1.8,0.178,0,0.273,0,0.00187
360(E2),425,E2,-0,1.96,0.44,0,0.402,0,0.0604
361(E2),426,E2,0.0107,2.63,0.184,0.355,0.345,0.377,0.377
362(E2),427,E2,-0,2.62,0.282,0,0.464,0,0.275
363(E2),428,E2,-0,1.94,0.322,0,0.96,0,0.934
364(E2),429,E2,-0,0.327,0.384,0,0.87,0,0.000231
365(E2),430,E2,-0,2.74,0.665,0,0.00461,0,0.0081
366(E2),431,E2,0.0388,2.89,0.483,0.139,0.262,0.12,0.242
367(E2),432,E2,-0,1.49,0.174,0,0.659,0,0.0473
368(E2),433,E2,0.441,2.36,0.249,0.416,0.274,0.3,0.137
369(E2),434,E2,0.0205,2.2,0.536,0.53,0.574,0.481,0.483
370(E2),435,E2,0.12,2.36,0.491,2.34,0.481,2.76,0.4
371(E2),436,E2,0.472,2.19,0.434,0.575,0.56,0.317,0.227
372(E2),437,E2,0.00583,2.3,0.378,0.416,0.453,0.166,0.0949
373(E2),438,E2,0.00583,2.3,0.429,0.113,0.0301,0.091,0.0161
374(E2),439,E2,-0,2.47,0.355,0,0.00656,0,0.00317
375(E2),440,E2,0.615,2.44,0.346,2.42,0.507,0.9,0.934
376(E2),441,E2,0.0775,2.33,0.568,100,0.328,90.4,0.363
377(E2),442,E2,0.7,2.45,0.437,0.676,0.674,0.657,0.652
378(E2),443,E2,0.00316,2.47,0.324,0.172,0.0767,0.057,0.00218
379(E2),444,E2,0.00316,2.07,0.589,7.56,0.108,1.14,0.9
380(E2),445,E2,0.0934,2.53,0.388,0.202,0.106,0.077,0.00671
381(E2),446,E2,0.00316,2.53,0.328,100,0.71,87.8,0.801
382(E2),447,E2,0.00832,2.4,0.422,0,0.0501,0,0.0335
383(E2),448,E2,0.00316,2.56,0.358,0.399,0.444,0.198,0.18
384(E2),449,E2,0.744,2.52,0.467,0.78,0.761,0.724,0.694
385(E2),450,E2,0.00633,2.57,0.0768,100,0.101,92.4,0.162
386(E2),451,E2,0.607,2.38,0.532,5.96,0.161,2.73,0.396
387(E2),452,E2,0.00316,2.88,0.312,0.133,0.0359,0.056,0.00192
388(E2),453,E2,0.00316,2.47,0.226,0,0.92,0,0.917
389(E2),454,E2,0.00316,2.28,0.369,0,0.14,0,0.0261
390(E2),455,E2,0.223,2.71,0.432,0.152,0.184,0.123,0.135
391(E2),456,E2,0.00316,2.87,0.309,0,0.00218,0,0.00171
392(E2),457,E2,-0,2.43,0.191,0,0.146,0,0.0409
393(E2),458,E2,-0,2.33,0.396,0,0.604,0,0.0264
394(E2),459,E2,-0,2.47,0.551,0,0.252,0,0.0667
395(E2),460,E2,0.0126,2.78,0.306,0.875,0.879,0.293,0.166
396(E2),461,E2,-0,2.22,0.149,0,0.00568,0,2.17e-05
397(E2),462,E2,0.00584,2.58,0.415,0.195,0.138,0.096,0.0306
398(E2),463,E2,-0,2.87,0.398,0,0.0422,0,0.035
399(E2),464,E2,-0,2.96,0.466,0,0.00251,0,0.000971
400(E2),465,E2,-0,2.77,0.199,0,0.00665,0,0.00102
401(E2),466,E2,-0,2.93,0.461,0,0.102,0,0.129
402(E2),467,E2,-0,2.92,0.723,0,0.0748,0,0.0357
403(E2),468,E2,-0,2.68,0.253,0,0.229,0,0.118
404(E2),469,E2,-0,2.86,0.886,0,0.255,0,0.131
405(E2),470,E2,0.0258,2.83,0.596,0,0.925,0,0.935
406(E2),471,E2,0.00901,2.87,0.504,0,0.0101,0,0.0169
407(E2),472,E2,0.00317,2.86,0.496,0,0.00417,0,0.00251
408(E2),473,E2,0.0194,2.51,0.157,0.111,0.0351,0.097,0.0249
409(E2),474,E2,0.00317,1.64,0.518,0,0.426,0,0.0102
410(E2),475,E2,-0,2.76,0.676,0,0.000132,0,5.54e-05
411(E2),476,E2,-0,2.35,0.274,0,0.221,0,0.0155
412(E2),477,E2,0.00317,2.24,0.104,1.38,0.801,0.274,0.285
413(E2),478,E2,0.00901,2.63,0.333,0.335,0.46,0.182,0.261
414(E2),479,E2,0.00317,2.27,0.663,5.59,0.286,0.9,0.941
415(E2),480,E2,0.229,2.24,0.46,2.61,0.454,1.21,0.874
416(E2),481,E2,0.00317,1.68,0.408,9.01,0.182,0.101,0.16
417(E2),482,E2,-0,1.2,0.174,0,0.586,0,6.67e-05
418(E2),483,E2,0.195,2.39,0.272,1.12,0.898,0.819,0.829
419(E2),484,E2,0.00584,2.39,0.601,0.653,0.77,0.325,0.448
420(E2),485,E2,-0,2.82,0.0573,0,0.0523,0,0.027
421(E2),486,E2,0.117,1.84,0.308,0.33,0.163,0.272,0.109
422(E2),487,E2,-0,2.48,0.527,0,0.0706,0,0.077
423(E2),488,E2,-0,1.37,0.427,0,0.347,0,0.0107
1(6K),489,6K,-0,2.93,,0,0.0205,0,0.016
2(6K),490,6K,0.00317,2.94,,0.325,0.353,0.273,0.28
3(6K),491,6K,-0,2.98,,0,0.00484,0,0.00698
4(6K),492,6K,0.115,2.97,,0.341,0.324,0.393,0.383
5(6K),493,6K,-0,2.93,,0,0.142,0,0.124
6(6K),494,6K,0.00317,2.97,,0,0.01,0,0.0236
7(6K),495,6K,0.00901,2.97,,1.18,0.896,1.1,0.94
8(6K),496,6K,0.719,2.98,,0.47,0.371,0.571,0.505
9(6K),497,6K,-0,2.99,,0,0.00409,0,0.00697
10(6K),498,6K,-0,2.99,,0,0.00659,0,0.00703
11(6K),499,6K,-0,2.98,,0,0.942,0,0.953
12(6K),500,6K,-0,2.98,,0,7.35e-07,0,1.25e-06
13(6K),501,6K,0.0153,2.97,,0.192,0.0553,0.162,0.0348
14(6K),502,6K,0.00317,2.98,,0,0.0156,0,0.0136
15(6K),503,6K,-0,2.98,,0,0.00656,0,0.00996
16(6K),504,6K,0.0115,2.97,,0.129,0.041,0.123,0.037
17(6K),505,6K,-0,2.96,,0,0.0441,0,0.031
18(6K),506,6K,-0,2.98,,0,0.000375,0,0.000751
19(6K),507,6K,-0,2.98,,0,0.941,0,0.953
20(6K),508,6K,0.445,2.97,,0.187,0.0868,0.172,0.07
21(6K),509,6K,-0,2.98,,0,0.133,0,0.143
22(6K),510,6K,0.00634,2.97,,0.491,0.498,0.424,0.419
23(6K),511,6K,0.00317,2.93,,100,0.298,100,0.285
24(6K),512,6K,0.00317,2.94,,0,0.000259,0,0.000288
25(6K),513,6K,-0,2.97,,0,0.0392,0,0.0219
26(6K),514,6K,-0,2.8,,0,0.946,0,0.95
27(6K),515,6K,0.00317,2.78,,0.194,0.187,0.214,0.215
28(6K),516,6K,-0,2.95,,0,0.129,0,0.117
29(6K),517,6K,0.00317,2.9,,0.839,0.855,0.733,0.745
30(6K),518,6K,-0,2.89,,0,0.00164,0,0.0017
31(6K),519,6K,0.0115,2.96,,0,0.00129,0,0.00198
32(6K),520,6K,0.00317,2.97,,0.36,0.215,0.377,0.236
33(6K),521,6K,0.00317,2.97,,0,0.00169,0,0.000949
34(6K),522,6K,0.00585,2.98,,0,0.0104,0,0.0115
35(6K),523,6K,-0,2.98,,0,0.00389,0,0.00479
36(6K),524,6K,-0,2.98,,0,0.0523,0,0.0557
37(6K),525,6K,0.0386,2.97,,1.33,0.811,1.1,0.94
38(6K),526,6K,0.013,2.98,,0,0.0301,0,0.0178
39(6K),527,6K,0.00634,2.97,,0.341,0.326,0.277,0.242
40(6K),528,6K,-0,2.96,,0,0.0134,0,0.0075
41(6K),529,6K,-0,2.98,,0,0.0648,0,0.0433
42(6K),530,6K,0.0107,2.98,,0.035,0.000297,0.035,0.000256
43(6K),531,6K,-0,2.98,,0,0.00336,0,0.00482
44(6K),532,6K,0.00585,2.98,,0.124,0.0739,0.147,0.105
45(6K),533,6K,0.517,2.96,,0.206,0.197,0.161,0.135
46(6K),534,6K,-0,2.96,,0,0.0162,0,0.0107
47(6K),535,6K,0.605,2.98,,92.8,0.00355,100,0.00103
48(6K),536,6K,-0,2.82,,0,0.92,0,0.945
49(6K),537,6K,-0,2.62,,0,0.946,0,0.95
50(6K),538,6K,0.00585,2.76,,0,0.13,0,0.105
51(6K),539,6K,0.0139,2.56,,0.477,0.483,0.424,0.412
52(6K),540,6K,0.573,2.63,,100,0.257,100,0.356
53(6K),541,6K,0.00317,2.98,,93.9,0.517,93.6,0.595
54(6K),542,6K,0.14,2.95,,98.7,0.169,99.1,0.197
55(6K),543,6K,-0,2.98,,0,0.133,0,0.166
56(6K),544,6K,0.0152,2.98,,0.182,0.166,0.164,0.142
57(6K),545,6K,0.0174,2.96,,100,0.144,100,0.196
58(6K),546,6K,0.00634,2.99,,100,0.337,100,0.272
59(6K),547,6K,0.0107,2.38,,1.8,0.634,0.979,0.987
60(6K),548,6K,0.0326,2.95,,1.99,0.535,1.22,0.863
61(6K),549,6K,-0,2,,0,0.945,0,0.931
1(E1),550,E1,0.00317,2.77,0.3,0,0.949,0,0.934
2(E1),551,E1,0.00317,0.767,0.432,0,0.175,0,0.00784
3(E1),552,E1,-0,0.529,0.182,1,1,0,0.93
4(E1),553,E1,0.0729,2.74,0.59,1.75,0.617,2.19,0.473
5(E1),554,E1,0.00317,2.66,0.167,100,0.211,100,0.363
6(E1),555,E1,-0,2.72,0.504,0,0.927,0,0.931
7(E1),556,E1,0.00317,2.19,0.0334,0,0.944,0,0.926
8(E1),557,E1,-0,1.86,0.338,0,0.959,0,0.937
9(E1),558,E1,0.0174,2.59,0.0392,100,0.33,100,0.514
10(E1),559,E1,0.00317,2.86,0.237,0,0.939,0,0.931
11(E1),560,E1,-0,2.69,0.306,0,0.94,0,0.931
12(E1),561,E1,-0,2.78,0.479,0,0.937,0,0.935
13(E1),562,E1,-0,2.55,0.0462,0,0.936,0,0.932
14(E1),563,E1,-0,2.95,0.327,0,0.939,0,0.937
15(E1),564,E1,-0,2.78,0.153,0,0.944,0,0.949
16(E1),565,E1,-0,1.49,0.166,1,1,0,0.929
17(E1),566,E1,-0,2.48,0.0694,0,0.934,0,0.944
18(E1),567,E1,-0,2.62,0.211,0,0.244,0,0.0909
19(E1),568,E1,0.00584,1.89,0.0372,0.539,0.672,0.381,0.508
20(E1),569,E1,0.0184,2.91,0.441,0.095,0.00132,0.116,0.00294
21(E1),570,E1,-0,2.56,0.148,0,0.945,0,0.934
22(E1),571,E1,-0,2.96,0.315,0,0.0292,0,0.00938
23(E1),572,E1,-0,2.84,0.173,0,0.0011,0,0.000324
24(E1),573,E1,-0,2.44,0.171,0,0.00107,0,6.95e-05
25(E1),574,E1,-0,1.66,0.132,0,0.276,0,0.045
26(E1),575,E1,-0,2.25,0.149,0,0.37,0,0.0202
27(E1),576,E1,-0,2.43,0.174,0,0.923,0,0.917
28(E1),577,E1,0.00584,2.07,0.0633,0.536,0.617,0.198,0.178
29(E1),578,E1,-0,1.9,0.0511,0,0.151,0,0.00717
30(E1),579,E1,0.00584,2.43,0.0711,1.35,0.843,0.446,0.581
31(E1),580,E1,0.0161,2.41,0.0225,1,1,1,1
32(E1),581,E1,-0,2.65,0.0973,0,0.0588,0,0.00527
33(E1),582,E1,-0,1.94,0.028,0,0.204,0,0.0472
34(E1),583,E1,0.115,2.89,0.317,0.607,0.696,0.419,0.466
35(E1),584,E1,0.00584,2.92,0.208,0,0.0124,0,0.00139
36(E1),585,E1,-0,2.59,0.0223,0,0.0152,0,0.00324
37(E1),586,E1,0.0363,2.9,0.188,0.17,0.0273,0.153,0.0183
38(E1),587,E1,0.00317,2.28,0.086,0,0.246,0,0.0947
39(E1),588,E1,0.00633,2.91,0.22,0.115,0.0336,0.081,0.0124
40(E1),589,E1,0.00317,1.41,0.0644,2.46,0.512,0.217,0.212
41(E1),590,E1,0.00833,2.37,0.224,0.13,0.0395,0.073,0.0056
42(E1),591,E1,-0,1.82,0.452,0,0.199,0,0.0106
43(E1),592,E1,0.00317,2.87,0.287,0.64,0.76,0.264,0.341
44(E1),593,E1,-0,2.26,0.425,0,0.256,0,0.0348
45(E1),594,E1,-0,2.31,0.106,0,0.0248,0,0.00596
46(E1),595,E1,-0,1.01,0.00713,1,1,0,0.934
47(E1),596,E1,-0,1.92,0.0161,0,0.951,0,0.926
48(E1),597,E1,-0,1.1,0.0301,0,0.608,0,0.131
49(E1),598,E1,-0,0.0844,0.0128,0,0.929,0,0.0514
50(E1),599,E1,-0,2.62,0.0875,0,0.299,0,0.121
51(E1),600,E1,-0,1.29,0.0939,0,0.23,0,0.000161
52(E1),601,E1,-0,2.92,0.169,0,0.922,0,0.93
53(E1),602,E1,-0,1.94,0.115,0,0.0446,0,0.00369
54(E1),603,E1,0.00317,2.73,0.307,0.153,0.0902,0.113,0.0455
55(E1),604,E1,0.16,2.17,0.133,0.538,0.388,0.333,0.134
56(E1),605,E1,-0,2.11,0.201,0,0.384,0,0.0184
57(E1),606,E1,-0,0.779,0.0199,0,0.756,0,0.0375
58(E1),607,E1,0.00317,0.0896,0.0132,1,1,0,0.937
59(E1),608,E1,-0,1.78,0.136,1,1,0,0.934
60(E1),609,E1,0.00634,0.869,0.0392,33.7,0.0614,0.235,0.231
61(E1),610,E1,0.00317,2.61,0.277,0,0.0303,0,0.00275
62(E1),611,E1,-0,0.0848,0.236,1,1,0,0.935
63(E1),612,E1,0.00317,0.0844,0.329,100,0.000755,0.097,0.0207
64(E1),613,E1,0.00317,1.28,0.138,1.5,0.769,0.297,0.316
65(E1),614,E1,0.0237,2.6,0.607,2.17,0.434,1.46,0.726
66(E1),615,E1,0.009,2.29,0.0877,0.563,0.524,0.507,0.458
67(E1),616,E1,-0,1.87,0.594,0,0.632,0,0.124
68(E1),617,E1,-0,0.0896,0.266,0,0.859,0,0.000106
69(E1),618,E1,-0,2.93,0.517,0,0.929,0,0.929
70(E1),619,E1,0.00316,2.91,0.714,93.5,0.497,100,0.466
71(E1),620,E1,0.00317,2.8,0.467,0,0.0929,0,0.0746
72(E1),621,E1,0.56,2.97,0.738,0.52,0.63,0.389,0.491
73(E1),622,E1,0.00584,2.83,0.321,0,0.328,0,0.124
74(E1),623,E1,-0,1.84,0.278,0,0.0761,0,0.0102
75(E1),624,E1,-0,1.82,0.226,0,0.00786,0,0.00356
76(E1),625,E1,-0,1,0.199,0,0.626,0,0.0878
77(E1),626,E1,0.00317,2.81,0.11,0.088,0.0581,0.054,0.024
78(E1),627,E1,-0,0.0908,0.201,0,0.869,0,0.000314
79(E1),628,E1,0.00587,2.87,0.453,0,0.00636,0,0.00548
80(E1),629,E1,-0,1.91,0.318,0,0.135,0,0.0826
81(E1),630,E1,-0,1.4,0.0739,0,0.361,0,0.0326
82(E1),631,E1,0.0115,2.85,0.536,0,0.00134,0,0.000798
83(E1),632,E1,-0,2.13,0.399,0,0.119,0,0.0621
84(E1),633,E1,-0,0.434,0.0873,1,1,0,0.927
85(E1),634,E1,-0,0.0877,0.363,0,0.929,0,0.0738
86(E1),635,E1,-0,0.132,0.0668,0,0.945,0,0.131
87(E1),636,E1,-0,0.94,0.41,0,0.0738,0,0.0002
88(E1),637,E1,-0,1.06,0.14,1,1,0,0.917
89(E1),638,E1,0.00317,0.0828,0.357,100,0.541,1,0.999
90(E1),639,E1,0.00316,0.0825,0.0995,0,0.936,0,0.063
91(E1),640,E1,-0,0.0884,0.233,0,0.896,0,0.00133
92(E1),641,E1,-0,1.22,0.135,0,0.452,0,0.00327
93(E1),642,E1,0.00638,1.64,0.118,3.06,0.41,0.091,0.0291
94(E1),643,E1,0.00591,0.087,0.0738,1,1,0,0.935
95(E1),644,E1,-0,0.865,0.294,0,0.645,0,0.0326
96(E1),645,E1,-0,0.084,0.208,0,0.929,0,0.0514
97(E1),646,E1,0.00317,1.69,0.504,0,0.957,0,0.923
98(E1),647,E1,0.664,2.6,0.537,0.344,0.0761,0.32,0.058
99(E1),648,E1,-0,1.05,0.45,0,0.619,0,0.0309
100(E1),649,E1,-0,0.0883,0.00971,0,0.885,0,0.00274
101(E1),650,E1,0.00586,2.37,0.0277,0,0.0506,0,0.00863
102(E1),651,E1,-0,0.0832,0.044,0,0.929,0,0.0436
103(E1),652,E1,-0,1.94,0.0806,0,0.305,0,0.0235
104(E1),653,E1,0.00318,1.17,0.015,0,0.425,0,0.000525
105(E1),654,E1,-0,0.884,0.0907,0,0.852,0,0.109
106(E1),655,E1,-0,1.75,0.0183,0,0.971,0,0.932
107(E1),656,E1,0.00635,1.8,0.147,0.331,0.285,0.049,0.000658
108(E1),657,E1,-0,1.4,0.011,0,0.201,0,0.00647
109(E1),658,E1,-0,2.85,0.316,0,0.937,0,0.929
110(E1),659,E1,0.00317,2.01,0.156,1.17,0.916,0.337,0.464
111(E1),660,E1,0.00318,2.08,0.0868,0,0.0019,0,0.000193
112(E1),661,E1,-0,2.72,0.369,0,0.195,0,0.128
113(E1),662,E1,-0,1.27,0.0388,0,0.603,0,0.137
114(E1),663,E1,-0,0.0882,0.0143,0,0.923,0,0.0428
115(E1),664,E1,0.00318,2.93,0.492,100,0.383,91.9,0.396
116(E1),665,E1,0.00586,2.76,0.212,0.323,0.321,0.13,0.0591
117(E1),666,E1,0.00317,0.242,0.0496,33,0.0406,0.115,0.0466
118(E1),667,E1,-0,2.03,0.249,0,0.306,0,0.137
119(E1),668,E1,-0,1.09,0.0175,0,0.318,0,0.0392
120(E1),669,E1,0.0197,2.85,0.05,1.8,0.523,0.713,0.721
121(E1),670,E1,0.00635,1.74,0.0178,0.56,0.561,0.253,0.15
122(E1),671,E1,-0,2.52,0.174,0,0.00694,0,0.00132
123(E1),672,E1,-0,2.9,0.268,0,0.126,0,0.0734
124(E1),673,E1,0.00317,2.12,0.0485,0,0.00835,0,0.00146
125(E1),674,E1,-0,2.49,0.329,0,0.22,0,0.0954
126(E1),675,E1,-0,1.32,0.36,0,0.0842,0,0.00239
127(E1),676,E1,-0,1.19,0.272,0,0.515,0,0.129
128(E1),677,E1,-0,2.93,0.367,0,0.00422,0,0.000458
129(E1),678,E1,0.0117,2.8,0.0409,0.368,0.206,0.327,0.154
130(E1),679,E1,-0,2.89,0.195,0,0.285,0,0.114
131(E1),680,E1,0.00317,1.9,0.102,1.07,0.961,0.332,0.383
132(E1),681,E1,0.00635,2.91,0.328,0.92,0.948,0.832,0.886
133(E1),682,E1,-0,2,0.0479,0,0.11,0,0.0148
134(E1),683,E1,0.00586,2.12,0.219,2.56,0.488,0.124,0.0842
135(E1),684,E1,0.0152,2.15,0.028,0,0.0261,0,0.018
136(E1),685,E1,0.0359,2.84,0.272,100,0.0885,100,0.145
137(E1),686,E1,-0,2.54,0.0696,0,0.155,0,0.0736
138(E1),687,E1,0.00636,2.97,0.421,0,0.936,0,0.949
139(E1),688,E1,-0,2.72,0.582,0,0.0188,0,0.00553
140(E1),689,E1,0.00586,2.92,0.42,0.079,0.0172,0.124,0.0552
141(E1),690,E1,-0,2.45,0.478,0,0.0317,0,0.000507
142(E1),691,E1,0.0524,2.91,0.188,0.088,0.00229,0.076,0.00112
143(E1),692,E1,-0,2.41,0.528,0,0.152,0,0.0452
144(E1),693,E1,0.0107,2.37,0.0381,0,0.0158,0,0.00988
145(E1),694,E1,0.601,2.97,0.509,1.45,0.681,1.82,0.509
146(E1),695,E1,0.0211,2.51,0.0437,0.882,0.897,0.559,0.549
147(E1),696,E1,0.0171,1.82,0.328,0.703,0.74,0.457,0.45
148(E1),697,E1,0.00318,2.48,0.0157,0.079,0.00533,0.055,0.00102
149(E1),698,E1,0.00636,2.81,0.225,0.155,0.131,0.119,0.0836
150(E1),699,E1,0.0206,2.07,0.265,1.44,0.662,0.196,0.0458
151(E1),700,E1,0.0447,2.66,0.147,0.027,1.68e-07,0.032,3.07e-07
152(E1),701,E1,0.00317,2.86,0.112,0,0.00964,0,0.00913
153(E1),702,E1,0.00317,2.94,0.164,0,0.0903,0,0.0894
154(E1),703,E1,-0,2.88,0.176,0,0.0215,0,0.00326
155(E1),704,E1,0.0275,2.93,0.408,0,0.149,0,0.137
156(E1),705,E1,-0,2.89,0.216,0,0.00119,0,0.00318
157(E1),706,E1,0.00901,2.95,0.6,100,0.366,88.8,0.409
158(E1),707,E1,0.00584,2.81,0.521,0,0.919,0,0.923
159(E1),708,E1,-0,2.67,0.0312,0,0.00185,0,0.000998
160(E1),709,E1,-0,2.91,0.307,0,0.125,0,0.0991
161(E1),710,E1,-0,2.24,0.0351,0,0.0168,0,0.0011
162(E1),711,E1,0.12,2.76,0.217,0.087,0.0235,0.115,0.0437
163(E1),712,E1,0.0115,2.3,0.0433,1.58,0.673,0.757,0.804
164(E1),713,E1,-0,1.05,0.101,0,0.882,0,0.00342
165(E1),714,E1,-0,1.25,0.511,0,0.264,0,0.0311
166(E1),715,E1,0.0173,2.28,0.22,0.091,0.32,0.039,0.187
167(E1),716,E1,-0,1.58,0.485,0,0.0759,0,0.0123
168(E1),717,E1,0.00832,2.57,0.294,0.656,0.737,0.191,0.176
169(E1),718,E1,0.00632,2.08,0.795,0,0.219,0,0.105
170(E1),719,E1,-0,1.43,0.323,1,1,0,0.953
171(E1),720,E1,0.00316,1.46,0.266,100,0.073,100,0.34
172(E1),721,E1,-0,0.335,0.128,0,0.851,0,0.0447
173(E1),722,E1,-0,0.259,0.0636,0,0.464,0,4.48e-07
174(E1),723,E1,0.00316,2.2,0.402,0.246,0.262,0.133,0.0999
175(E1),724,E1,-0,2.91,0.484,0,0.000247,0,8.81e-05
176(E1),725,E1,-0,2.46,0.17,0,0.165,0,0.118
177(E1),726,E1,-0,1.44,0.0224,0,0.217,0,0.0935
178(E1),727,E1,-0,1.34,0.0178,0,0.972,0,0.931
179(E1),728,E1,-0,2.04,0.118,0,0.442,0,0.132
180(E1),729,E1,-0,0.498,0.119,0,0.556,0,0.0735
181(E1),730,E1,-0,2.69,0.352,0,0.944,0,0.93
182(E1),731,E1,0.00899,2.91,0.505,0.094,0.0264,0.087,0.0194
183(E1),732,E1,0.00899,2.56,0.154,100,0.238,93.8,0.395
184(E1),733,E1,-0,1.6,0.0135,0,0.0793,0,0.0181
185(E1),734,E1,0.00316,1.39,0.0541,0.129,0.0536,0.069,0.00835
186(E1),735,E1,-0,0.287,0.321,0,0.881,0,0.0638
187(E1),736,E1,0.00632,2.81,0.197,0,0.928,0,0.917
188(E1),737,E1,0.00316,2.67,0.634,0,0.927,0,0.923
189(E1),738,E1,0.00316,1.11,0.0105,0,0.486,0,0.015
190(E1),739,E1,-0,2.3,0.169,0,0.0746,0,0.00133
191(E1),740,E1,-0,2.9,0.266,0,0.00273,0,0.00107
192(E1),741,E1,-0,1.95,0.168,0,0.0866,0,0.0048
193(E1),742,E1,-0,2.16,0.122,0,0.208,0,0.0107
194(E1),743,E1,-0,2.54,0.302,0,0.211,0,0.15
195(E1),744,E1,0.00831,2.12,0.042,26.4,0.0104,0.817,0.873
196(E1),745,E1,0.00831,2.84,0.429,1.04,0.97,0.469,0.442
197(E1),746,E1,-0,2.26,0.145,0,0.16,0,0.00749
198(E1),747,E1,-0,0.799,0.0197,1,1,0,0.935
199(E1),748,E1,-0,2.78,0.235,0,0.0865,0,0.0152
200(E1),749,E1,-0,1.31,0.0776,0,0.00452,0,0.0018
201(E1),750,E1,-0,0.596,0.0102,0,0.623,0,0.0167
202(E1),751,E1,-0,0.0858,0.0156,0,0.887,0,0.00875
203(E1),752,E1,0.009,1.53,0.0196,0.242,0.209,0.07,0.0106
204(E1),753,E1,-0,1.35,0.000597,0,0.913,0,0.168
205(E1),754,E1,-0,1.98,0.0111,0,0.235,0,0.00387
206(E1),755,E1,-0,2.53,0.271,0,0.0673,0,0.00592
207(E1),756,E1,-0,2.79,0.31,0,0.0352,0,0.0203
208(E1),757,E1,-0,2.74,0.294,0,0.13,0,0.0435
209(E1),758,E1,0.00948,2.89,0.609,0.724,0.736,0.52,0.5
210(E1),759,E1,0.00904,1.68,0.197,0.129,0.0422,0.034,0.000198
211(E1),760,E1,1.13,2.95,0.804,4.93,0.12,5.82,0.0858
212(E1),761,E1,0.00316,2.42,0.589,0.122,0.0623,0.063,0.0124
213(E1),762,E1,0.00899,2.19,0.158,0.244,0.229,0.146,0.0961
214(E1),763,E1,0.00318,2.52,0.172,0,0.000871,0,0.00045
215(E1),764,E1,-0,1.5,0.113,0,0.244,0,0.0451
216(E1),765,E1,-0,2.78,0.254,0,5.35e-05,0,1.71e-05
217(E1),766,E1,-0,0.414,0.0158,0,0.737,0,0.00807
218(E1),767,E1,-0,2.6,0.298,0,0.0243,0,0.00268
219(E1),768,E1,-0,1.34,0.111,0,0.42,0,0.0201
220(E1),769,E1,0.0319,2.85,0.452,0.444,0.438,0.429,0.417
221(E1),770,E1,-0,1.69,0.078,0,0.401,0,0.0966
222(E1),771,E1,0.00316,2.79,0.238,0,0.205,0,0.162
223(E1),772,E1,-0,2.28,0.447,0,0.208,0,0.0592
224(E1),773,E1,-0,0.0907,0.0955,0,0.924,0,0.00553
225(E1),774,E1,0.526,2.72,0.246,0.405,0.435,0.178,0.117
226(E1),775,E1,0.323,2.19,0.817,0.65,0.559,0.364,0.163
227(E1),776,E1,-0,1.3,0.179,0,0.488,0,0.000434
228(E1),777,E1,0.00317,2.61,0.136,0.103,0.0158,0.053,0.000749
229(E1),778,E1,0.00583,1.61,0.085,0.48,0.555,0.203,0.185
230(E1),779,E1,-0,0.423,0.044,0,0.702,0,4.97e-06
231(E1),780,E1,0.00316,1.38,0.0872,0,0.367,0,0.0048
232(E1),781,E1,-0,1.45,0.0421,0,0.394,0,0.0226
233(E1),782,E1,0.00316,2.34,0.289,0,0.967,0,0.934
234(E1),783,E1,-0,2.57,0.037,0,0.581,0,0.189
235(E1),784,E1,0.00316,1.21,0.182,1,1,0,0.949
236(E1),785,E1,0.00316,2.56,0.0547,0,0.955,0,0.932
237(E1),786,E1,-0,2.6,0.117,0,0.129,0,0.0051
238(E1),787,E1,-0,1.47,0.108,0,0.219,0,0.0501
239(E1),788,E1,-0,0.146,0.0104,1,1,0,0.929
240(E1),789,E1,-0,0.858,0.024,0,0.201,0,0.00248
241(E1),790,E1,-0,1.68,0.268,0,0.241,0,0.109
242(E1),791,E1,0.00316,2.1,0.165,0.673,0.727,0.084,0.00858
243(E1),792,E1,0.00317,0.124,0.0939,100,0.345,31.4,0.932
244(E1),793,E1,0.00323,2.39,0.188,0.698,0.741,0.156,0.0608
245(E1),794,E1,0.0173,2.92,0.496,0.096,0.0264,0.099,0.0291
246(E1),795,E1,-0,2.26,0.446,0,0.963,0,0.93
247(E1),796,E1,0.00632,1.98,0.22,0.407,0.424,0.052,0.00289
248(E1),797,E1,0.00321,2.76,0.607,0,0.228,0,0.073
249(E1),798,E1,0.00583,1.97,0.292,0.601,0.582,0.215,0.0802
250(E1),799,E1,0.0331,1.85,0.0718,0.942,0.952,0.35,0.266
251(E1),800,E1,-0,1.58,0.101,0,0.25,0,0.0089
252(E1),801,E1,-0,2.87,0.234,0,0.213,0,0.157
253(E1),802,E1,0.00316,2.51,0.152,0,0.00981,0,0.00174
254(E1),803,E1,0.0152,1.81,0.184,0,0.503,0,0.121
255(E1),804,E1,-0,1.79,0.0415,0,0.234,0,0.15
256(E1),805,E1,-0,1.39,0.153,0,0.356,0,0.0951
257(E1),806,E1,0.00319,1.23,0.163,3.35,0.368,0.069,0.00732
258(E1),807,E1,-0,1.27,0.15,0,0.396,0,0.0517
259(E1),808,E1,0.00316,0.0903,0.00473,0,0.825,0,1.84e-06
260(E1),809,E1,0.00316,2.89,0.339,0,0.21,0,0.143
261(E1),810,E1,-0,1.65,0.117,0,0.0323,0,0.0191
262(E1),811,E1,-0,2.91,0.257,0,0.13,0,0.11
263(E1),812,E1,0.00316,2.67,0.208,0,0.941,0,0.932
264(E1),813,E1,-0,2.91,0.677,0,0.0681,0,0.0651
265(E1),814,E1,-0,0.691,0.48,0,0.868,0,0.125
266(E1),815,E1,0.00584,1.67,0.0976,0,0.957,0,0.932
267(E1),816,E1,-0,2.5,0.247,0,0.957,0,0.934
268(E1),817,E1,-0,1.44,0.00214,0,0.4,0,0.0349
269(E1),818,E1,0.749,2.87,0.17,3.16,0.269,2.3,0.414
270(E1),819,E1,-0,2.01,0.231,0,0.000787,0,0.000163
271(E1),820,E1,0.00316,0.089,0.0157,0,0.9,0,0.00555
272(E1),821,E1,-0,2.75,0.378,0,0.00089,0,0.000266
273(E1),822,E1,-0,2.38,0.135,0,0.0198,0,0.00176
274(E1),823,E1,-0,0.521,0.404,0,0.762,0,0.0142
275(E1),824,E1,0.00317,2.6,0.299,0,0.0157,0,0.00718
276(E1),825,E1,0.121,2.3,0.0477,100,0.649,100,0.674
277(E1),826,E1,-0,0.898,0.286,0,0.574,0,0.00393
278(E1),827,E1,0.00317,1.81,0.0301,0.155,0.0782,0.074,0.0125
279(E1),828,E1,0.00317,2.53,0.19,2.42,0.548,0.333,0.458
280(E1),829,E1,-0,2.15,0.0683,0,0.00299,0,0.000374
281(E1),830,E1,-0,1.57,0.253,0,0.0132,0,0.00896
282(E1),831,E1,-0,1.6,0.0405,0,0.0469,0,0.0224
283(E1),832,E1,-0,2.71,0.253,0,0.282,0,0.126
284(E1),833,E1,0.611,2.8,0.366,1.14,0.916,1.56,0.703
285(E1),834,E1,-0,1.19,0.781,0,0.115,0,0.0108
286(E1),835,E1,-0,2.83,0.172,0,0.144,0,0.117
287(E1),836,E1,-0,1.44,0.0693,0,0.00693,0,9.62e-05
288(E1),837,E1,0.685,2.67,0.394,0.628,0.554,0.364,0.192
289(E1),838,E1,-0,1.92,0.403,0,0.953,0,0.932
290(E1),839,E1,-0,2.83,0.19,0,0.00261,0,0.00261
291(E1),840,E1,0.0267,2.92,0.338,1.12,0.897,0.96,0.962
292(E1),841,E1,0.00902,2.45,0.421,0.209,0.0808,0.106,0.00906
293(E1),842,E1,-0,2.24,0.135,0,0.263,0,0.03
294(E1),843,E1,-0,1.35,0.0609,0,0.272,0,0.00478
295(E1),844,E1,-0,2.89,0.325,0,0.0172,0,0.00804
296(E1),845,E1,0.111,2.04,0.0572,0.491,0.576,0.207,0.159
297(E1),846,E1,-0,2.92,0.329,0,0.21,0,0.132
298(E1),847,E1,-0,2.88,0.512,0,0.000199,0,0.000135
299(E1),848,E1,0.0331,2.75,0.154,1,0.999,1,0.999
300(E1),849,E1,0.00585,2.92,0.367,0,0.00892,0,0.00051
301(E1),850,E1,-0,0.175,0.132,0,0.88,0,0.00101
302(E1),851,E1,0.00836,2.86,0.4,0,0.00605,0,0.00457
303(E1),852,E1,0.00317,1.8,0.154,0,0.0279,0,0.00992
304(E1),853,E1,0.534,2.89,0.297,1.26,0.8,0.952,0.957
305(E1),854,E1,0.655,2.88,0.183,2.24,0.482,1.53,0.709
306(E1),855,E1,-0,0.0926,0.0439,0,0.929,0,0.0514
307(E1),856,E1,-0,2.61,0.143,0,0.0201,0,0.00247
308(E1),857,E1,0.00317,2.53,0.0336,0.083,0.0126,0.086,0.0145
309(E1),858,E1,0.00317,1.68,0.0747,7.03,0.183,0.141,0.104
310(E1),859,E1,0.00318,2.7,0.0597,0.499,0.574,0.197,0.177
311(E1),860,E1,-0,2.04,0.311,0,0.00105,0,0.000529
312(E1),861,E1,0.00317,1.6,0.406,0.371,0.332,0.033,0.000108
313(E1),862,E1,0.0108,2.31,0.11,0,0.106,0,0.00103
314(E1),863,E1,-0,1.31,0.0125,0,0.11,0,0.0139
315(E1),864,E1,0.0173,2.89,0.125,0.218,0.116,0.208,0.103
316(E1),865,E1,0.00584,2.11,0.00762,1.08,0.958,0.311,0.427
317(E1),866,E1,0.412,2.86,0.188,0.378,0.202,0.377,0.203
318(E1),867,E1,0.00584,1.62,0.0401,0.264,0.238,0.136,0.0669
319(E1),868,E1,-0,2.96,0.338,0,0.0063,0,0.00614
320(E1),869,E1,-0,2.49,0.0282,0,0.0335,0,0.0137
321(E1),870,E1,0.18,2.9,0.176,100,0.0806,98.8,0.095
322(E1),871,E1,0.0403,2.39,0.0765,0.572,0.704,0.466,0.603
323(E1),872,E1,0.00317,2.89,0.442,0.03,6.53e-05,0.018,2.84e-06
324(E1),873,E1,0.013,2.86,0.4,0.79,0.873,0.4,0.533
325(E1),874,E1,-0,2.96,0.578,0,0.00525,0,0.00617
326(E1),875,E1,-0,1.73,0.156,0,0.288,0,0.011
327(E1),876,E1,-0,2.94,0.478,0,0.0465,0,0.0181
328(E1),877,E1,-0,0.0885,0.0274,0,0.863,0,0.000178
329(E1),878,E1,0.0107,2.04,0.12,1.34,0.811,0.145,0.0721
330(E1),879,E1,0.00633,2.01,0.0144,0,0.057,0,0.0203
331(E1),880,E1,0.00634,2.24,0.133,0.39,0.417,0.097,0.0215
332(E1),881,E1,0.00588,2.08,0.0709,0.787,0.868,0.437,0.571
333(E1),882,E1,0.0153,2.92,0.433,0.17,0.4,0.095,0.275
334(E1),883,E1,0.00317,2.97,0.259,0,6e-05,0,5.65e-05
335(E1),884,E1,0.0142,2.93,0.674,0.233,0.344,0.203,0.303
336(E1),885,E1,0.0117,2.9,0.142,0.354,0.479,0.31,0.426
337(E1),886,E1,0.00321,2.18,0.0301,0,0.0168,0,0.0125
338(E1),887,E1,-0,2.61,0.195,0,3e-05,0,1.34e-05
339(E1),888,E1,0.00323,2.16,0.0398,0,8.9e-05,0,8.14e-05
340(E1),889,E1,0.00322,2.05,0.3,0,0.0122,0,5.48e-05
341(E1),890,E1,0.00643,1.76,0.288,0,0.389,0,0.128
342(E1),891,E1,0.00964,2.7,0.114,0.909,0.918,1.11,0.911
343(E1),892,E1,0.123,2.86,0.326,1.92,0.567,1.34,0.8
344(E1),893,E1,0.161,2.9,0.132,100,0.278,100,0.27
345(E1),894,E1,0.00657,2.99,0.343,100,0.353,92.5,0.263
346(E1),895,E1,0.00657,1.91,0.0171,0,0.0109,0,0.00636
347(E1),896,E1,0.0111,2.96,0.397,1.17,0.897,1.25,0.851
348(E1),897,E1,0.0244,2.92,0.13,0.173,0.108,0.114,0.0444
349(E1),898,E1,0.0529,2.96,0.566,0.171,0.00989,0.212,0.0235
350(E1),899,E1,0.0126,2.92,0.242,0.22,0.16,0.199,0.137
351(E1),900,E1,0.00329,2.94,0.357,0.328,0.363,0.286,0.303
352(E1),901,E1,0.00933,2.91,0.155,0.498,0.521,0.263,0.202
353(E1),902,E1,0.00328,2.93,0.418,0,0.077,0,0.0493
354(E1),903,E1,0.0144,2.1,0.0563,0.667,0.704,0.369,0.344
355(E1),904,E1,0.00933,2.88,0.129,2.09,0.544,1.27,0.847
356(E1),905,E1,-0,1.28,0.00533,0,0.0234,0,0.000753
357(E1),906,E1,0.0119,1.55,0.0105,8.06,0.177,0.383,0.5
358(E1),907,E1,0.00604,1.94,0.0186,0.67,0.75,0.126,0.0527
359(E1),908,E1,-0,2.81,0.139,0,0.15,0,0.0894
360(E1),909,E1,0.0111,2.76,0.108,0,5.08e-05,0,2.01e-06
361(E1),910,E1,-0,2.86,0.173,0,0.00633,0,0.00533
362(E1),911,E1,-0,2.86,0.073,0,0.0156,0,0.00506
363(E1),912,E1,-0,2.79,0.0242,0,0.0316,0,0.0257
364(E1),913,E1,0.00328,2.98,0.404,0,0.0508,0,0.0852
365(E1),914,E1,0.00328,1.95,0.0359,0,0.026,0,0.0094
366(E1),915,E1,0.0187,2.97,0.46,0.099,0.0888,0.05,0.028
367(E1),916,E1,0.0204,2.12,0.0375,2.09,0.526,1.43,0.761
368(E1),917,E1,0.00328,2.65,0.174,1.22,0.88,0.302,0.324
369(E1),918,E1,0.00328,2.06,0.042,0.051,0.00128,0.047,0.000889
370(E1),919,E1,-0,0.257,0.1,0,0.775,0,5.72e-05
371(E1),920,E1,0.00605,2.66,0.365,0.667,0.723,0.165,0.0944
372(E1),921,E1,0.00328,2.92,0.21,0.331,0.377,0.229,0.228
373(E1),922,E1,-0,2.94,0.372,0,0.00285,0,0.00139
374(E1),923,E1,0.0234,2.32,0.0656,100,0.134,100,0.193
375(E1),924,E1,0.00656,2.96,0.436,0.505,0.618,0.394,0.502
376(E1),925,E1,-0,0.0933,0.0143,0,0.931,0,0.0698
377(E1),926,E1,0.689,2.96,0.481,100,0.0443,100,0.0469
378(E1),927,E1,0.00328,2.24,0.0706,0.161,0.0726,0.067,0.00386
379(E1),928,E1,0.13,2.89,0.456,0.606,0.541,0.569,0.493
380(E1),929,E1,-0,0.0871,0.0151,0,0.886,0,0.00344
381(E1),930,E1,-0,2.89,0.401,0,0.000105,0,6.09e-05
382(E1),931,E1,0.00329,2.37,0.151,1.44,0.718,0.344,0.266
383(E1),932,E1,-0,0.205,0.0892,0,0.838,0,0.0055
384(E1),933,E1,-0,2.64,0.458,0,0.00407,0,0.00118
385(E1),934,E1,0.00329,2.53,0.349,0,0.131,0,0.0839
386(E1),935,E1,-0,1.04,0.127,0,0.506,0,0.00867
387(E1),936,E1,-0,0.752,0.0723,0,0.979,0,0.921
388(E1),937,E1,-0,1.31,0.107,0,0.022,0,0.00325
389(E1),938,E1,-0,2.02,0.505,0,0.108,0,0.000629
390(E1),939,E1,-0,1.87,0.367,0,0.155,0,0.0738
391(E1),940,E1,0.0033,1.94,0.351,1.62,0.708,0.17,0.132
392(E1),941,E1,0.00329,2.73,0.183,0.604,0.727,0.528,0.66
393(E1),942,E1,0.0153,2.66,0.196,0.606,0.629,0.359,0.271
394(E1),943,E1,0.0033,2.37,0.084,0.477,0.613,0.189,0.257
395(E1),944,E1,-0,2.9,0.344,0,0.933,0,0.927
396(E1),945,E1,0.0094,2.88,0.467,0.802,0.863,0.579,0.672
397(E1),946,E1,0.182,2.87,0.297,0.653,0.603,0.466,0.357
398(E1),947,E1,-0,2.72,0.402,0,0.208,0,0.105
399(E1),948,E1,0.0168,2.9,0.735,0.297,0.254,0.292,0.246
400(E1),949,E1,-0,2.91,0.738,0,0.065,0,0.0381
401(E1),950,E1,0.00939,2.65,0.231,0,0.00457,0,0.00629
402(E1),951,E1,-0,2.57,0.406,0,0.00245,0,0.000192
403(E1),952,E1,0.00611,2.88,0.215,0,0.111,0,0.0838
404(E1),953,E1,0.141,2.87,0.214,0.596,0.457,0.747,0.675
405(E1),954,E1,0.0061,2.88,0.319,0,0.0177,0,0.00858
406(E1),955,E1,0.00331,2.64,0.16,0.215,0.162,0.146,0.0731
407(E1),956,E1,0.676,2.8,0.389,100,0.779,97.9,0.807
408(E1),957,E1,0.00662,2.91,0.3,0,0.016,0,0.0117
409(E1),958,E1,0.00333,2.61,0.346,1,1,0,0.953
410(E1),959,E1,-0,2.64,0.466,0,0.00932,0,0.00532
411(E1),960,E1,0.00331,2.86,0.579,0,0.172,0,0.157
412(E1),961,E1,0.00331,2.62,0.546,100,0.332,99.8,0.408
413(E1),962,E1,-0,2.33,0.527,0,0.0435,0,0.0146
414(E1),963,E1,0.00331,2.73,0.53,0,0.242,0,0.132
415(E1),964,E1,-0,2.1,0.62,1,1,0,0.935
416(E1),965,E1,0.00996,2.52,0.387,0.775,0.815,0.398,0.396
417(E1),966,E1,0.00998,2.59,0.281,0,0.0368,0,0.0202
418(E1),967,E1,-0,2.21,0.346,0,0.34,0,0.0049
419(E1),968,E1,-0,2.66,0.642,0,0.066,0,0.017
420(E1),969,E1,0.0983,2.62,0.464,0.662,0.811,0.926,0.965
421(E1),970,E1,-0,2.64,0.216,0,0.000159,0,3.65e-05
422(E1),971,E1,0.00679,2.5,0.388,0.701,0.736,0.879,0.902
423(E1),972,E1,0.00687,2.62,0.469,0.435,0.44,0.629,0.662
424(E1),973,E1,0.00349,2.69,0.187,0.081,0.01,0.072,0.00704
425(E1),974,E1,0.00354,2.51,0.289,0,0.0469,0,0.0358
426(E1),975,E1,-0,2.7,0.535,0,0.0268,0,0.0138
427(E1),976,E1,-0,2.72,0.404,0,0.000318,0,0.000456
428(E1),977,E1,-0,2.89,0.229,0,0.0176,0,0.009
429(E1),978,E1,-0,2.41,0.378,0,0.00531,0,0.000968
430(E1),979,E1,0.00749,2.79,0.52,0.611,0.618,0.334,0.277
431(E1),980,E1,0.00376,2.67,0.401,0.225,0.18,0.103,0.0327
432(E1),981,E1,0.0127,2.89,0.322,0.608,0.578,0.488,0.421
433(E1),982,E1,0.00759,2.8,0.345,100,0.397,100,0.585
434(E1),983,E1,0.00382,2.96,0.684,0,0.0359,0,0.0333
435(E1),984,E1,0.00383,2.87,0.517,0.217,0.174,0.144,0.0814
436(E1),985,E1,-0,2.95,0.326,0,3.32e-13,0,1.34e-12
437(E1),986,E1,0.0226,2.92,0.2,0.569,0.665,0.403,0.496
438(E1),987,E1,0.00783,2.83,0.46,0.194,0.138,0.087,0.0242
439(E1),988,E1,0.0232,2.92,0.733,0.45,0.724,0.618,0.777
