sequential_site,region,alignment_entropy,n_nongap
2,E3,-0.0,2829
3,E3,-0.0,2829
4,E3,0.037039388106904526,2829
5,E3,0.11204677634849944,2829
6,E3,0.0031627790065659584,2829
7,E3,-0.0,2828
8,E3,0.11072945615941658,2829
9,E3,0.0031627790065659584,2829
10,E3,-0.0,2829
11,E3,-0.0,2828
12,E3,0.0058354031994463365,2829
13,E3,-0.0,2827
14,E3,0.025741802201488778,2829
15,E3,0.003161786322041745,2830
16,E3,0.0058354031994463365,2829
17,E3,0.003160794294693037,2831
18,E3,-0.0,2831
19,E3,0.02662839594954372,2831
20,E3,0.4495174382133391,2831
21,E3,-0.0,2831
22,E3,0.02146393659747505,2830
23,E3,-0.0,2831
24,E3,0.17137959096323485,2824
25,E3,-0.0,2831
26,E3,0.003160794294693037,2831
27,E3,-0.0,2831
28,E3,-0.0,2830
29,E3,0.008317813098984444,2831
30,E3,0.6919567652169157,2827
31,E3,0.025726117301913702,2831
32,E3,-0.0,2831
33,E3,-0.0,2833
34,E3,0.6722624203030688,2826
35,E3,-0.0,2832
36,E3,-0.0,2833
37,E3,-0.0,2833
38,E3,-0.0,2833
39,E3,-0.0,2833
40,E3,-0.0,2807
41,E3,0.0031588122088629968,2833
42,E3,-0.0,2833
43,E3,0.06344366861180717,2833
44,E3,0.0031588122088629968,2833
45,E3,0.5338643493811717,2832
46,E3,0.008315250336866822,2832
47,E3,-0.0,2832
48,E3,-0.0,2831
49,E3,-0.0,2827
50,E3,-0.0,2828
51,E3,0.0031627790065659584,2829
52,E3,-0.0,2830
53,E3,0.11980318726164486,2826
54,E3,0.011496037223662062,2826
55,E3,0.011513900305879373,2821
56,E3,-0.0,2795
57,E3,0.003170744221177687,2821
58,E3,-0.0,2820
59,E3,-0.0,2821
60,E3,0.06846089366251742,2819
61,E3,0.547245790966929,2811
62,E3,-0.0,2811
63,E3,0.01527222042325561,2808
64,E3,-0.0,2808
65,E3,-0.0,2808
66,E2,0.006367429882627648,2808
67,E2,0.5377720842925252,2808
68,E2,0.0031837783765407512,2808
69,E2,0.006367429882627648,2808
70,E2,0.5227034282761686,2808
71,E2,0.014743891648228091,2808
72,E2,0.0031837783765407512,2808
73,E2,0.005877413839069196,2806
74,E2,-0.0,2807
75,E2,-0.0,2807
76,E2,0.0058755739643283214,2807
77,E2,0.010762898998369488,2807
78,E2,0.0031847856890246684,2807
79,E2,0.0031857936742327986,2806
80,E2,-0.0,2790
81,E2,-0.0,2724
82,E2,-0.0,2806
83,E2,0.009062953365178383,2806
84,E2,0.0031837783765407512,2808
85,E2,-0.0,2809
86,E2,0.0031837783765407512,2808
87,E2,-0.0,2808
88,E2,0.006367429882627648,2808
89,E2,-0.0,2808
90,E2,-0.0,2809
91,E2,-0.0,2809
92,E2,0.00318277173609465,2809
93,E2,-0.0,2807
94,E2,-0.0,2807
95,E2,-0.0,2806
96,E2,-0.0,2807
97,E2,0.1140876077882514,2806
98,E2,0.0031878116655714357,2804
99,E2,0.0031847856890246684,2807
100,E2,-0.0,2807
101,E2,0.0031847856890246684,2807
102,E2,0.013947176572163999,2807
103,E2,-0.0,2807
104,E2,0.0031847856890246684,2807
105,E2,-0.0,2807
106,E2,-0.0,2807
107,E2,0.0031847856890246684,2807
108,E2,-0.0,2807
109,E2,-0.0,2805
110,E2,0.0031847856890246684,2807
111,E2,0.008377223395410052,2808
112,E2,0.0115498036657604,2811
113,E2,0.015253536631096009,2812
114,E2,-0.0,2817
115,E2,0.003173742101016737,2818
116,E2,-0.0,2819
117,E2,0.003174742723848837,2817
118,E2,-0.0,2820
119,E2,0.003173742101016737,2818
120,E2,0.019483095413014236,2818
121,E2,0.013882493308499484,2822
122,E2,0.05217777138716326,2822
123,E2,-0.0,2823
124,E2,-0.0,2823
125,E2,0.012991908270996487,2823
126,E2,0.009006357186185325,2826
127,E2,0.003161786322041745,2830
128,E2,0.0031637723489315707,2828
129,E2,0.015160845158155458,2832
130,E2,-0.0,2832
131,E2,0.0031598029238548283,2832
132,E2,-0.0,2832
133,E2,-0.0,2832
134,E2,0.003164766349805363,2827
135,E2,-0.0,2832
136,E2,-0.0,2831
137,E2,0.11749052519325616,2822
138,E2,0.010693526334721454,2828
139,E2,0.8600465616591633,2823
140,E2,-0.0,2828
141,E2,0.1950981583429608,2825
142,E2,-0.0,2814
143,E2,0.0031767459679019954,2815
144,E2,0.07331424573677352,2808
145,E2,-0.0,2809
146,E2,0.0063553708510500065,2814
147,E2,0.015248873309205413,2813
148,E2,-0.0,2814
149,E2,0.1235073316647998,2814
150,E2,0.01742223529637195,2810
151,E2,0.0031777485904795877,2814
152,E2,0.0031787518809972396,2813
153,E2,0.010742980626259217,2813
154,E2,0.0031787518809972396,2813
155,E2,0.009043059288927693,2813
156,E2,-0.0,2807
157,E2,0.011728614725882318,2813
158,E2,-0.0,2813
159,E2,0.00586272893167549,2814
160,E2,-0.0,2813
161,E2,-0.0,2812
162,E2,0.003179755840135541,2812
163,E2,-0.0,2813
164,E2,-0.0,2813
165,E2,-0.0,2813
166,E2,-0.0,2813
167,E2,-0.0,2810
168,E2,0.6829518867875951,2813
169,E2,-0.0,2811
170,E2,-0.0,2813
171,E2,-0.0,2813
172,E2,0.005864560292423183,2813
173,E2,0.0031888216730792205,2803
174,E2,-0.0,2813
175,E2,0.04884383861070931,2813
176,E2,0.006357377342234733,2813
177,E2,-0.0,2813
178,E2,0.02752801856889144,2814
179,E2,-0.0,2814
180,E2,0.0031777485904795877,2814
181,E2,0.0063533656956496435,2815
182,E2,-0.0,2813
183,E2,0.5418450499109573,2813
184,E2,0.006349359386766248,2817
185,E2,0.01803973991462979,2821
186,E2,0.024871012085623628,2821
187,E2,0.021525031572360832,2825
188,E2,0.05298260740734982,2827
189,E2,0.11326436901516666,2832
190,E2,-0.0,2832
191,E2,0.04375370163195328,2832
192,E2,-0.0,2832
193,E2,0.005829970398133135,2832
194,E2,-0.0,2831
195,E2,0.0031598029238548283,2832
196,E2,0.003160794294693037,2831
197,E2,0.12394510755557775,2831
198,E2,0.003160794294693037,2831
199,E2,0.003160794294693037,2831
200,E2,0.012646395680081931,2830
201,E2,-0.0,2832
202,E2,-0.0,2832
203,E2,-0.0,2831
204,E2,-0.0,2830
205,E2,0.11066790077304856,2831
206,E2,-0.0,2831
207,E2,0.017306193458237362,2832
208,E2,0.006321463772396384,2831
209,E2,-0.0,2831
210,E2,-0.0,2832
211,E2,0.020465122353556055,2832
212,E2,0.024617149141338897,2831
213,E2,-0.0,2829
214,E2,0.5297627264526644,2825
215,E2,0.0031837783765407512,2808
216,E2,0.003160794294693037,2831
217,E2,0.012148952425305847,2832
218,E2,-0.0,2831
219,E2,-0.0,2832
220,E2,0.0031598029238548283,2832
221,E2,0.0031767459679019954,2815
222,E2,0.5257984949398475,2824
223,E2,0.008989523820229973,2832
224,E2,0.0114782328103156,2831
225,E2,0.036822835292493576,2820
226,E2,-0.0,2825
227,E2,0.008320377539833102,2830
228,E2,-0.0,2832
229,E2,0.5773079053954818,2831
230,E2,0.005837216517877813,2828
231,E2,0.003160794294693037,2831
232,E2,0.009482008388989506,2831
233,E2,-0.0,2830
234,E2,-0.0,2832
235,E2,0.005844481747011393,2824
236,E2,0.0031598029238548283,2832
237,E2,-0.0,2832
238,E2,-0.0,2830
239,E2,0.0031598029238548283,2832
240,E2,-0.0,2833
241,E2,-0.0,2833
242,E2,-0.0,2833
243,E2,0.09471877552778019,2833
244,E2,0.0031588122088629968,2833
245,E2,0.003161786322041745,2830
246,E2,0.05011236677314594,2829
247,E2,0.11776651497472812,2832
248,E2,-0.0,2831
249,E2,0.005829970398133135,2832
250,E2,0.019973193972059072,2832
251,E2,0.010683693573835478,2831
252,E2,0.005831780140775088,2831
253,E2,-0.0,2831
254,E2,0.003160794294693037,2831
255,E2,-0.0,2831
256,E2,0.012148952425305847,2832
257,E2,-0.0,2831
258,E2,0.0031598029238548283,2832
259,E2,0.5281164092428101,2828
260,E2,0.027388299153531824,2831
261,E2,-0.0,2832
262,E2,0.00631948111886756,2832
263,E2,0.015170060142988225,2830
264,E2,-0.0,2809
265,E2,0.005831780140775088,2831
266,E2,-0.0,2831
267,E2,0.014638527572201823,2831
268,E2,-0.0,2829
269,E2,0.003160794294693037,2831
270,E2,0.8003221146228847,2832
271,E2,0.003160794294693037,2831
272,E2,0.5152558301411413,2832
273,E2,0.0031598029238548283,2832
274,E2,-0.0,2832
275,E2,0.07926154323747346,2814
276,E2,0.6887596716800541,2831
277,E2,-0.0,2832
278,E2,0.017078095436635042,2817
279,E2,0.003160794294693037,2831
280,E2,-0.0,2818
281,E2,0.008989523820229973,2832
282,E2,0.005829970398133135,2832
283,E2,0.053699006706118525,2832
284,E2,0.003160794294693037,2831
285,E2,-0.0,2823
286,E2,0.07591867857588416,2832
287,E2,0.12984740826277275,2832
288,E2,-0.0,2832
289,E2,-0.0,2832
290,E2,-0.0,2831
291,E2,0.0031598029238548283,2832
292,E2,0.025228771775698836,2832
293,E2,0.008989523820229973,2832
294,E2,0.008315250336866822,2832
295,E2,-0.0,2832
296,E2,-0.0,2832
297,E2,-0.0,2750
298,E2,0.03295595368731757,2749
299,E2,0.0031687489517512007,2823
300,E2,-0.0,2832
301,E2,-0.0,2832
302,E2,0.009479034540964399,2832
303,E2,-0.0,2831
304,E2,-0.0,2822
305,E2,0.003161786322041745,2830
306,E2,0.0031598029238548283,2832
307,E2,0.00631948111886756,2832
308,E2,-0.0,2832
309,E2,-0.0,2831
310,E2,0.003160794294693037,2831
311,E2,0.04374737372896089,2832
312,E2,0.0031598029238548283,2832
313,E2,0.7029489702278041,2830
314,E2,-0.0,2811
315,E2,-0.0,2830
316,E2,-0.0,2829
317,E2,0.22933664946680557,2826
318,E2,-0.0,2826
319,E2,-0.0,2824
320,E2,0.5245301963837408,2823
321,E2,0.0031687489517512007,2823
322,E2,0.0031687489517512007,2823
323,E2,-0.0,2789
324,E2,-0.0,2812
325,E2,0.008335799532879155,2824
326,E2,-0.0,2825
327,E2,0.005842663644003179,2825
328,E2,0.0031677523101580813,2824
329,E2,0.6501681576863299,2821
330,E2,0.0031677523101580813,2824
331,E2,-0.0,2825
332,E2,0.038904001933178646,2757
333,E2,0.003166756329749501,2825
334,E2,-0.0,2825
335,E2,0.015188526052661895,2826
336,E2,0.012983965049263524,2825
337,E2,-0.0,2826
338,E2,0.0421025356726141,2825
339,E2,-0.0,2825
340,E2,-0.0,2825
341,E2,0.0031657610098552273,2826
342,E2,0.006331396760577903,2826
343,E2,-0.0,2819
344,E2,0.031031815890267503,2750
345,E2,-0.0,2826
346,E2,0.005840846738950199,2826
347,E2,0.006331396760577903,2826
348,E2,-0.0,2826
349,E2,0.12692680463583095,2826
350,E2,0.008328080951640861,2827
351,E2,0.006331396760577903,2826
352,E2,-0.0,2827
353,E2,0.02148333203231239,2827
354,E2,-0.0,2827
355,E2,-0.0,2827
356,E2,-0.0,2826
357,E2,-0.0,2827
358,E2,-0.0,2825
359,E2,0.0031657610098552273,2826
360,E2,-0.0,2826
361,E2,-0.0,2826
362,E2,-0.0,2818
363,E2,-0.0,2825
364,E2,0.04865518486679033,2826
365,E2,-0.0,2827
366,E2,-0.0,2829
367,E2,0.1138838892949295,2829
368,E2,0.00631948111886756,2832
369,E2,0.018319899047227074,2832
370,E2,0.00631948111886756,2832
371,E2,0.005831780140775088,2831
372,E2,0.21220614210154096,2830
373,E2,0.012148952425305847,2832
374,E2,0.010680420263102574,2832
375,E2,-0.0,2832
376,E2,0.00631948111886756,2832
377,E2,0.6193109365812548,2831
378,E2,0.05201700389995644,2788
379,E2,0.0031598029238548283,2832
380,E2,-0.0,2832
381,E2,0.006321463772396384,2831
382,E2,0.5228380465129683,2832
383,E2,0.642360487148538,2830
384,E2,0.011488908434606614,2828
385,E2,0.028595534513655842,2832
386,E2,0.0032020134917314655,2790
387,E2,-0.0,2814
388,E2,0.0031598029238548283,2832
389,E2,0.0031657610098552273,2826
390,E2,-0.0,2832
391,E2,-0.0,2832
392,E2,-0.0,2832
393,E2,0.0031598029238548283,2832
394,E2,-0.0,2832
395,E2,0.0031598029238548283,2832
396,E2,0.0031598029238548283,2832
397,E2,-0.0,2831
398,E2,0.0031598029238548283,2832
399,E2,0.009487961994787356,2829
400,E2,0.003161786322041745,2830
401,E2,-0.0,2830
402,E2,0.013852525374396374,2829
403,E2,-0.0,2830
404,E2,-0.0,2830
405,E2,-0.0,2825
406,E2,0.0031627790065659584,2829
407,E2,0.11082193018833539,2826
408,E2,0.0031637723489315707,2828
409,E2,0.04556778025707773,2825
410,E2,-0.0,2826
411,E2,0.003170744221177687,2821
412,E2,-0.0,2819
413,E2,-0.0,2829
414,E2,-0.0,2825
415,E2,0.0031627790065659584,2829
416,E2,0.07200443669623911,2829
417,E2,0.003161786322041745,2830
418,E2,0.03494377995621437,2829
419,E2,0.029319747158173984,2829
420,E2,-0.0,2829
421,E2,0.03049339216477729,2753
422,E2,0.040231940998182926,2753
423,E2,0.031226060595401173,2827
424,E2,-0.0,2831
425,E2,-0.0,2831
426,E2,0.010690246607502616,2829
427,E2,-0.0,2830
428,E2,-0.0,2825
429,E2,-0.0,2830
430,E2,-0.0,2830
431,E2,0.038771556312770565,2830
432,E2,-0.0,2830
433,E2,0.4405372905453361,2830
434,E2,0.02047758543862815,2830
435,E2,0.12031061664148851,2830
436,E2,0.472120025637098,2830
437,E2,0.0058335910741460556,2830
438,E2,0.0058335910741460556,2830
439,E2,-0.0,2830
440,E2,0.6145615972859548,2826
441,E2,0.07750731588919456,2831
442,E2,0.6995563612429722,2832
443,E2,0.003160794294693037,2831
444,E2,0.003160794294693037,2831
445,E2,0.09336361943780619,2831
446,E2,0.003161786322041745,2830
447,E2,0.008320377539833102,2830
448,E2,0.003161786322041745,2830
449,E2,0.7436371476373429,2829
450,E2,0.0063254330195664805,2829
451,E2,0.6070914862487599,2797
452,E2,0.0031637723489315707,2828
453,E2,0.0031627790065659584,2829
454,E2,0.003161786322041745,2830
455,E2,0.22345715403050087,2830
456,E2,0.003161786322041745,2830
457,E2,-0.0,2831
458,E2,-0.0,2831
459,E2,-0.0,2831
460,E2,0.012642428100320664,2831
461,E2,-0.0,2832
462,E2,0.005837216517877813,2828
463,E2,-0.0,2831
464,E2,-0.0,2831
465,E2,-0.0,2822
466,E2,-0.0,2824
467,E2,-0.0,2824
468,E2,-0.0,2825
469,E2,-0.0,2825
470,E2,0.025788979576406044,2823
471,E2,0.009006357186185327,2826
472,E2,0.003166756329749501,2825
473,E2,0.01944773452386289,2824
474,E2,0.003166756329749501,2825
475,E2,-0.0,2820
476,E2,-0.0,2825
477,E2,0.0031717428503566644,2820
478,E2,0.009011983139424638,2824
479,E2,0.0031677523101580813,2824
480,E2,0.22864804189632743,2822
481,E2,0.003166756329749501,2825
482,E2,-0.0,2824
483,E2,0.19484644174230853,2826
484,E2,0.005840846738950199,2826
485,E2,-0.0,2826
486,E2,0.11661032929380648,2826
487,E2,-0.0,2825
488,E2,-0.0,2825
489,6K,-0.0,2826
490,6K,0.003166756329749501,2825
491,6K,-0.0,2826
492,6K,0.1153297233356555,2825
493,6K,-0.0,2824
494,6K,0.0031657610098552273,2826
495,6K,0.009009169233664571,2825
496,6K,0.7188716505411367,2817
497,6K,-0.0,2826
498,6K,-0.0,2813
499,6K,-0.0,2825
500,6K,-0.0,2824
501,6K,0.015253536631096009,2812
502,6K,0.003166756329749501,2825
503,6K,-0.0,2823
504,6K,0.011503175399714297,2824
505,6K,-0.0,2822
506,6K,-0.0,2822
507,6K,-0.0,2823
508,6K,0.44462628269248505,2824
509,6K,-0.0,2823
510,6K,0.006337372377955702,2823
511,6K,0.003170744221177687,2821
512,6K,0.0031677523101580813,2824
513,6K,-0.0,2822
514,6K,-0.0,2824
515,6K,0.0031687489517512007,2823
516,6K,-0.0,2823
517,6K,0.0031677523101580813,2824
518,6K,-0.0,2824
519,6K,0.011503175399714297,2824
520,6K,0.0031677523101580813,2824
521,6K,0.0031677523101580813,2824
522,6K,0.00584630104918493,2823
523,6K,-0.0,2822
524,6K,-0.0,2798
525,6K,0.03858866381461378,2823
526,6K,0.012991908270996487,2823
527,6K,0.006343359907901511,2820
528,6K,-0.0,2823
529,6K,-0.0,2820
530,6K,0.010723140578567795,2819
531,6K,-0.0,2819
532,6K,0.005853590273792788,2819
533,6K,0.5174203027720699,2820
534,6K,-0.0,2819
535,6K,0.6048274659977667,2818
536,6K,-0.0,2815
537,6K,-0.0,2817
538,6K,0.005853590273792788,2819
539,6K,0.013895378925373146,2819
540,6K,0.5728030163143543,2818
541,6K,0.003174742723848837,2817
542,6K,0.14035504551142605,2814
543,6K,-0.0,2815
544,6K,0.015230250434544604,2817
545,6K,0.017384466120822242,2817
546,6K,0.006343359907901511,2820
547,6K,0.01072974525427576,2817
548,6K,0.03257848933482393,2819
549,6K,-0.0,2821
550,E1,0.0031717428503566644,2820
551,E1,0.003170744221177687,2821
552,E1,-0.0,2824
553,E1,0.07287535034776631,2823
554,E1,0.0031677523101580813,2824
555,E1,-0.0,2824
556,E1,0.0031697462552003207,2822
557,E1,-0.0,2810
558,E1,0.017364007046319564,2821
559,E1,0.003170744221177687,2821
560,E1,-0.0,2830
561,E1,-0.0,2829
562,E1,-0.0,2829
563,E1,-0.0,2829
564,E1,-0.0,2829
565,E1,-0.0,2829
566,E1,-0.0,2829
567,E1,-0.0,2828
568,E1,0.005837216517877813,2828
569,E1,0.018364776048292095,2824
570,E1,-0.0,2828
571,E1,-0.0,2828
572,E1,-0.0,2826
573,E1,-0.0,2824
574,E1,-0.0,2825
575,E1,-0.0,2827
576,E1,-0.0,2827
577,E1,0.005839031030644077,2827
578,E1,-0.0,2758
579,E1,0.005839031030644077,2827
580,E1,0.016140172232394036,2827
581,E1,-0.0,2827
582,E1,-0.0,2827
583,E1,0.11529753336568634,2826
584,E1,0.005839031030644077,2827
585,E1,-0.0,2827
586,E1,0.036252361289347536,2827
587,E1,0.0031697462552003207,2822
588,E1,0.006331396760577903,2826
589,E1,0.0031657610098552273,2826
590,E1,0.008330652124301235,2826
591,E1,-0.0,2825
592,E1,0.003166756329749501,2825
593,E1,-0.0,2825
594,E1,-0.0,2825
595,E1,-0.0,2824
596,E1,-0.0,2825
597,E1,-0.0,2825
598,E1,-0.0,2825
599,E1,-0.0,2824
600,E1,-0.0,2825
601,E1,-0.0,2825
602,E1,-0.0,2825
603,E1,0.0031687489517512007,2823
604,E1,0.16019189181542276,2822
605,E1,-0.0,2813
606,E1,-0.0,2823
607,E1,0.0031677523101580813,2824
608,E1,-0.0,2823
609,E1,0.006335379183668578,2824
610,E1,0.003170744221177687,2821
611,E1,-0.0,2825
612,E1,0.0031677523101580813,2824
613,E1,0.0031677523101580813,2824
614,E1,0.0236528351868769,2828
615,E1,0.009003546995109003,2827
616,E1,-0.0,2826
617,E1,-0.0,2827
618,E1,-0.0,2827
619,E1,0.003164766349805363,2827
620,E1,0.0031687489517512007,2823
621,E1,0.5601599549606014,2828
622,E1,0.005842663644003179,2825
623,E1,-0.0,2829
624,E1,-0.0,2828
625,E1,-0.0,2826
626,E1,0.0031677523101580813,2824
627,E1,-0.0,2799
628,E1,0.005866392865756828,2812
629,E1,-0.0,2828
630,E1,-0.0,2828
631,E1,0.011492471656942076,2827
632,E1,-0.0,2828
633,E1,-0.0,2829
634,E1,-0.0,2827
635,E1,-0.0,2828
636,E1,-0.0,2827
637,E1,-0.0,2827
638,E1,0.003170744221177687,2821
639,E1,0.0031637723489315707,2828
640,E1,-0.0,2827
641,E1,-0.0,2827
642,E1,0.006379537297656559,2802
643,E1,0.005905159206624381,2791
644,E1,-0.0,2818
645,E1,-0.0,2823
646,E1,0.0031687489517512007,2823
647,E1,0.663869637604017,2824
648,E1,-0.0,2825
649,E1,-0.0,2818
650,E1,0.005859069843026508,2816
651,E1,-0.0,2814
652,E1,-0.0,2816
653,E1,0.00317574401258467,2816
654,E1,-0.0,2815
655,E1,-0.0,2817
656,E1,0.0063533656956496435,2815
657,E1,-0.0,2815
658,E1,-0.0,2817
659,E1,0.003174742723848837,2817
660,E1,0.0031777485904795877,2814
661,E1,-0.0,2817
662,E1,-0.0,2817
663,E1,-0.0,2817
664,E1,0.00317574401258467,2816
665,E1,0.00585724211267328,2817
666,E1,0.003173742101016737,2818
667,E1,-0.0,2818
668,E1,-0.0,2818
669,E1,0.019747709260149543,2819
670,E1,0.006347358230570419,2818
671,E1,-0.0,2814
672,E1,-0.0,2816
673,E1,0.0031717428503566644,2820
674,E1,-0.0,2820
675,E1,-0.0,2820
676,E1,-0.0,2820
677,E1,-0.0,2820
678,E1,0.011703028975812053,2820
679,E1,-0.0,2819
680,E1,0.003173742101016737,2818
681,E1,0.006347358230570419,2818
682,E1,-0.0,2818
683,E1,0.00585724211267328,2817
684,E1,0.015230250434544604,2817
685,E1,0.03588805475311986,2737
686,E1,-0.0,2815
687,E1,0.0063553708510500065,2814
688,E1,-0.0,2815
689,E1,0.0058608987822855625,2815
690,E1,-0.0,2816
691,E1,0.052446371140306605,2816
692,E1,-0.0,2816
693,E1,0.010736358597683895,2815
694,E1,0.6009759845036515,2815
695,E1,0.02111191494371293,2813
696,E1,0.017099345890395874,2813
697,E1,0.003179755840135541,2812
698,E1,0.006357377342234733,2813
699,E1,0.020552705523039606,2818
700,E1,0.04466830138389638,2820
701,E1,0.0031687489517512007,2823
702,E1,0.0031687489517512007,2823
703,E1,-0.0,2824
704,E1,0.027453859137046854,2823
705,E1,-0.0,2824
706,E1,0.009014798905345794,2823
707,E1,0.005844481747011393,2824
708,E1,-0.0,2826
709,E1,-0.0,2827
710,E1,-0.0,2825
711,E1,0.12044962864299957,2830
712,E1,0.011488908434606614,2828
713,E1,-0.0,2828
714,E1,-0.0,2830
715,E1,0.017316674381810646,2830
716,E1,-0.0,2830
717,E1,0.008315250336866822,2832
718,E1,0.006321463772396384,2831
719,E1,-0.0,2825
720,E1,0.0031588122088629968,2833
721,E1,-0.0,2832
722,E1,-0.0,2831
723,E1,0.0031588122088629968,2833
724,E1,-0.0,2820
725,E1,-0.0,2833
726,E1,-0.0,2821
727,E1,-0.0,2832
728,E1,-0.0,2833
729,E1,-0.0,2831
730,E1,-0.0,2831
731,E1,0.008986724728281555,2833
732,E1,0.008986724728281555,2833
733,E1,-0.0,2833
734,E1,0.0031627790065659584,2829
735,E1,-0.0,2833
736,E1,0.0063174997769381465,2833
737,E1,0.0031588122088629968,2833
738,E1,0.003160794294693037,2831
739,E1,-0.0,2832
740,E1,-0.0,2833
741,E1,-0.0,2830
742,E1,-0.0,2833
743,E1,-0.0,2832
744,E1,0.008312689251795695,2833
745,E1,0.008312689251795695,2833
746,E1,-0.0,2831
747,E1,-0.0,2833
748,E1,-0.0,2833
749,E1,-0.0,2832
750,E1,-0.0,2832
751,E1,-0.0,2832
752,E1,0.008995127541559053,2830
753,E1,-0.0,2831
754,E1,-0.0,2832
755,E1,-0.0,2832
756,E1,-0.0,2831
757,E1,-0.0,2831
758,E1,0.009479034540964397,2832
759,E1,0.009037392225001453,2815
760,E1,1.1253568849661297,2819
761,E1,0.003161786322041745,2830
762,E1,0.00899232475736821,2831
763,E1,0.0031847856890246684,2807
764,E1,-0.0,2829
765,E1,-0.0,2821
766,E1,-0.0,2826
767,E1,-0.0,2829
768,E1,-0.0,2830
769,E1,0.03194558346581175,2831
770,E1,-0.0,2795
771,E1,0.0031637723489315707,2828
772,E1,-0.0,2830
773,E1,-0.0,2831
774,E1,0.5257426965541244,2830
775,E1,0.3226702865717545,2831
776,E1,-0.0,2831
777,E1,0.003170744221177687,2821
778,E1,0.005831780140775088,2831
779,E1,-0.0,2823
780,E1,0.003160794294693037,2831
781,E1,-0.0,2830
782,E1,0.003160794294693037,2831
783,E1,-0.0,2823
784,E1,0.003161786322041745,2830
785,E1,0.0031598029238548283,2832
786,E1,-0.0,2832
787,E1,-0.0,2832
788,E1,-0.0,2833
789,E1,-0.0,2833
790,E1,-0.0,2816
791,E1,0.003161786322041745,2830
792,E1,0.003166756329749501,2825
793,E1,0.00323186059263176,2761
794,E1,0.017306193458237362,2832
795,E1,-0.0,2832
796,E1,0.00631948111886756,2832
797,E1,0.00321429320234437,2778
798,E1,0.005829970398133135,2832
799,E1,0.03305023570490826,2831
800,E1,-0.0,2832
801,E1,-0.0,2830
802,E1,0.0031598029238548283,2832
803,E1,0.015165451155559912,2831
804,E1,-0.0,2831
805,E1,-0.0,2831
806,E1,0.0031878116655714357,2804
807,E1,-0.0,2829
808,E1,0.0031637723489315707,2828
809,E1,0.0031637723489315707,2828
810,E1,-0.0,2818
811,E1,-0.0,2829
812,E1,0.0031627790065659584,2829
813,E1,-0.0,2829
814,E1,-0.0,2828
815,E1,0.0058354031994463365,2829
816,E1,-0.0,2829
817,E1,-0.0,2829
818,E1,0.7493953428107686,2821
819,E1,-0.0,2829
820,E1,0.0031637723489315707,2828
821,E1,-0.0,2829
822,E1,-0.0,2827
823,E1,-0.0,2822
824,E1,0.003166756329749501,2825
825,E1,0.12065149952108993,2824
826,E1,-0.0,2824
827,E1,0.0031677523101580813,2824
828,E1,0.003166756329749501,2825
829,E1,-0.0,2822
830,E1,-0.0,2824
831,E1,-0.0,2821
832,E1,-0.0,2822
833,E1,0.6105025479111589,2814
834,E1,-0.0,2821
835,E1,-0.0,2821
836,E1,-0.0,2820
837,E1,0.684697800975064,2824
838,E1,-0.0,2815
839,E1,-0.0,2822
840,E1,0.026730771796532757,2820
841,E1,0.009017616533311042,2822
842,E1,-0.0,2821
843,E1,-0.0,2821
844,E1,-0.0,2820
845,E1,0.11097643062412671,2821
846,E1,-0.0,2820
847,E1,-0.0,2820
848,E1,0.03305763706061861,2820
849,E1,0.005849943255876789,2821
850,E1,-0.0,2817
851,E1,0.008356456927090845,2816
852,E1,0.0031727421434112934,2819
853,E1,0.5343912785471696,2819
854,E1,0.6552298206389751,2808
855,E1,-0.0,2819
856,E1,-0.0,2818
857,E1,0.0031717428503566644,2820
858,E1,0.003174742723848837,2817
859,E1,0.003179755840135541,2812
860,E1,-0.0,2808
861,E1,0.003170744221177687,2821
862,E1,0.010776221661315538,2803
863,E1,-0.0,2825
864,E1,0.01732716889057274,2828
865,E1,0.005837216517877813,2828
866,E1,0.4123222433114734,2824
867,E1,0.005844481747011393,2824
868,E1,-0.0,2827
869,E1,-0.0,2826
870,E1,0.17958402343156116,2828
871,E1,0.04030794394009042,2828
872,E1,0.003166756329749501,2825
873,E1,0.012972069618383186,2828
874,E1,-0.0,2826
875,E1,-0.0,2828
876,E1,-0.0,2825
877,E1,-0.0,2794
878,E1,0.010693526334721454,2828
879,E1,0.0063254330195664805,2829
880,E1,0.006335379183668578,2824
881,E1,0.00588478556278151,2802
882,E1,0.015332203102176555,2827
883,E1,0.0031687489517512007,2823
884,E1,0.01419272196201628,2821
885,E1,0.01165895307719153,2781
886,E1,0.0032112139666444477,2781
887,E1,-0.0,2782
888,E1,0.0032339406767802354,2759
889,E1,0.003215320999379432,2777
890,E1,0.006428456778757849,2778
891,E1,0.009642490682545215,2778
892,E1,0.12295211108799133,2773
893,E1,0.16131895338115193,2711
894,E1,0.006565014099815594,2713
895,E1,0.006565014099815594,2713
896,E1,0.011085556059962975,2713
897,E1,0.024393424722508637,2705
898,E1,0.05285106755401723,2713
899,E1,0.012614396415826562,2714
900,E1,0.003285800512668108,2710
901,E1,0.009327243978733387,2716
902,E1,0.003280428378523363,2715
903,E1,0.014358361634211569,2715
904,E1,0.009330272289724217,2715
905,E1,-0.0,2711
906,E1,0.011903121551377436,2716
907,E1,0.006044250482920742,2718
908,E1,-0.0,2715
909,E1,0.01109264535613777,2711
910,E1,-0.0,2716
911,E1,-0.0,2716
912,E1,-0.0,2717
913,E1,0.003279356175193066,2716
914,E1,0.00328257500633459,2713
915,E1,0.018653266543059117,2716
916,E1,0.02039399646961133,2717
917,E1,0.003279356175193066,2716
918,E1,0.003277213985781109,2718
919,E1,-0.0,2718
920,E1,0.006050115386525029,2715
921,E1,0.003280428378523363,2715
922,E1,-0.0,2716
923,E1,0.02337692216372609,2717
924,E1,0.006556433909521363,2717
925,E1,-0.0,2714
926,E1,0.6885958307338984,2714
927,E1,0.00328257500633459,2713
928,E1,0.12992961178557666,2709
929,E1,-0.0,2708
930,E1,-0.0,2707
931,E1,0.0032933527724040893,2703
932,E1,-0.0,2703
933,E1,-0.0,2706
934,E1,0.0032911912479167637,2705
935,E1,-0.0,2704
936,E1,-0.0,2703
937,E1,-0.0,2703
938,E1,-0.0,2704
939,E1,-0.0,2702
940,E1,0.003298769715124549,2698
941,E1,0.0032944346586139283,2702
942,E1,0.015275862848904231,2697
943,E1,0.003303116828647832,2694
944,E1,-0.0,2696
945,E1,0.009400502403512555,2692
946,E1,0.1820327994219716,2693
947,E1,-0.0,2672
948,E1,0.016807905892785184,2698
949,E1,-0.0,2696
950,E1,0.009388208195863886,2696
951,E1,-0.0,2663
952,E1,0.006109434856160795,2685
953,E1,0.14135988215008216,2692
954,E1,0.006097472515052613,2691
955,E1,0.003306385107087817,2691
956,E1,0.676245044473512,2689
957,E1,0.006616997157735982,2689
958,E1,0.003328349305105666,2671
959,E1,-0.0,2689
960,E1,0.003311847432452739,2686
961,E1,0.0033074760505401573,2690
962,E1,-0.0,2690
963,E1,0.0033074760505401573,2690
964,E1,-0.0,2689
965,E1,0.009961462133105886,2678
966,E1,0.009984627198035624,2671
967,E1,-0.0,2665
968,E1,-0.0,2650
969,E1,0.09830424582046804,2641
970,E1,-0.0,2626
971,E1,0.006789807461142059,2612
972,E1,0.006866823697884237,2579
973,E1,0.003491178263195213,2531
974,E1,0.00354210327685114,2490
975,E1,-0.0,2453
976,E1,-0.0,2415
977,E1,-0.0,2401
978,E1,-0.0,2368
979,E1,0.007487859009441534,2339
980,E1,0.0037611174317088566,2327
981,E1,0.012736088832870864,2311
982,E1,0.0075943519188155575,2302
983,E1,0.0038163616654162407,2289
984,E1,0.0038267258511667963,2282
985,E1,-0.0,2250
986,E1,0.022611339092126894,2086
987,E1,0.007825286181702744,2024
988,E1,0.023186977087874608,1984
