,A,C,D,E,F,G,H,I,K,L,M,N,P,Q,R,S,T,V,W,Y,*
AA1,4.84%,5.17%,4.50%,3.62%,6.96%,4.84%,5.39%,6.83%,4.23%,5.44%,5.33%,8.01%,5.36%,4.17%,5.42%,0.00%,4.59%,5.03%,4.75%,5.53%,
AA2,5.21%,5.44%,3.93%,4.01%,5.26%,5.18%,4.42%,4.68%,5.06%,0.00%,5.58%,5.84%,7.24%,4.22%,4.86%,5.76%,4.77%,4.10%,4.45%,6.02%,3.98%
AA3,0.00%,5.16%,5.52%,4.68%,4.12%,5.41%,4.91%,5.38%,4.46%,5.30%,5.69%,4.21%,4.96%,4.68%,4.88%,5.57%,8.50%,6.69%,4.91%,4.99%,
AA4,5.40%,5.85%,4.25%,4.28%,6.26%,4.73%,4.11%,0.00%,4.70%,5.73%,5.23%,5.91%,4.93%,4.52%,5.26%,4.31%,5.64%,5.40%,4.16%,4.31%,5.02%
AA5,5.66%,5.26%,4.50%,4.76%,4.80%,5.29%,5.95%,4.76%,4.50%,6.25%,5.79%,4.23%,0.00%,5.82%,5.72%,5.76%,5.16%,6.02%,5.23%,4.53%,
AA6,5.84%,6.04%,4.49%,5.45%,5.70%,4.21%,5.19%,4.60%,3.67%,5.87%,6.04%,4.29%,5.62%,5.59%,4.66%,4.86%,4.38%,0.00%,4.55%,3.90%,5.05%
AA7,3.21%,4.45%,5.03%,4.52%,5.25%,5.54%,5.66%,8.15%,4.74%,6.08%,0.00%,4.71%,5.70%,4.87%,4.23%,4.26%,6.68%,6.01%,6.17%,4.74%,
AA8,5.34%,0.00%,4.91%,3.75%,6.41%,4.36%,4.39%,5.40%,3.97%,5.55%,4.21%,4.82%,3.63%,5.22%,5.09%,6.10%,3.81%,5.40%,4.58%,7.78%,5.28%
AA9,4.42%,6.04%,4.08%,3.67%,6.82%,5.73%,4.76%,5.76%,4.67%,0.00%,3.18%,5.23%,6.97%,5.60%,5.45%,5.32%,5.04%,5.85%,5.01%,6.38%,
AA10,5.70%,6.06%,4.53%,0.99%,6.03%,4.77%,5.73%,5.79%,3.87%,0.00%,5.64%,4.29%,6.57%,5.85%,5.31%,4.71%,4.32%,5.28%,4.41%,4.86%,5.28%
AA11,0.00%,4.90%,5.28%,4.58%,6.26%,5.40%,5.14%,5.79%,4.81%,4.87%,3.99%,4.31%,5.49%,4.58%,3.72%,6.35%,7.91%,6.73%,5.52%,4.37%,
AA12,4.76%,4.44%,4.46%,4.33%,5.19%,4.79%,5.68%,5.30%,4.90%,4.73%,5.11%,0.00%,5.94%,5.14%,4.68%,4.81%,5.97%,5.19%,5.33%,5.70%,3.55%
AA13,5.99%,5.75%,5.51%,4.72%,5.45%,6.08%,4.63%,6.11%,4.39%,4.57%,5.54%,4.84%,5.60%,4.75%,4.93%,5.99%,0.00%,4.66%,5.57%,4.90%,
AA14,5.20%,5.14%,4.03%,3.93%,6.02%,4.53%,4.69%,5.42%,3.52%,5.68%,5.45%,4.91%,7.17%,4.31%,5.04%,4.95%,0.00%,4.91%,4.66%,5.17%,5.26%
AA15,4.36%,5.59%,5.03%,4.46%,0.00%,4.93%,5.33%,5.00%,4.03%,8.56%,4.46%,4.70%,6.16%,4.63%,5.39%,5.43%,5.43%,5.33%,4.56%,6.63%,
AA16,7.52%,4.74%,5.92%,3.63%,7.52%,4.51%,6.53%,5.77%,3.90%,6.07%,4.39%,5.65%,0.00%,5.31%,1.49%,7.14%,7.79%,1.15%,0.23%,4.81%,5.92%
AA17,3.24%,0.00%,5.38%,4.07%,8.53%,4.75%,5.67%,4.49%,4.49%,5.64%,6.27%,4.93%,5.88%,4.55%,6.54%,4.99%,3.77%,4.78%,4.55%,7.49%,
AA18,5.48%,4.93%,4.63%,4.38%,5.83%,1.23%,6.08%,5.65%,5.48%,5.85%,4.73%,7.35%,5.75%,0.30%,6.65%,0.00%,6.25%,4.73%,4.93%,5.15%,4.65%
AA19,6.20%,5.59%,4.41%,5.21%,5.91%,5.18%,6.46%,4.17%,5.38%,6.22%,5.28%,4.68%,4.80%,0.00%,4.65%,5.84%,6.05%,5.06%,3.11%,5.79%,
AA20,5.95%,5.60%,5.27%,4.94%,6.12%,4.22%,2.74%,5.38%,4.64%,6.75%,4.83%,5.07%,0.00%,0.25%,4.88%,5.07%,6.64%,5.43%,5.16%,5.68%,5.40%
AA21,5.79%,6.23%,4.77%,5.03%,5.44%,4.80%,4.59%,5.82%,4.47%,5.82%,5.15%,5.67%,0.00%,4.36%,4.83%,5.82%,5.12%,5.88%,5.91%,4.50%,
AA22,6.47%,0.00%,5.32%,4.32%,5.68%,0.39%,4.50%,5.32%,4.59%,5.29%,4.78%,3.84%,4.69%,4.56%,6.23%,5.35%,4.96%,5.14%,5.53%,7.41%,5.62%
AA23,5.40%,6.34%,5.37%,5.02%,5.42%,5.12%,5.23%,4.45%,5.59%,4.96%,4.61%,4.58%,5.29%,5.04%,5.29%,4.64%,0.00%,4.96%,7.62%,5.07%,
AA24,4.55%,5.89%,4.40%,5.47%,4.96%,4.49%,5.23%,4.82%,4.82%,6.30%,4.55%,4.67%,0.00%,5.74%,5.68%,4.82%,5.50%,5.05%,4.52%,4.10%,4.46%
AA25,5.79%,0.00%,5.13%,3.72%,6.67%,5.13%,4.98%,5.10%,5.35%,5.26%,5.51%,4.10%,5.10%,5.10%,5.13%,6.26%,4.38%,6.04%,4.73%,6.51%,
AA26,5.31%,0.00%,4.97%,4.25%,5.46%,5.54%,5.63%,5.49%,4.28%,5.11%,4.51%,4.31%,4.54%,5.11%,5.31%,4.80%,4.39%,5.40%,5.14%,6.03%,4.42%
AA27,6.23%,5.25%,5.02%,4.26%,6.26%,5.98%,6.10%,6.17%,3.72%,6.68%,5.53%,5.09%,6.33%,4.58%,5.63%,4.67%,4.86%,3.88%,3.75%,0.00%,
AA28,5.44%,5.47%,6.37%,0.00%,5.68%,5.44%,5.02%,5.06%,4.66%,4.94%,3.57%,3.97%,5.44%,4.80%,4.30%,4.61%,4.71%,4.99%,5.28%,4.90%,5.35%
AA29,4.70%,6.53%,5.32%,4.58%,6.65%,4.93%,5.00%,5.77%,0.00%,4.05%,4.16%,4.56%,5.98%,5.53%,4.53%,5.44%,6.56%,5.42%,4.32%,5.98%,
AA30,6.38%,5.61%,5.39%,0.00%,4.77%,4.80%,5.71%,5.06%,4.10%,4.99%,5.20%,4.27%,4.75%,3.50%,4.99%,4.36%,4.70%,4.89%,4.65%,5.23%,6.67%
AA31,5.46%,4.41%,4.91%,5.19%,3.95%,4.03%,6.09%,4.56%,5.34%,6.47%,5.41%,4.53%,0.00%,4.10%,5.94%,7.35%,5.29%,5.19%,6.30%,5.46%,
AA32,4.75%,5.54%,5.74%,0.00%,5.56%,5.41%,5.15%,5.41%,4.64%,5.74%,5.39%,4.44%,5.28%,3.96%,4.66%,5.23%,3.78%,5.10%,3.91%,4.55%,5.76%
AA33,5.44%,6.47%,4.62%,5.05%,5.85%,5.41%,3.95%,6.35%,0.00%,4.86%,4.11%,6.21%,5.53%,4.96%,4.16%,5.22%,4.96%,5.99%,5.48%,5.39%,
AA34,4.78%,4.26%,5.48%,4.96%,6.03%,0.12%,5.54%,5.83%,4.09%,4.61%,5.59%,5.97%,6.06%,5.10%,5.36%,5.36%,0.00%,5.33%,5.39%,4.67%,5.48%
AA35,4.65%,5.53%,5.11%,4.79%,5.94%,4.68%,4.60%,5.09%,5.61%,0.00%,5.61%,4.90%,7.96%,6.02%,4.84%,6.10%,5.14%,4.70%,4.46%,4.29%,
AA36,5.80%,5.73%,4.46%,5.12%,4.68%,5.02%,3.47%,4.44%,4.13%,6.28%,3.66%,4.49%,6.07%,5.00%,0.00%,5.46%,5.41%,4.39%,6.87%,4.78%,4.73%
AA37,6.26%,5.68%,5.80%,3.49%,6.76%,7.03%,4.50%,9.96%,5.61%,3.98%,0.00%,5.00%,5.31%,0.37%,2.07%,4.63%,5.15%,6.32%,5.52%,6.57%,
AA38,6.03%,5.98%,5.48%,4.49%,4.65%,4.21%,5.15%,4.93%,4.32%,0.00%,5.48%,4.19%,6.31%,6.77%,5.65%,3.83%,4.16%,4.79%,4.76%,3.66%,5.15%
AA39,5.59%,4.64%,5.90%,0.00%,6.28%,6.23%,5.31%,5.73%,6.11%,4.81%,5.42%,4.93%,5.40%,5.26%,5.68%,3.98%,4.50%,4.78%,4.31%,5.14%,
AA40,5.56%,5.36%,0.00%,4.35%,4.68%,4.98%,5.08%,5.99%,4.50%,4.81%,5.18%,4.96%,4.68%,4.50%,5.48%,4.60%,5.26%,5.21%,3.87%,6.77%,4.18%
AA41,4.72%,4.85%,4.85%,4.58%,6.16%,4.66%,5.69%,6.89%,4.66%,5.88%,4.64%,0.00%,5.59%,4.12%,5.10%,4.37%,6.53%,5.48%,5.53%,5.69%,
AA42,6.64%,4.90%,5.03%,5.77%,5.88%,5.03%,5.67%,4.95%,4.19%,7.27%,6.27%,3.48%,6.72%,4.69%,4.56%,4.22%,5.38%,0.00%,4.11%,5.24%,
AA43,5.44%,4.88%,5.80%,4.52%,5.06%,4.45%,5.78%,6.62%,4.52%,6.39%,0.00%,4.93%,7.31%,4.57%,5.03%,4.68%,4.42%,5.52%,4.96%,5.11%,
AA44,5.47%,5.59%,4.68%,5.42%,4.77%,4.32%,5.90%,6.50%,3.72%,4.15%,6.09%,6.02%,6.52%,4.08%,6.26%,0.00%,4.96%,5.56%,5.78%,4.24%,
AA45,5.15%,5.55%,4.28%,5.33%,6.48%,4.74%,6.29%,5.15%,4.96%,7.87%,6.26%,4.12%,0.00%,5.05%,5.61%,1.18%,5.86%,4.96%,5.67%,5.49%,
AA46,5.09%,5.46%,6.39%,3.96%,5.26%,0.00%,5.65%,5.76%,3.81%,6.09%,5.03%,5.87%,5.81%,5.24%,5.20%,6.39%,4.18%,2.84%,5.61%,6.39%,
AA47,6.12%,4.28%,3.83%,5.61%,5.65%,4.82%,5.79%,2.18%,5.47%,5.74%,5.43%,5.94%,5.56%,5.38%,5.38%,5.13%,5.99%,6.80%,4.91%,0.00%,
AA48,3.95%,5.21%,5.28%,4.69%,0.79%,4.81%,6.67%,5.06%,4.67%,6.57%,6.15%,6.49%,5.21%,5.04%,5.95%,5.53%,5.83%,5.55%,6.57%,0.00%,
AA49,5.49%,5.09%,4.09%,5.78%,5.05%,6.03%,6.20%,4.59%,5.22%,5.97%,5.57%,4.86%,6.34%,0.00%,4.59%,4.76%,4.69%,5.26%,5.45%,4.99%,
AA50,5.77%,5.23%,4.67%,4.46%,6.10%,5.51%,5.51%,4.95%,5.18%,0.00%,5.82%,5.72%,5.04%,5.98%,3.89%,5.23%,5.61%,5.63%,4.95%,4.76%,
AA51,5.31%,6.13%,4.64%,4.29%,5.09%,5.40%,5.40%,5.40%,4.38%,0.00%,5.73%,5.18%,6.18%,5.98%,5.09%,4.84%,5.80%,4.56%,5.20%,5.40%,
AA52,5.41%,5.19%,4.14%,5.43%,5.82%,6.11%,7.16%,4.22%,5.29%,6.21%,4.57%,3.67%,7.16%,0.00%,6.01%,5.11%,5.06%,4.92%,3.53%,4.98%,
AA53,0.00%,5.18%,5.27%,5.29%,5.22%,4.22%,5.27%,5.20%,4.55%,5.06%,5.57%,5.74%,5.55%,4.92%,4.90%,6.16%,6.30%,5.81%,5.50%,4.31%,
AA54,7.01%,5.90%,4.88%,4.07%,6.91%,6.00%,5.49%,5.18%,4.83%,5.03%,5.82%,4.24%,5.39%,4.85%,3.63%,0.00%,5.08%,6.15%,4.68%,4.85%,
AA55,4.77%,5.39%,5.42%,4.52%,5.42%,4.52%,4.62%,5.72%,4.50%,0.00%,5.74%,5.42%,7.03%,5.62%,4.90%,5.97%,4.65%,4.92%,5.17%,5.69%,
AA56,3.68%,6.11%,4.91%,4.97%,6.90%,4.87%,5.26%,6.05%,5.57%,5.08%,4.84%,4.19%,5.17%,5.33%,6.07%,5.96%,0.00%,5.68%,4.67%,4.69%,
AA57,4.42%,0.00%,4.90%,4.07%,7.57%,4.88%,5.59%,5.36%,4.73%,5.18%,5.13%,4.70%,5.21%,4.85%,6.28%,6.07%,5.18%,4.88%,4.55%,6.45%,
AA58,5.28%,4.42%,4.80%,4.52%,5.69%,5.38%,4.73%,7.28%,4.25%,5.60%,4.80%,6.51%,6.39%,5.04%,4.06%,0.00%,4.90%,5.72%,4.04%,6.58%,
AA59,4.66%,2.40%,5.60%,5.68%,6.98%,4.47%,6.62%,4.30%,4.36%,5.90%,5.73%,4.99%,0.00%,5.32%,4.25%,6.56%,7.03%,5.35%,4.27%,5.54%,
AA60,6.22%,5.16%,5.65%,3.23%,7.35%,6.94%,6.14%,8.35%,2.94%,3.51%,4.12%,4.98%,6.60%,3.20%,0.00%,7.40%,5.76%,3.08%,3.11%,6.25%,
AA61,4.85%,6.26%,5.73%,4.97%,5.71%,1.03%,5.66%,5.93%,4.16%,5.76%,5.16%,4.87%,5.50%,6.26%,0.00%,5.07%,5.54%,5.04%,6.16%,6.33%,
AA62,3.64%,6.77%,5.11%,4.61%,4.77%,4.64%,7.32%,4.82%,6.16%,4.24%,5.14%,5.24%,5.14%,0.00%,5.74%,5.98%,4.98%,4.37%,5.27%,6.06%,
AA63,5.03%,5.29%,5.16%,5.14%,4.78%,6.12%,4.78%,5.55%,4.59%,6.61%,6.01%,5.29%,4.72%,4.85%,0.00%,5.16%,5.42%,5.76%,4.47%,5.27%,
AA64,3.46%,5.62%,4.71%,5.79%,6.19%,5.62%,5.37%,5.77%,5.44%,4.76%,5.52%,5.24%,5.09%,4.76%,0.00%,5.84%,5.82%,5.14%,4.99%,4.86%,
AA65,5.18%,4.51%,5.00%,4.79%,6.40%,4.09%,5.82%,5.52%,5.40%,5.24%,5.09%,5.15%,5.58%,5.58%,5.12%,0.00%,5.67%,5.82%,5.40%,4.63%,
AA66,6.05%,6.20%,4.56%,4.93%,5.68%,4.25%,5.51%,0.00%,4.45%,6.22%,5.28%,5.16%,6.17%,4.93%,4.85%,4.88%,5.31%,6.60%,4.42%,4.56%,
AA67,4.85%,6.18%,5.14%,4.29%,5.38%,5.11%,5.48%,3.93%,0.00%,5.53%,5.31%,7.39%,5.43%,5.82%,5.28%,5.36%,5.19%,4.87%,4.99%,4.48%,
AA68,5.22%,5.50%,0.00%,5.29%,5.47%,5.57%,4.96%,5.29%,5.27%,5.19%,5.07%,4.69%,5.19%,5.22%,5.27%,4.94%,4.89%,6.16%,4.48%,6.33%,
AA69,5.02%,5.41%,5.13%,3.12%,5.77%,6.00%,4.97%,6.06%,5.62%,5.87%,4.33%,0.00%,5.82%,5.33%,5.20%,4.64%,6.08%,5.18%,4.97%,5.46%,
AA70,5.30%,6.57%,4.47%,4.98%,0.00%,4.95%,4.51%,6.25%,4.16%,5.81%,4.06%,4.98%,6.06%,5.78%,5.49%,4.95%,5.14%,5.49%,5.01%,6.03%,
AA71,4.66%,5.60%,4.66%,4.84%,5.07%,4.97%,5.70%,5.62%,4.29%,6.40%,4.89%,0.00%,6.05%,5.07%,4.99%,5.45%,5.42%,5.42%,5.24%,5.65%,
AA72,6.63%,5.38%,4.70%,5.46%,5.76%,5.38%,4.64%,5.11%,3.71%,7.32%,7.26%,4.61%,5.95%,3.71%,5.08%,5.41%,4.64%,0.00%,4.83%,4.42%,
AA73,6.16%,5.17%,5.03%,3.74%,6.13%,4.62%,6.19%,5.75%,3.63%,5.80%,5.47%,5.83%,5.78%,5.47%,5.64%,3.77%,5.56%,5.53%,4.70%,0.00%,
AA74,5.74%,6.22%,4.03%,4.08%,6.13%,4.79%,5.16%,5.60%,0.00%,4.91%,5.41%,6.93%,5.34%,5.00%,5.46%,4.65%,5.60%,4.93%,4.79%,5.23%,
AA75,0.00%,4.75%,5.65%,2.98%,4.94%,4.97%,5.93%,4.63%,3.54%,5.79%,4.58%,3.85%,7.22%,5.03%,5.34%,7.22%,7.75%,5.76%,4.75%,5.34%,
AA76,4.02%,5.59%,5.30%,4.66%,6.11%,4.08%,5.76%,0.00%,3.94%,6.43%,6.19%,6.31%,5.88%,5.15%,4.60%,4.54%,6.11%,4.54%,4.78%,6.02%,
AA77,4.62%,5.07%,5.45%,4.35%,5.00%,4.83%,5.31%,5.84%,5.64%,4.97%,5.60%,5.19%,5.45%,4.81%,0.00%,7.18%,5.48%,5.26%,3.80%,6.15%,
AA78,5.70%,5.99%,4.38%,5.08%,5.17%,4.00%,7.10%,5.38%,4.56%,7.07%,4.88%,4.73%,0.00%,4.30%,5.38%,5.26%,6.17%,4.70%,4.73%,5.41%,
AA79,5.15%,3.77%,6.12%,4.28%,5.99%,6.18%,5.69%,5.85%,3.66%,5.93%,5.47%,5.04%,4.63%,4.85%,4.36%,5.83%,5.93%,6.37%,4.88%,0.00%,
AA80,4.77%,5.00%,4.27%,5.28%,5.39%,6.01%,4.27%,5.28%,3.59%,0.00%,6.82%,5.25%,6.12%,6.29%,5.45%,5.11%,5.31%,5.92%,5.14%,4.74%,
AA81,0.00%,4.70%,6.06%,4.21%,5.52%,5.34%,5.08%,4.13%,4.93%,5.34%,5.06%,4.41%,6.22%,5.24%,4.44%,5.19%,8.46%,5.88%,4.72%,5.08%,
AA82,5.13%,4.97%,5.10%,4.45%,4.24%,6.04%,0.00%,5.42%,4.43%,6.93%,4.71%,5.96%,5.26%,5.55%,5.31%,5.13%,5.36%,4.66%,5.29%,6.04%,
AA83,5.47%,0.00%,4.51%,4.56%,6.95%,4.49%,4.75%,5.20%,4.51%,5.65%,4.59%,4.91%,4.88%,5.71%,5.65%,6.45%,5.79%,5.52%,4.35%,6.05%,
AA84,5.61%,5.44%,4.66%,3.89%,6.02%,4.98%,5.30%,5.04%,4.61%,7.37%,4.98%,4.66%,0.00%,4.26%,5.58%,5.84%,5.47%,5.61%,5.73%,4.95%,
AA85,5.84%,5.07%,0.00%,5.09%,4.17%,5.63%,5.66%,5.48%,4.04%,5.25%,4.68%,5.27%,6.30%,4.94%,4.25%,4.43%,5.22%,6.35%,5.84%,6.50%,
AA86,5.65%,0.00%,4.66%,4.57%,7.46%,4.43%,5.45%,4.83%,4.91%,5.54%,5.00%,4.49%,5.42%,4.89%,5.48%,5.37%,4.52%,6.30%,4.55%,6.50%,
AA87,6.39%,5.94%,6.27%,4.64%,6.54%,0.00%,4.84%,5.02%,4.34%,4.82%,5.22%,4.92%,5.52%,4.24%,5.09%,5.99%,4.62%,5.74%,4.92%,4.94%,
AA88,5.25%,6.35%,7.37%,0.00%,4.88%,4.83%,4.21%,5.55%,5.35%,6.00%,5.20%,5.25%,5.62%,0.37%,5.67%,5.77%,5.55%,5.77%,4.95%,6.05%,
AA89,5.73%,6.18%,7.14%,4.87%,6.09%,0.00%,5.21%,4.23%,4.37%,6.02%,4.97%,4.06%,6.14%,4.32%,5.16%,3.25%,4.37%,6.78%,5.35%,5.78%,
AA90,5.26%,4.98%,6.02%,3.47%,5.01%,4.91%,0.00%,4.69%,4.61%,6.57%,5.21%,4.46%,5.88%,5.26%,5.70%,4.83%,4.59%,5.83%,6.30%,6.45%,
AA91,5.23%,6.31%,5.89%,5.40%,5.85%,5.02%,5.44%,3.57%,3.74%,5.98%,4.90%,3.78%,5.52%,6.27%,3.94%,0.00%,6.10%,6.60%,5.15%,5.31%,
AA92,5.43%,0.00%,5.76%,3.59%,6.10%,4.30%,4.30%,4.53%,5.16%,5.80%,4.79%,4.83%,4.45%,3.89%,6.89%,7.22%,5.54%,5.31%,4.98%,7.11%,
AA93,5.09%,5.20%,5.27%,5.74%,4.95%,4.62%,0.00%,5.27%,4.73%,6.46%,5.38%,5.81%,5.16%,5.60%,5.45%,4.44%,5.06%,5.20%,5.99%,4.55%,
AA94,5.43%,5.27%,5.27%,5.39%,5.47%,4.29%,5.22%,5.27%,4.86%,6.29%,5.31%,4.29%,5.76%,5.35%,4.78%,0.00%,5.84%,5.51%,5.76%,4.69%,
AA95,5.08%,5.39%,4.65%,3.91%,5.97%,6.47%,7.09%,4.69%,5.35%,5.81%,4.42%,4.03%,0.00%,4.26%,5.46%,6.20%,5.97%,5.39%,5.04%,4.84%,
AA96,6.02%,5.68%,4.84%,5.45%,5.41%,5.55%,6.18%,5.24%,3.87%,6.96%,5.95%,4.87%,4.77%,4.44%,5.51%,4.30%,4.67%,0.00%,5.61%,4.67%,
AA97,0.00%,3.80%,5.13%,4.96%,5.17%,5.48%,4.89%,5.79%,4.57%,6.11%,6.04%,4.29%,6.42%,3.98%,5.17%,5.41%,6.88%,5.13%,5.69%,5.10%,
AA98,5.53%,6.35%,5.35%,5.24%,4.68%,5.76%,5.31%,4.46%,6.09%,0.00%,6.35%,4.64%,6.09%,4.90%,4.64%,5.27%,4.01%,5.68%,5.35%,4.27%,
AA99,4.85%,7.19%,5.71%,0.00%,5.39%,6.39%,4.27%,4.82%,5.97%,5.43%,5.07%,4.30%,5.62%,5.59%,5.23%,4.56%,4.56%,4.62%,4.43%,6.00%,
AA100,4.80%,5.36%,4.55%,5.46%,4.52%,5.18%,5.85%,4.87%,4.06%,6.34%,3.99%,5.11%,6.48%,6.83%,0.00%,5.22%,5.92%,4.73%,6.23%,4.48%,
AA101,5.89%,4.98%,5.97%,4.39%,6.00%,4.32%,4.39%,0.00%,4.90%,6.48%,5.67%,5.60%,6.04%,5.12%,4.10%,5.01%,5.38%,5.27%,6.00%,4.47%,
AA102,4.11%,5.05%,6.45%,5.12%,0.84%,4.95%,6.35%,6.05%,5.45%,5.65%,4.48%,5.88%,6.69%,4.91%,0.00%,6.15%,5.68%,6.69%,4.68%,4.81%,
AA103,5.21%,4.92%,5.73%,4.75%,5.05%,4.92%,5.47%,5.47%,4.49%,4.85%,4.92%,0.00%,6.32%,4.27%,5.08%,5.70%,6.25%,5.18%,5.24%,6.19%,
AA104,7.84%,5.86%,6.80%,0.00%,5.34%,4.57%,4.24%,5.15%,4.70%,4.61%,4.39%,4.85%,6.37%,4.45%,4.94%,4.64%,5.73%,4.91%,4.30%,6.31%,
AA105,0.00%,5.38%,4.81%,3.52%,6.13%,5.21%,5.28%,5.92%,4.03%,5.75%,5.28%,4.74%,5.52%,3.72%,4.81%,5.62%,6.36%,6.26%,6.26%,5.38%,
AA106,3.83%,5.50%,5.44%,4.28%,5.50%,4.25%,5.74%,5.89%,4.48%,5.50%,4.39%,6.16%,7.74%,4.45%,5.11%,5.71%,0.00%,5.32%,4.99%,5.71%,
AA107,5.54%,4.87%,0.00%,5.60%,5.89%,4.64%,5.63%,5.08%,5.16%,5.45%,4.73%,7.42%,4.41%,5.28%,4.21%,5.02%,5.54%,4.35%,4.70%,6.50%,
AA108,5.56%,5.78%,7.03%,4.14%,4.82%,0.00%,4.93%,5.10%,4.85%,5.42%,5.91%,4.60%,4.74%,5.45%,4.96%,5.94%,5.07%,5.42%,5.23%,5.04%,
AA109,4.10%,5.76%,4.80%,4.35%,6.28%,2.53%,5.57%,6.12%,4.32%,4.29%,5.96%,6.44%,8.07%,4.39%,4.48%,5.80%,0.00%,5.86%,5.83%,5.06%,
AA110,4.59%,5.65%,4.97%,4.59%,5.23%,4.46%,5.71%,4.43%,4.72%,0.00%,4.88%,5.04%,7.22%,6.19%,5.52%,5.65%,5.04%,5.26%,5.62%,5.23%,
AA111,4.97%,5.75%,4.49%,4.88%,5.89%,4.30%,5.11%,5.33%,0.00%,5.66%,5.80%,5.78%,6.03%,4.58%,5.25%,5.08%,5.22%,5.94%,5.13%,4.83%,
AA112,6.14%,4.95%,5.11%,4.95%,5.58%,5.01%,5.48%,0.00%,4.28%,6.97%,4.68%,5.88%,5.51%,4.75%,5.41%,5.88%,4.88%,5.28%,5.01%,4.22%,
AA113,5.39%,6.00%,4.58%,3.92%,6.03%,4.19%,6.75%,5.55%,5.39%,7.44%,3.22%,4.43%,6.54%,0.00%,5.55%,4.67%,4.94%,4.94%,4.91%,5.55%,
AA114,5.75%,5.78%,5.25%,5.22%,5.81%,5.34%,4.59%,4.90%,3.97%,6.81%,7.34%,4.97%,5.97%,4.56%,3.94%,5.18%,4.37%,0.00%,3.97%,6.31%,
AA115,6.39%,4.91%,6.06%,3.48%,6.92%,5.44%,6.84%,6.84%,5.40%,5.65%,7.61%,5.20%,7.12%,4.58%,1.43%,0.00%,4.91%,5.69%,0.00%,5.53%,
AA116,7.07%,5.71%,5.07%,4.85%,5.50%,4.85%,5.92%,4.43%,5.17%,0.00%,6.71%,5.64%,7.39%,4.18%,4.68%,4.46%,4.78%,4.57%,4.10%,4.93%,
AA117,7.01%,5.63%,4.14%,4.37%,5.84%,4.34%,7.83%,3.75%,4.28%,5.19%,5.51%,4.96%,6.19%,0.00%,5.10%,5.46%,4.61%,5.69%,5.10%,4.99%,
AA118,5.16%,5.13%,5.26%,5.36%,6.45%,4.24%,4.54%,0.00%,5.69%,6.58%,5.89%,5.13%,4.77%,5.00%,5.89%,4.80%,4.93%,5.53%,5.26%,4.38%,
AA119,5.34%,5.95%,15.04%,3.62%,5.73%,0.00%,4.09%,4.56%,3.70%,4.62%,4.06%,3.48%,4.70%,4.67%,5.51%,6.73%,3.59%,5.14%,4.00%,5.48%,
AA120,4.96%,4.96%,5.61%,4.48%,6.34%,5.10%,5.10%,0.00%,5.14%,5.50%,5.39%,5.36%,6.60%,4.81%,4.48%,4.77%,5.94%,5.50%,3.90%,6.05%,
AA121,0.96%,3.03%,0.23%,2.43%,8.95%,0.00%,7.71%,6.61%,0.00%,7.80%,5.55%,8.40%,7.25%,7.48%,6.20%,4.04%,6.06%,1.24%,7.30%,8.77%,
AA122,5.18%,4.13%,6.18%,5.35%,5.70%,2.79%,4.40%,6.31%,5.00%,4.66%,5.74%,6.53%,6.92%,2.44%,4.40%,6.40%,0.00%,5.70%,5.79%,6.40%,
AA123,5.57%,4.48%,0.00%,5.35%,4.66%,3.20%,5.68%,6.04%,4.88%,4.77%,4.19%,7.57%,5.50%,5.46%,4.88%,5.28%,5.68%,4.88%,4.88%,7.06%,
AA124,6.36%,1.91%,0.00%,6.16%,7.73%,3.94%,6.28%,6.16%,5.07%,4.72%,4.80%,5.93%,5.11%,5.11%,4.10%,4.33%,4.41%,5.97%,5.19%,6.71%,
AA125,5.33%,6.01%,5.26%,5.26%,6.45%,4.51%,5.77%,5.02%,4.99%,4.51%,6.56%,5.77%,5.43%,4.88%,5.64%,0.00%,5.74%,3.21%,4.41%,5.26%,
AA126,5.05%,3.64%,4.92%,6.91%,4.80%,3.85%,0.00%,4.84%,5.42%,6.12%,5.05%,5.67%,7.20%,6.16%,4.55%,3.43%,4.72%,5.05%,5.13%,7.49%,
AA127,6.39%,6.06%,0.00%,6.90%,7.65%,4.93%,7.15%,5.98%,4.01%,3.68%,5.93%,6.85%,2.01%,4.76%,4.60%,4.97%,0.17%,7.06%,4.18%,6.73%,
AA128,4.49%,6.90%,4.31%,4.45%,5.42%,4.24%,5.10%,5.53%,4.02%,7.18%,5.17%,4.71%,4.45%,5.32%,6.21%,5.32%,4.96%,5.93%,0.00%,6.29%,
AA129,5.40%,5.02%,5.82%,4.86%,5.74%,3.64%,5.70%,7.43%,5.09%,4.25%,5.02%,3.98%,6.62%,5.70%,4.98%,5.47%,0.00%,5.74%,5.13%,4.40%,
AA130,5.55%,5.52%,4.30%,4.91%,6.84%,5.09%,3.94%,5.23%,0.00%,5.20%,7.09%,7.20%,4.98%,5.12%,4.55%,5.66%,6.45%,4.55%,3.19%,4.62%,
AA131,6.10%,6.10%,5.41%,4.72%,5.41%,4.03%,5.56%,5.41%,3.57%,0.00%,4.64%,5.45%,7.40%,5.64%,5.29%,5.02%,5.26%,6.18%,3.76%,5.06%,
AA132,5.46%,4.90%,5.07%,4.65%,4.54%,4.09%,5.78%,4.37%,5.99%,6.97%,5.60%,4.97%,5.81%,6.83%,0.00%,5.07%,4.61%,4.86%,5.88%,4.54%,
AA133,5.29%,4.69%,4.34%,4.82%,8.21%,2.54%,6.79%,6.32%,4.30%,5.98%,4.94%,5.50%,5.12%,5.46%,4.82%,4.94%,5.33%,5.50%,5.12%,0.00%,
AA134,4.92%,4.65%,3.45%,4.28%,5.29%,4.54%,5.44%,10.99%,6.15%,6.27%,0.00%,5.14%,5.52%,5.40%,3.86%,3.71%,5.22%,4.92%,5.37%,4.88%,
AA135,6.00%,4.56%,0.00%,6.07%,6.07%,5.28%,4.25%,6.30%,5.09%,5.35%,4.33%,5.96%,5.24%,3.53%,5.24%,5.09%,5.16%,5.85%,3.08%,7.56%,
AA136,5.67%,4.01%,5.56%,4.27%,5.00%,5.19%,6.12%,5.19%,5.00%,4.10%,5.25%,0.00%,5.30%,4.80%,5.70%,5.75%,5.84%,5.61%,5.89%,5.75%,
AA137,5.46%,4.56%,5.85%,4.03%,5.52%,4.79%,0.00%,4.51%,4.48%,5.96%,5.24%,5.07%,6.69%,6.08%,5.21%,6.10%,4.98%,4.20%,5.01%,6.24%,
AA138,4.73%,4.67%,4.62%,4.16%,5.19%,5.68%,5.48%,9.03%,4.53%,7.08%,0.00%,5.02%,4.39%,4.82%,4.76%,4.76%,5.82%,4.82%,4.87%,5.59%,
AA139,5.87%,5.68%,4.63%,4.26%,5.59%,4.45%,5.71%,5.74%,4.57%,5.37%,5.53%,5.50%,0.00%,4.45%,5.99%,5.65%,5.53%,5.78%,4.69%,5.00%,
AA140,0.00%,4.80%,6.19%,4.77%,5.70%,5.26%,4.94%,5.48%,4.50%,4.69%,4.77%,5.75%,5.15%,4.12%,4.36%,5.86%,7.12%,6.30%,5.56%,4.66%,
AA141,5.62%,6.17%,0.00%,5.60%,5.13%,5.46%,5.90%,5.19%,4.92%,4.97%,5.35%,5.76%,5.81%,2.61%,5.05%,3.91%,5.76%,5.27%,5.68%,5.84%,
AA142,0.00%,4.44%,6.26%,3.58%,5.61%,4.68%,5.76%,4.56%,5.04%,5.52%,5.07%,4.65%,5.31%,4.89%,4.89%,7.07%,6.35%,6.02%,5.10%,5.19%,
AA143,5.69%,4.96%,6.24%,0.00%,6.26%,5.44%,6.24%,5.94%,5.91%,4.93%,4.26%,4.43%,4.63%,4.53%,4.93%,4.01%,4.98%,5.64%,4.93%,6.04%,
AA144,4.69%,5.61%,4.46%,4.77%,5.20%,5.46%,4.72%,6.13%,5.33%,4.95%,6.41%,5.43%,5.15%,4.61%,0.00%,6.46%,5.00%,5.10%,5.20%,5.31%,
AA145,0.00%,6.15%,3.92%,4.30%,5.12%,5.50%,4.68%,6.31%,3.97%,5.47%,5.23%,5.61%,5.31%,5.33%,4.55%,5.20%,7.27%,6.02%,4.82%,5.25%,
AA146,5.39%,5.20%,4.53%,4.15%,5.93%,5.64%,5.59%,6.52%,5.46%,5.28%,5.23%,5.00%,4.77%,4.46%,0.00%,6.57%,4.87%,5.33%,4.97%,5.10%,
AA147,5.97%,5.88%,5.55%,4.55%,4.78%,4.59%,5.59%,4.29%,4.49%,0.00%,5.94%,4.88%,5.78%,5.10%,6.04%,4.75%,5.72%,4.71%,5.55%,5.84%,
AA148,5.45%,5.87%,4.38%,3.99%,0.00%,4.96%,5.03%,6.06%,5.06%,6.65%,4.41%,4.90%,6.10%,4.70%,4.96%,5.32%,5.19%,6.71%,5.03%,5.25%,
AA149,6.01%,5.76%,5.98%,5.07%,7.10%,5.01%,4.39%,5.88%,4.51%,5.94%,5.20%,5.01%,5.66%,4.67%,5.20%,3.92%,4.86%,0.00%,5.66%,4.17%,
AA150,5.08%,4.97%,6.01%,4.97%,6.33%,5.96%,3.13%,7.83%,5.96%,4.46%,5.37%,5.67%,5.85%,1.20%,0.00%,6.17%,5.34%,5.37%,4.84%,5.48%,
AA151,5.39%,5.83%,5.57%,4.95%,5.97%,5.32%,4.74%,5.76%,5.11%,5.07%,5.39%,4.90%,5.74%,4.65%,5.09%,4.16%,0.00%,5.11%,5.53%,5.71%,
AA152,4.50%,5.82%,4.84%,5.43%,5.02%,4.70%,5.30%,5.36%,4.54%,4.45%,6.09%,5.25%,4.31%,5.59%,5.96%,0.00%,5.96%,6.05%,5.50%,5.32%,
AA153,0.00%,5.39%,4.10%,4.58%,4.65%,4.47%,4.88%,6.28%,4.97%,5.66%,5.41%,4.52%,4.29%,5.36%,5.71%,7.06%,6.58%,5.89%,4.93%,5.27%,
AA154,5.86%,6.23%,4.79%,4.82%,5.09%,4.59%,5.41%,5.61%,4.87%,4.99%,5.14%,5.61%,0.00%,4.67%,5.31%,6.36%,5.51%,5.29%,4.87%,4.97%,
AA155,5.52%,0.00%,4.62%,5.90%,5.72%,4.59%,5.19%,4.87%,5.17%,5.24%,5.32%,4.79%,4.84%,4.64%,5.77%,6.07%,4.89%,5.22%,4.84%,6.80%,
AA156,5.61%,6.12%,5.14%,4.58%,5.86%,5.37%,5.25%,6.09%,4.55%,5.73%,4.40%,5.91%,4.91%,4.76%,5.12%,6.81%,0.00%,4.53%,4.65%,4.60%,
AA157,5.87%,4.68%,4.68%,5.37%,6.11%,5.45%,6.27%,0.00%,2.86%,6.11%,5.45%,5.13%,4.95%,5.26%,5.24%,4.92%,5.53%,5.16%,5.77%,5.21%,
AA158,6.38%,4.06%,5.03%,4.84%,5.70%,4.89%,4.68%,6.19%,5.54%,5.79%,5.49%,5.11%,6.35%,5.57%,5.30%,4.62%,0.00%,4.46%,4.62%,5.38%,
AA159,5.54%,6.69%,7.78%,5.61%,4.88%,0.00%,4.41%,4.38%,5.23%,5.75%,4.90%,4.34%,4.57%,4.24%,4.81%,6.08%,5.07%,5.63%,5.04%,5.04%,
AA160,5.89%,4.78%,5.48%,5.26%,5.67%,4.27%,5.56%,5.05%,4.75%,5.56%,3.81%,4.70%,5.67%,5.29%,5.08%,6.43%,0.00%,6.24%,5.48%,5.05%,
AA161,7.40%,5.55%,5.28%,4.01%,6.13%,4.85%,5.60%,8.46%,4.27%,5.55%,0.00%,3.08%,4.11%,4.75%,5.28%,5.20%,6.06%,4.59%,4.75%,5.10%,
AA162,6.21%,5.64%,6.47%,4.95%,5.26%,0.00%,4.90%,5.19%,4.90%,5.59%,5.64%,4.23%,4.83%,4.80%,4.76%,5.90%,5.02%,5.19%,5.40%,5.14%,
AA163,6.37%,4.90%,5.92%,4.13%,5.54%,4.60%,0.00%,5.43%,4.37%,6.26%,5.48%,4.93%,6.23%,5.48%,4.15%,4.90%,4.26%,4.84%,6.64%,5.56%,
AA164,5.49%,5.17%,4.63%,4.05%,0.00%,3.45%,6.06%,5.49%,4.12%,8.84%,5.11%,5.43%,5.71%,5.17%,4.76%,6.06%,4.72%,5.36%,4.05%,6.32%,
AA165,3.55%,6.26%,5.51%,5.93%,5.57%,5.09%,5.36%,0.00%,3.91%,7.16%,5.99%,4.78%,5.48%,4.63%,5.99%,4.78%,5.18%,5.48%,3.82%,5.54%,
AA166,5.10%,4.98%,6.47%,5.32%,6.20%,4.53%,5.96%,4.49%,4.66%,0.00%,6.03%,4.68%,6.54%,6.27%,4.49%,4.44%,5.64%,3.90%,4.78%,5.54%,
AA167,0.00%,5.61%,4.84%,3.88%,6.25%,5.26%,5.36%,4.65%,4.63%,4.84%,4.51%,5.19%,6.88%,4.20%,3.59%,5.14%,8.88%,5.68%,5.52%,5.07%,
AA168,5.85%,5.88%,5.85%,3.59%,6.65%,7.05%,3.59%,6.85%,3.48%,5.79%,4.02%,6.76%,5.31%,2.65%,0.00%,6.45%,5.13%,5.36%,4.73%,5.02%,
AA169,5.39%,0.00%,4.45%,4.23%,6.99%,5.75%,3.88%,5.18%,5.12%,5.50%,5.75%,5.53%,5.07%,5.01%,6.04%,6.37%,4.77%,3.52%,4.77%,6.67%,
AA170,5.23%,5.67%,4.41%,5.12%,5.12%,5.67%,6.08%,4.90%,4.38%,5.75%,4.38%,5.18%,0.00%,4.10%,5.40%,6.72%,6.22%,5.86%,5.18%,4.63%,
AA171,5.56%,5.02%,4.61%,5.58%,5.14%,4.46%,4.46%,6.02%,0.00%,4.75%,3.24%,6.16%,5.99%,5.87%,5.53%,5.29%,6.31%,5.80%,4.97%,5.24%,
AA172,5.18%,6.03%,6.68%,4.92%,6.06%,0.00%,4.13%,5.44%,4.54%,4.32%,4.37%,3.85%,5.80%,4.37%,6.15%,5.84%,4.68%,6.25%,5.06%,6.32%,
AA173,4.97%,5.35%,6.63%,0.00%,5.91%,5.65%,4.79%,5.30%,5.72%,5.56%,4.27%,4.39%,4.46%,4.81%,4.62%,5.37%,5.89%,6.91%,4.27%,5.11%,
AA174,5.45%,5.29%,4.98%,4.98%,4.80%,5.79%,4.65%,5.87%,5.24%,5.22%,5.29%,5.61%,7.27%,5.42%,6.05%,5.40%,0.00%,4.05%,2.15%,6.49%,
AA175,5.15%,5.50%,4.13%,5.17%,6.14%,4.35%,5.17%,5.59%,4.05%,0.00%,6.11%,5.17%,6.82%,5.31%,5.59%,4.32%,5.53%,5.92%,4.76%,5.23%,
AA176,6.66%,5.88%,6.15%,3.66%,6.42%,5.09%,5.77%,6.50%,4.63%,5.50%,5.01%,4.69%,6.34%,4.17%,5.15%,5.99%,0.00%,4.88%,2.22%,5.31%,
AA177,5.99%,5.72%,4.28%,5.99%,5.86%,4.15%,3.96%,4.32%,5.03%,6.89%,7.01%,5.23%,5.62%,4.25%,5.28%,6.87%,4.01%,0.00%,4.96%,4.59%,
AA178,4.86%,7.09%,6.55%,4.79%,4.64%,0.00%,5.21%,4.64%,4.64%,4.40%,5.08%,3.57%,5.69%,4.55%,5.89%,7.36%,5.84%,6.87%,4.11%,4.23%,
AA179,5.03%,5.39%,4.79%,4.14%,0.00%,4.32%,6.19%,5.45%,5.00%,8.28%,5.54%,4.20%,4.85%,4.82%,5.18%,5.84%,5.87%,4.97%,4.73%,5.39%,
AA180,4.88%,5.60%,4.35%,4.78%,5.73%,4.91%,4.48%,7.67%,4.75%,5.89%,5.15%,3.53%,6.29%,5.25%,6.31%,5.04%,0.00%,5.31%,4.27%,5.81%,
AA181,4.20%,5.20%,0.00%,5.74%,6.52%,4.02%,5.42%,5.90%,4.96%,6.47%,4.42%,5.09%,5.18%,5.77%,4.37%,4.12%,5.39%,5.77%,5.01%,6.44%,
AA182,4.49%,7.35%,8.44%,4.70%,4.19%,0.00%,5.14%,4.85%,4.32%,5.07%,5.07%,4.10%,4.29%,4.83%,5.09%,7.47%,5.00%,6.33%,4.41%,4.87%,
AA183,4.90%,4.92%,4.85%,5.17%,4.69%,5.55%,6.00%,7.71%,4.87%,5.52%,4.47%,5.12%,5.32%,5.67%,0.00%,4.69%,5.20%,4.80%,4.90%,5.65%,
AA184,4.74%,5.88%,5.08%,4.82%,6.19%,5.47%,5.73%,5.39%,0.00%,4.38%,5.91%,6.04%,5.60%,4.69%,4.97%,4.33%,6.04%,4.82%,4.92%,5.03%,
AA185,6.56%,5.85%,6.02%,4.91%,5.68%,5.08%,4.77%,0.00%,4.34%,4.51%,5.88%,5.08%,4.37%,4.51%,4.17%,5.17%,4.94%,6.56%,5.88%,5.74%,
AA186,4.49%,5.06%,4.27%,3.95%,5.79%,5.16%,5.27%,6.63%,4.43%,5.35%,4.89%,7.52%,5.65%,5.33%,6.06%,0.00%,5.49%,5.35%,4.76%,4.54%,
AA187,5.17%,5.57%,4.60%,5.06%,5.57%,3.99%,0.00%,5.83%,4.19%,5.77%,4.34%,5.00%,6.12%,6.23%,5.98%,4.74%,5.37%,5.08%,5.89%,5.49%,
AA188,5.05%,4.44%,4.05%,5.10%,6.03%,5.39%,4.20%,6.90%,4.73%,5.08%,5.05%,6.56%,5.16%,6.05%,5.31%,0.00%,6.05%,4.84%,5.47%,4.52%,
AA189,5.41%,0.00%,5.08%,4.37%,6.86%,4.34%,5.19%,4.07%,5.03%,5.74%,4.45%,5.19%,5.16%,4.56%,5.11%,6.48%,4.92%,4.62%,4.70%,8.72%,
AA190,4.73%,5.77%,5.58%,4.18%,5.42%,4.76%,5.91%,6.56%,5.39%,4.38%,4.32%,4.73%,6.32%,5.06%,5.01%,5.80%,0.00%,5.94%,5.55%,4.60%,
AA191,4.99%,4.76%,4.88%,4.99%,5.28%,4.56%,0.00%,5.31%,3.25%,5.31%,5.13%,5.85%,7.67%,6.96%,4.91%,5.25%,5.93%,4.31%,4.42%,6.25%,
AA192,6.20%,5.17%,4.81%,5.14%,5.57%,4.15%,6.26%,5.57%,4.15%,6.16%,5.57%,4.45%,0.00%,4.85%,5.08%,5.11%,6.39%,4.85%,5.41%,5.11%,
AA193,4.48%,6.37%,4.79%,4.55%,0.00%,5.07%,4.28%,6.30%,5.03%,8.01%,5.17%,5.34%,3.83%,5.24%,5.58%,5.54%,4.45%,4.93%,4.89%,6.16%,
AA194,3.69%,4.53%,6.17%,3.94%,6.45%,4.43%,0.00%,5.46%,4.09%,3.88%,4.31%,5.77%,9.55%,5.12%,5.24%,5.02%,5.30%,4.96%,5.55%,6.54%,
AA195,0.13%,4.23%,5.71%,5.62%,6.69%,3.63%,0.00%,5.33%,5.33%,7.67%,4.98%,6.12%,5.99%,5.43%,6.25%,4.35%,4.42%,5.46%,5.65%,7.03%,
AA196,6.72%,5.78%,0.00%,5.27%,5.76%,5.46%,5.25%,5.22%,4.77%,5.84%,5.52%,6.08%,4.07%,4.26%,3.37%,4.69%,5.25%,5.70%,4.20%,6.80%,
AA197,5.63%,5.46%,3.95%,4.08%,6.08%,4.63%,5.34%,5.79%,3.95%,5.24%,5.46%,5.05%,0.00%,4.69%,5.46%,6.85%,5.88%,5.21%,5.30%,5.95%,
AA198,4.60%,5.27%,4.69%,3.43%,6.13%,5.70%,5.55%,4.23%,5.09%,6.01%,5.58%,5.76%,0.00%,4.38%,5.95%,5.98%,6.99%,3.71%,5.79%,5.15%,
AA199,5.79%,5.34%,4.75%,4.44%,5.06%,5.42%,4.44%,5.34%,4.07%,7.32%,7.57%,5.51%,5.08%,5.20%,4.63%,4.89%,4.97%,0.00%,6.10%,4.10%,
AA200,4.55%,5.67%,5.24%,4.55%,5.99%,4.18%,5.70%,0.00%,5.21%,6.05%,6.11%,5.55%,4.58%,4.55%,5.70%,5.33%,4.64%,5.30%,5.46%,5.64%,
AA201,5.57%,6.29%,7.09%,3.97%,5.20%,0.00%,4.42%,4.96%,4.34%,5.30%,4.69%,4.66%,4.93%,4.21%,6.16%,6.10%,4.69%,5.65%,7.09%,4.66%,
AA202,5.95%,4.89%,4.33%,5.33%,5.82%,4.89%,5.79%,7.88%,6.00%,4.58%,4.40%,4.07%,5.66%,4.51%,0.00%,6.39%,5.23%,5.05%,5.07%,4.17%,
AA203,5.53%,5.03%,6.69%,0.00%,6.38%,5.61%,5.32%,6.03%,4.82%,4.87%,5.09%,5.38%,4.48%,5.82%,4.19%,5.53%,5.64%,5.48%,5.19%,2.90%,
AA204,6.07%,5.97%,4.40%,4.42%,5.62%,4.95%,3.73%,6.02%,0.00%,5.59%,5.19%,6.07%,5.62%,5.51%,6.26%,4.18%,5.41%,5.09%,4.77%,5.11%,
AA205,6.01%,5.07%,4.53%,4.30%,0.00%,4.87%,4.13%,7.15%,3.66%,7.75%,5.23%,5.37%,5.87%,5.34%,4.19%,4.83%,4.50%,4.70%,5.67%,6.85%,
AA206,5.50%,4.98%,4.56%,5.53%,5.46%,5.07%,0.00%,6.04%,4.50%,6.22%,4.47%,6.34%,6.07%,5.19%,5.77%,4.29%,5.46%,4.56%,4.98%,5.01%,
AA207,5.29%,4.71%,3.69%,4.37%,6.10%,4.37%,5.34%,6.05%,5.45%,5.21%,5.19%,6.81%,5.61%,5.21%,6.31%,0.00%,4.79%,5.21%,5.34%,4.92%,
AA208,6.41%,5.34%,4.04%,4.42%,5.81%,5.91%,5.71%,6.49%,4.87%,5.39%,4.42%,4.67%,4.37%,4.24%,0.00%,8.36%,5.59%,4.32%,4.27%,5.37%,
AA209,6.85%,5.94%,5.09%,4.07%,6.82%,5.68%,7.40%,5.68%,4.03%,6.85%,5.24%,4.73%,0.00%,4.98%,2.89%,5.17%,5.61%,4.40%,1.76%,6.82%,
AA210,5.52%,5.26%,4.29%,4.74%,5.93%,4.82%,7.30%,5.54%,5.04%,5.49%,3.70%,4.74%,6.94%,0.00%,5.71%,4.29%,5.10%,4.35%,5.40%,5.85%,
AA211,4.59%,4.77%,5.37%,4.74%,6.22%,4.11%,0.00%,5.62%,3.93%,5.53%,4.47%,5.62%,5.31%,6.43%,5.37%,6.22%,6.04%,5.56%,4.17%,5.95%,
AA212,5.59%,5.18%,5.10%,5.56%,4.77%,0.00%,5.29%,5.97%,4.61%,4.45%,4.50%,4.39%,6.29%,4.85%,6.43%,5.15%,5.45%,6.48%,5.48%,4.47%,
AA213,5.15%,5.84%,5.48%,4.74%,6.02%,4.97%,5.28%,5.59%,4.79%,4.79%,5.13%,5.56%,6.51%,5.02%,0.00%,5.61%,4.72%,5.15%,4.61%,5.02%,
AA214,6.17%,5.95%,5.06%,0.00%,5.47%,4.55%,7.14%,5.49%,5.69%,4.25%,4.43%,4.66%,5.74%,5.52%,5.19%,5.26%,5.31%,4.71%,4.20%,5.21%,
AA215,6.01%,5.96%,4.15%,3.84%,5.96%,5.58%,4.55%,5.70%,5.13%,0.00%,6.07%,4.90%,6.79%,4.47%,4.70%,4.18%,5.38%,5.76%,5.18%,5.70%,
AA216,6.74%,6.32%,4.90%,4.20%,5.40%,4.90%,5.55%,4.45%,4.45%,6.32%,4.38%,6.01%,0.00%,4.72%,4.51%,5.49%,6.38%,4.54%,5.61%,5.15%,
AA217,4.79%,0.00%,5.37%,3.05%,7.34%,5.58%,4.58%,5.93%,3.93%,5.70%,4.70%,4.96%,5.20%,5.31%,5.75%,5.43%,4.96%,4.87%,5.05%,7.49%,
AA218,5.21%,5.74%,4.34%,4.07%,5.37%,6.29%,4.92%,6.74%,4.50%,4.47%,4.84%,6.29%,6.16%,4.02%,5.21%,0.00%,5.74%,5.26%,4.76%,6.06%,
AA219,4.82%,5.77%,5.48%,5.01%,4.85%,5.32%,5.82%,5.84%,5.56%,4.90%,3.77%,4.72%,5.40%,4.32%,6.39%,6.60%,0.00%,5.21%,4.77%,5.45%,
AA220,4.53%,5.55%,4.86%,4.68%,5.79%,4.98%,6.29%,5.82%,5.07%,4.77%,4.74%,5.07%,6.12%,4.77%,6.03%,5.67%,4.53%,5.67%,5.13%,0.00%,
AA221,0.00%,5.43%,5.73%,3.97%,4.37%,5.46%,5.34%,5.46%,4.46%,4.58%,5.09%,4.18%,6.52%,4.94%,5.52%,5.52%,7.94%,5.91%,4.37%,5.22%,
AA222,5.33%,6.15%,4.65%,5.35%,5.46%,5.38%,7.86%,5.59%,4.89%,5.43%,4.06%,5.07%,6.34%,0.00%,4.68%,4.45%,5.53%,4.11%,4.86%,4.81%,
AA223,5.50%,5.16%,4.80%,4.43%,5.08%,6.28%,5.34%,7.17%,4.38%,5.01%,3.70%,5.11%,5.24%,4.01%,7.30%,0.00%,5.14%,5.29%,5.34%,5.71%,
AA224,5.37%,5.66%,4.01%,5.76%,5.44%,4.80%,5.56%,6.87%,4.53%,5.73%,4.85%,5.09%,4.97%,4.85%,5.98%,5.29%,0.00%,5.14%,4.92%,5.17%,
AA225,0.00%,5.85%,5.69%,2.95%,5.88%,4.92%,5.29%,5.05%,4.52%,6.28%,5.05%,4.46%,6.34%,4.03%,4.19%,6.89%,7.33%,6.22%,4.19%,4.86%,
AA226,0.00%,4.61%,4.16%,3.52%,6.28%,5.59%,4.61%,5.75%,5.14%,4.80%,5.46%,4.72%,5.99%,4.37%,3.76%,7.34%,9.17%,5.88%,4.48%,4.37%,
AA227,4.37%,4.42%,5.10%,5.88%,4.37%,4.29%,6.45%,5.61%,5.77%,5.07%,5.23%,5.10%,5.77%,4.96%,5.80%,5.29%,0.00%,5.64%,4.86%,6.02%,
AA228,0.00%,5.76%,6.34%,4.53%,5.45%,5.14%,5.23%,4.56%,3.97%,4.25%,5.67%,4.58%,6.18%,5.28%,4.64%,5.37%,6.57%,6.32%,5.06%,5.11%,
AA229,6.22%,5.80%,6.38%,0.00%,5.12%,5.23%,5.59%,5.78%,5.67%,5.10%,4.47%,4.39%,5.59%,5.54%,4.16%,5.05%,5.57%,5.25%,4.92%,4.16%,
AA230,5.23%,4.94%,6.28%,0.00%,5.73%,5.02%,5.47%,4.99%,5.75%,5.28%,5.49%,4.60%,5.96%,4.39%,5.15%,5.41%,5.02%,5.96%,4.47%,4.86%,
AA231,5.03%,5.90%,5.40%,4.57%,5.74%,6.17%,5.59%,0.00%,4.69%,6.02%,5.50%,4.63%,5.00%,5.37%,4.91%,5.28%,5.56%,5.68%,4.97%,3.98%,
AA232,6.20%,4.82%,7.05%,0.00%,6.54%,5.78%,4.64%,4.95%,5.54%,4.66%,4.50%,5.11%,5.75%,5.22%,4.05%,5.38%,4.21%,6.52%,4.19%,4.88%,
AA233,4.78%,5.41%,4.07%,5.83%,5.60%,5.86%,5.80%,5.43%,4.81%,6.49%,5.92%,5.15%,4.81%,4.89%,5.23%,5.29%,4.21%,0.00%,5.12%,5.29%,
AA234,5.07%,5.40%,4.87%,4.42%,5.34%,3.68%,0.00%,5.19%,3.95%,6.44%,4.75%,4.42%,6.14%,6.97%,5.93%,5.75%,4.92%,5.13%,4.75%,6.88%,
AA235,5.03%,6.86%,4.39%,4.89%,5.35%,4.33%,5.99%,9.16%,5.67%,6.11%,0.00%,4.80%,5.93%,3.75%,3.81%,4.71%,5.85%,4.42%,4.74%,4.19%,
AA236,6.45%,5.60%,4.89%,4.30%,6.29%,3.98%,7.72%,3.62%,4.50%,7.14%,4.30%,5.12%,0.00%,5.12%,5.21%,6.58%,5.87%,3.91%,5.08%,4.33%,
AA237,6.58%,5.29%,4.38%,3.63%,6.01%,5.55%,4.15%,5.52%,4.61%,6.67%,4.78%,4.52%,0.00%,5.04%,6.41%,6.04%,6.12%,5.32%,4.12%,5.26%,
AA238,6.61%,6.11%,0.00%,4.42%,6.18%,4.50%,4.87%,4.95%,5.39%,5.87%,4.87%,4.66%,4.63%,3.92%,5.95%,4.53%,5.03%,5.21%,6.13%,6.18%,
AA239,5.49%,5.66%,4.33%,4.84%,4.78%,5.29%,5.72%,5.89%,4.87%,5.38%,4.53%,5.46%,7.10%,5.38%,5.07%,5.89%,0.00%,4.75%,5.52%,4.07%,
AA240,5.72%,5.69%,4.76%,4.41%,5.19%,4.26%,5.60%,5.10%,4.04%,7.71%,4.82%,5.04%,0.00%,4.88%,5.44%,5.66%,5.84%,5.00%,5.53%,5.32%,
AA241,5.34%,4.71%,0.00%,4.42%,5.17%,5.03%,4.91%,4.42%,4.30%,4.79%,4.88%,6.59%,4.36%,4.59%,4.42%,4.39%,3.73%,5.40%,5.14%,13.40%,
AA242,5.24%,5.77%,4.88%,4.62%,5.52%,5.30%,4.76%,8.01%,5.24%,5.10%,4.85%,4.09%,5.04%,5.49%,0.00%,6.11%,5.24%,4.17%,4.76%,5.80%,
AA243,5.57%,4.86%,5.08%,5.15%,4.79%,4.79%,5.76%,6.50%,5.41%,6.92%,5.02%,4.79%,5.69%,5.31%,4.50%,5.21%,0.00%,5.15%,4.54%,4.95%,
AA244,3.82%,5.68%,5.52%,4.71%,5.65%,3.10%,4.96%,5.55%,5.37%,0.00%,5.65%,4.47%,8.34%,6.20%,3.94%,5.40%,5.83%,6.33%,4.06%,5.43%,
AA245,5.62%,4.62%,6.01%,4.35%,4.53%,7.58%,5.68%,6.81%,4.65%,5.65%,0.00%,5.12%,4.20%,4.41%,4.23%,5.00%,5.00%,5.33%,5.30%,5.92%,
AA246,6.53%,5.25%,5.11%,4.74%,6.36%,5.14%,3.89%,5.75%,4.37%,6.09%,5.41%,3.65%,6.33%,4.50%,5.45%,0.00%,6.87%,5.31%,4.40%,4.84%,
AA247,4.63%,5.77%,5.21%,4.98%,5.39%,4.89%,7.29%,5.83%,4.31%,5.33%,3.75%,4.66%,6.24%,0.00%,5.18%,4.34%,6.21%,5.13%,4.89%,5.98%,
AA248,5.67%,5.23%,4.22%,4.41%,6.68%,4.13%,6.31%,4.82%,4.60%,4.92%,5.52%,3.81%,7.09%,0.00%,6.18%,5.14%,5.30%,5.61%,5.61%,4.73%,
AA249,5.45%,5.92%,3.94%,4.94%,4.91%,4.38%,5.45%,6.07%,5.06%,5.00%,5.09%,5.53%,5.98%,6.16%,6.60%,0.00%,5.39%,4.35%,4.62%,5.18%,
AA250,5.40%,6.08%,5.68%,4.82%,5.43%,0.00%,4.98%,5.32%,4.68%,5.49%,4.70%,4.79%,5.38%,5.01%,5.96%,5.32%,4.45%,7.17%,4.37%,4.98%,
AA251,5.20%,5.00%,4.65%,4.32%,5.53%,4.59%,4.26%,5.76%,5.94%,6.03%,5.97%,0.00%,5.88%,5.76%,5.59%,6.09%,5.12%,4.94%,4.20%,5.17%,
AA252,6.36%,4.07%,4.75%,5.53%,5.62%,4.73%,6.36%,5.02%,4.46%,7.76%,7.07%,4.67%,4.49%,4.43%,4.75%,5.65%,5.14%,0.00%,4.81%,4.34%,
AA253,5.08%,5.50%,4.81%,4.73%,5.86%,4.78%,3.70%,6.02%,0.00%,5.14%,5.64%,6.19%,4.95%,4.70%,6.94%,5.33%,5.19%,4.78%,5.00%,5.66%,
AA254,5.86%,3.44%,5.54%,4.18%,7.54%,5.16%,5.82%,0.00%,3.93%,5.51%,4.95%,4.95%,6.18%,5.33%,5.23%,5.23%,5.09%,5.79%,5.51%,4.77%,
AA255,5.64%,3.77%,5.78%,1.62%,6.20%,4.79%,5.67%,7.29%,4.90%,6.16%,4.90%,5.92%,7.01%,5.39%,4.51%,6.13%,0.00%,5.81%,3.24%,5.28%,
AA256,6.17%,4.23%,4.56%,5.66%,4.32%,5.30%,5.48%,5.00%,3.93%,6.49%,8.76%,4.68%,5.00%,4.92%,4.80%,5.39%,5.15%,0.00%,5.09%,5.06%,
AA257,4.90%,4.99%,5.15%,4.61%,5.40%,4.36%,6.13%,5.69%,6.29%,6.10%,5.15%,0.00%,5.59%,4.74%,4.24%,4.65%,6.23%,5.21%,4.74%,5.82%,
AA258,5.18%,5.36%,4.56%,4.41%,5.09%,4.44%,6.13%,6.54%,3.88%,5.47%,4.56%,8.26%,5.27%,5.33%,5.71%,0.00%,5.89%,5.15%,4.76%,4.02%,
AA259,4.94%,5.47%,4.88%,5.31%,6.05%,4.88%,6.29%,5.71%,5.13%,4.54%,5.10%,5.68%,4.91%,0.00%,5.62%,5.62%,4.57%,4.85%,5.68%,4.76%,
AA260,6.15%,4.82%,5.25%,4.58%,5.72%,5.35%,4.65%,6.05%,5.48%,5.22%,5.08%,3.71%,7.86%,4.68%,4.55%,4.98%,0.00%,5.62%,4.65%,5.59%,
AA261,6.70%,5.13%,5.32%,5.54%,4.93%,6.02%,4.29%,5.09%,4.29%,6.98%,5.93%,4.55%,5.35%,4.65%,4.55%,5.09%,4.84%,0.00%,4.77%,5.96%,
AA262,5.26%,5.73%,5.35%,4.22%,5.57%,4.79%,4.76%,5.66%,3.54%,6.79%,5.54%,5.54%,5.10%,6.23%,0.00%,4.79%,5.32%,4.16%,6.91%,4.76%,
AA263,4.91%,5.79%,4.91%,4.39%,7.30%,4.98%,5.19%,5.12%,5.55%,6.53%,4.81%,6.42%,5.09%,5.34%,4.46%,4.28%,4.18%,5.93%,4.81%,0.00%,
AA264,4.67%,5.90%,4.70%,4.91%,5.46%,4.50%,4.73%,5.29%,0.00%,5.55%,5.43%,6.75%,5.70%,4.59%,5.58%,5.78%,5.14%,5.05%,5.23%,5.05%,
AA265,4.82%,0.00%,4.51%,4.69%,6.72%,3.65%,5.41%,4.82%,4.41%,5.93%,5.69%,4.62%,4.58%,5.44%,5.86%,5.96%,5.07%,6.37%,5.24%,6.20%,
AA266,5.39%,4.85%,5.13%,4.40%,5.42%,4.91%,5.58%,5.48%,4.81%,6.69%,5.64%,0.00%,5.80%,5.77%,4.94%,4.72%,5.39%,4.72%,4.21%,6.15%,
AA267,3.80%,0.00%,4.66%,4.39%,7.63%,4.21%,5.01%,4.14%,4.25%,5.18%,5.18%,4.63%,5.01%,5.21%,6.94%,6.56%,5.04%,6.15%,5.21%,6.80%,
AA268,5.53%,6.16%,5.30%,4.50%,6.34%,0.00%,5.05%,4.56%,4.79%,5.50%,5.71%,5.13%,5.68%,4.39%,5.50%,5.02%,4.64%,6.77%,5.05%,4.39%,
AA269,4.71%,6.27%,0.00%,4.30%,6.34%,4.96%,5.49%,5.61%,3.76%,6.84%,3.86%,6.09%,4.52%,3.98%,5.24%,4.30%,5.21%,5.61%,4.77%,8.16%,
AA270,6.07%,4.94%,4.27%,3.63%,5.27%,3.99%,4.54%,7.44%,4.08%,4.94%,5.15%,6.31%,6.22%,4.69%,6.71%,0.00%,5.06%,5.91%,5.12%,5.67%,
AA271,4.21%,4.34%,5.17%,4.91%,4.95%,5.04%,4.78%,6.79%,6.62%,4.43%,6.27%,0.00%,4.12%,5.04%,4.21%,6.49%,4.21%,5.26%,6.53%,6.66%,
AA272,6.04%,6.68%,6.72%,0.00%,5.90%,5.51%,4.81%,3.32%,5.30%,4.28%,4.49%,4.28%,6.19%,4.77%,4.17%,5.76%,5.02%,5.62%,4.95%,6.19%,
AA273,5.59%,6.75%,6.88%,4.99%,4.73%,0.00%,4.70%,5.39%,4.63%,4.83%,5.49%,4.56%,5.46%,4.96%,4.83%,6.28%,4.76%,5.69%,4.70%,4.79%,
AA274,5.63%,4.88%,5.14%,4.17%,6.26%,5.67%,5.18%,5.44%,5.18%,0.00%,3.99%,5.70%,7.16%,5.85%,4.36%,4.96%,4.70%,5.37%,4.88%,5.48%,
AA275,5.19%,4.86%,4.90%,5.39%,5.31%,4.49%,4.86%,4.98%,4.82%,5.11%,5.88%,4.41%,7.88%,4.70%,4.86%,6.29%,0.00%,5.76%,5.43%,4.86%,
AA276,4.93%,4.21%,4.37%,4.97%,5.88%,4.21%,5.13%,5.84%,5.16%,6.20%,5.44%,4.89%,6.52%,5.32%,4.41%,6.63%,0.00%,4.89%,5.84%,5.16%,
AA277,5.75%,5.27%,4.43%,4.23%,6.27%,4.59%,5.55%,6.11%,4.27%,5.47%,4.43%,5.39%,6.55%,5.63%,5.63%,5.63%,0.00%,5.55%,5.07%,4.12%,
AA278,5.43%,4.98%,0.00%,5.02%,5.09%,5.61%,4.69%,5.17%,4.50%,5.61%,6.28%,6.72%,4.84%,4.39%,5.94%,4.21%,4.72%,5.98%,4.98%,5.83%,
AA279,4.89%,6.33%,4.68%,4.65%,5.33%,5.20%,5.47%,4.96%,0.00%,4.71%,4.47%,5.61%,5.61%,6.54%,5.06%,5.68%,5.40%,4.58%,5.20%,5.64%,
AA280,5.90%,5.12%,4.27%,5.78%,6.09%,5.55%,5.28%,5.12%,2.60%,8.11%,6.13%,5.24%,5.24%,5.12%,4.07%,4.73%,4.70%,0.00%,5.24%,5.70%,
AA281,5.00%,4.76%,5.53%,3.82%,6.51%,4.15%,5.29%,0.00%,5.04%,5.53%,5.25%,5.45%,5.17%,4.64%,4.68%,5.86%,6.55%,6.88%,5.09%,4.80%,
AA282,4.36%,5.40%,4.69%,3.58%,6.54%,4.69%,3.95%,5.47%,6.02%,6.36%,4.66%,0.00%,5.51%,5.25%,6.76%,5.47%,4.58%,4.99%,5.32%,6.39%,
AA283,4.59%,5.91%,5.91%,3.95%,4.93%,4.93%,4.70%,4.97%,6.17%,6.17%,5.27%,0.00%,5.12%,5.76%,6.10%,5.65%,5.38%,5.16%,4.22%,5.12%,
AA284,5.49%,0.00%,4.95%,4.75%,8.03%,3.69%,5.81%,5.24%,4.10%,5.32%,3.73%,4.34%,4.95%,5.32%,5.24%,5.81%,5.86%,5.00%,5.49%,6.88%,
AA285,6.23%,6.09%,5.27%,4.99%,5.78%,0.69%,5.51%,4.85%,0.00%,5.51%,5.99%,8.50%,5.92%,4.20%,5.51%,4.44%,5.71%,5.03%,5.03%,4.75%,
AA286,6.42%,5.70%,4.99%,5.05%,4.69%,5.70%,4.31%,4.87%,3.95%,6.71%,6.74%,5.29%,6.80%,4.81%,5.08%,5.08%,4.93%,0.00%,4.13%,4.72%,
AA287,5.81%,4.82%,0.00%,4.72%,4.78%,5.41%,4.72%,5.16%,4.97%,5.03%,4.69%,6.71%,5.37%,4.38%,4.29%,5.68%,4.94%,5.25%,5.68%,7.58%,
AA288,5.35%,5.11%,4.37%,5.20%,5.60%,4.37%,7.13%,5.38%,5.48%,6.49%,5.26%,5.63%,5.51%,0.00%,4.19%,5.05%,5.23%,4.93%,4.89%,4.83%,
AA289,4.81%,0.00%,6.15%,4.21%,5.61%,6.43%,4.62%,6.46%,3.86%,5.80%,5.04%,4.69%,4.18%,4.78%,6.15%,5.57%,4.05%,5.61%,4.85%,7.13%,
AA290,4.68%,5.41%,5.06%,5.03%,5.34%,5.15%,0.00%,5.34%,2.70%,5.66%,4.07%,5.22%,7.82%,6.74%,6.49%,4.83%,4.64%,4.23%,4.61%,6.97%,
AA291,0.00%,5.42%,5.52%,5.45%,6.57%,4.62%,4.27%,5.48%,4.43%,5.71%,4.11%,4.43%,5.20%,4.78%,5.64%,5.71%,6.79%,6.03%,5.39%,4.43%,
AA292,0.00%,4.66%,5.68%,3.94%,4.13%,3.45%,6.24%,4.28%,4.41%,5.28%,5.25%,4.38%,6.43%,4.50%,5.18%,7.14%,9.72%,6.40%,4.59%,4.35%,
AA293,6.47%,4.77%,4.93%,4.40%,5.34%,4.40%,4.99%,5.31%,4.40%,7.79%,7.25%,4.62%,5.31%,4.40%,5.46%,5.31%,5.09%,0.00%,4.58%,5.21%,
AA294,4.67%,5.64%,5.00%,3.70%,4.52%,5.37%,5.49%,5.70%,4.09%,5.31%,5.31%,4.40%,8.49%,4.49%,5.34%,5.98%,0.00%,6.01%,4.52%,5.98%,
AA295,4.83%,4.59%,5.40%,4.62%,5.70%,6.58%,5.95%,5.83%,5.07%,5.70%,4.89%,0.00%,5.07%,5.10%,3.62%,5.43%,6.10%,5.31%,3.50%,6.70%,
AA296,6.01%,5.51%,5.04%,4.22%,5.41%,4.88%,0.00%,6.27%,3.78%,6.44%,5.01%,5.44%,5.87%,6.27%,5.58%,4.98%,4.22%,4.75%,4.41%,5.91%,
AA297,5.95%,6.12%,4.39%,5.22%,6.09%,4.05%,6.26%,5.84%,0.00%,4.33%,6.04%,6.04%,5.67%,3.24%,5.34%,5.28%,4.97%,5.53%,4.33%,5.31%,
AA298,6.16%,5.62%,5.84%,4.35%,5.27%,4.65%,5.35%,5.81%,0.00%,5.19%,4.73%,6.11%,5.57%,5.03%,4.97%,5.21%,5.78%,4.65%,4.78%,4.94%,
AA299,5.17%,7.57%,4.28%,4.40%,6.33%,5.11%,5.14%,5.44%,4.19%,5.67%,4.19%,3.89%,6.03%,4.54%,5.88%,5.55%,5.17%,5.38%,0.00%,6.09%,
AA300,5.66%,5.85%,5.55%,3.94%,5.45%,5.20%,7.12%,5.31%,4.85%,4.99%,5.82%,5.28%,4.85%,0.00%,5.42%,4.56%,5.96%,4.88%,4.56%,4.75%,
AA301,4.79%,6.16%,4.94%,5.69%,6.25%,4.73%,6.55%,5.48%,5.63%,5.92%,4.34%,5.45%,4.91%,4.73%,4.34%,4.64%,5.00%,5.75%,4.73%,0.00%,
AA302,4.82%,4.20%,5.44%,5.26%,5.02%,4.60%,5.02%,6.99%,5.73%,5.88%,4.62%,0.00%,4.89%,4.62%,5.31%,6.52%,4.87%,6.13%,5.17%,4.89%,
AA303,5.21%,3.13%,5.53%,4.69%,5.46%,6.30%,5.44%,6.58%,4.48%,4.44%,4.69%,7.33%,4.90%,5.16%,5.88%,0.00%,5.63%,4.74%,5.00%,5.39%,
AA304,4.25%,5.18%,5.54%,4.93%,5.15%,5.62%,5.18%,5.46%,4.47%,6.69%,4.19%,5.02%,0.00%,4.66%,5.35%,4.82%,6.61%,5.62%,6.09%,5.18%,
AA305,5.20%,5.07%,4.37%,4.58%,5.04%,4.99%,4.88%,6.25%,5.12%,0.00%,5.98%,4.99%,6.65%,6.09%,4.58%,5.50%,5.36%,5.76%,4.77%,4.83%,
AA306,6.65%,4.85%,4.72%,6.10%,5.21%,5.66%,4.53%,4.95%,4.35%,7.22%,6.75%,5.00%,4.87%,4.48%,4.59%,4.53%,4.85%,0.00%,6.49%,4.20%,
AA307,6.48%,4.56%,4.04%,6.12%,5.41%,4.23%,6.09%,5.19%,3.87%,6.51%,5.33%,5.27%,0.00%,5.00%,4.58%,6.15%,6.20%,5.08%,4.56%,5.35%,
AA308,5.26%,3.58%,4.80%,4.13%,5.30%,4.99%,5.28%,7.06%,5.95%,4.80%,5.78%,5.78%,5.64%,5.21%,0.00%,5.54%,5.83%,5.83%,4.63%,4.58%,
AA309,5.78%,5.45%,5.45%,4.70%,6.20%,4.73%,5.20%,5.00%,4.95%,5.60%,4.48%,0.00%,4.80%,4.55%,4.88%,6.45%,4.60%,6.08%,4.90%,6.18%,
AA310,0.00%,6.46%,5.75%,4.36%,5.48%,6.30%,5.32%,4.61%,4.42%,4.06%,4.55%,4.88%,6.08%,4.12%,4.23%,7.03%,6.65%,6.41%,4.80%,4.50%,
AA311,3.83%,5.13%,6.34%,0.00%,5.76%,4.62%,5.09%,4.81%,5.76%,5.04%,5.23%,5.44%,4.34%,6.41%,5.97%,5.25%,5.02%,6.27%,4.41%,5.25%,
AA312,5.24%,5.66%,4.88%,4.83%,5.16%,5.30%,5.41%,4.69%,5.89%,0.00%,5.97%,5.19%,4.41%,5.69%,5.27%,4.60%,5.13%,6.03%,4.46%,6.19%,
AA313,6.08%,6.61%,6.53%,4.62%,5.68%,0.00%,5.23%,5.25%,4.09%,3.53%,4.19%,5.84%,4.70%,3.95%,4.59%,6.93%,6.16%,6.40%,4.72%,4.91%,
AA314,5.58%,5.53%,0.00%,6.36%,5.50%,4.51%,5.60%,4.51%,4.56%,5.14%,4.80%,5.29%,4.17%,4.43%,5.47%,4.30%,4.51%,6.54%,5.92%,7.27%,
AA315,5.31%,5.65%,5.08%,5.10%,5.13%,3.97%,5.13%,7.73%,5.00%,6.15%,5.06%,5.34%,6.07%,4.70%,0.00%,4.92%,5.25%,5.02%,4.31%,5.08%,
AA316,5.45%,4.43%,4.74%,5.09%,5.47%,4.72%,4.67%,5.82%,0.00%,5.51%,5.51%,6.90%,5.22%,6.28%,4.34%,4.94%,4.87%,4.94%,5.18%,5.91%,
AA317,6.33%,6.33%,6.35%,5.21%,4.96%,0.00%,5.39%,4.83%,4.25%,3.97%,4.48%,4.45%,5.39%,4.71%,5.37%,6.25%,5.16%,6.63%,4.63%,5.29%,
AA318,4.81%,4.81%,4.96%,5.33%,4.96%,5.23%,4.96%,5.91%,0.00%,5.72%,5.13%,5.33%,4.81%,5.57%,5.86%,5.50%,5.30%,5.11%,5.52%,5.18%,
AA319,5.37%,4.57%,5.09%,6.04%,5.04%,5.12%,5.22%,5.14%,4.12%,6.77%,6.84%,4.65%,4.92%,5.37%,4.57%,5.52%,5.37%,0.00%,4.72%,5.54%,
AA320,6.26%,5.22%,5.32%,4.45%,6.21%,3.98%,0.00%,5.07%,4.72%,5.74%,5.76%,6.39%,4.75%,5.04%,4.99%,4.97%,5.29%,3.98%,4.52%,7.35%,
AA321,5.84%,5.68%,5.73%,4.11%,5.23%,4.66%,5.02%,0.00%,4.29%,8.32%,5.39%,4.76%,4.63%,4.48%,6.07%,4.87%,5.65%,6.18%,4.50%,4.58%,
AA322,5.29%,5.75%,4.94%,3.15%,5.24%,3.72%,5.78%,6.30%,4.88%,7.03%,5.10%,5.54%,0.00%,4.29%,5.67%,4.59%,7.08%,5.26%,4.53%,5.86%,
AA323,5.17%,6.30%,4.21%,4.38%,0.00%,5.85%,4.94%,6.89%,4.80%,7.77%,5.06%,4.35%,3.62%,5.00%,5.20%,5.25%,5.00%,5.17%,4.89%,6.16%,
AA324,6.13%,4.41%,3.59%,4.57%,5.64%,4.85%,5.39%,4.90%,4.43%,6.16%,5.04%,4.27%,0.00%,5.58%,5.75%,5.97%,6.35%,5.80%,5.69%,5.47%,
AA325,4.57%,6.00%,3.71%,4.97%,5.83%,5.08%,5.66%,4.18%,3.82%,0.00%,7.00%,4.69%,7.14%,6.44%,4.74%,4.16%,4.52%,5.86%,6.16%,5.47%,
AA326,0.00%,5.13%,4.92%,4.50%,5.46%,4.76%,4.78%,4.83%,3.72%,5.37%,4.57%,4.12%,4.07%,3.91%,4.66%,6.95%,8.66%,5.91%,9.51%,4.17%,
AA327,5.85%,5.13%,5.03%,3.82%,5.88%,5.08%,6.52%,6.50%,5.47%,4.62%,4.13%,0.00%,6.21%,5.52%,5.18%,5.70%,6.37%,4.15%,2.29%,6.55%,
AA328,5.86%,5.75%,3.87%,5.19%,6.26%,1.82%,5.47%,4.54%,4.80%,6.48%,7.74%,5.02%,6.06%,4.66%,5.30%,4.88%,5.83%,0.00%,5.08%,5.39%,
AA329,5.74%,5.64%,4.57%,4.76%,6.17%,4.97%,4.03%,5.50%,6.17%,5.02%,5.37%,5.32%,7.13%,4.17%,4.81%,5.82%,0.00%,4.73%,4.62%,5.45%,
AA330,5.45%,0.00%,3.63%,4.10%,6.65%,5.39%,5.22%,5.11%,3.99%,6.31%,4.72%,4.78%,4.52%,4.58%,6.20%,5.70%,4.75%,4.44%,5.31%,9.16%,
AA331,4.76%,7.01%,4.47%,4.30%,7.73%,4.41%,3.34%,6.98%,4.71%,3.88%,5.86%,5.45%,5.72%,3.34%,0.00%,5.67%,5.70%,4.47%,5.59%,6.63%,
AA332,6.33%,4.31%,4.68%,6.82%,5.32%,4.05%,4.94%,5.46%,4.91%,6.07%,7.28%,5.23%,5.09%,4.42%,5.40%,5.20%,4.80%,0.00%,4.83%,4.88%,
AA333,4.60%,5.52%,4.78%,4.48%,6.22%,5.16%,4.51%,5.01%,5.25%,6.58%,5.96%,5.90%,0.00%,4.57%,5.52%,5.78%,3.98%,6.14%,4.54%,5.49%,
AA334,4.20%,6.71%,4.74%,5.11%,6.63%,6.60%,4.57%,5.63%,0.00%,2.91%,4.14%,7.17%,5.57%,5.06%,5.48%,5.77%,6.40%,0.26%,6.00%,7.06%,
AA335,0.00%,4.87%,5.89%,4.25%,6.70%,4.87%,5.30%,5.22%,3.79%,4.60%,4.14%,4.71%,5.92%,4.52%,3.87%,6.99%,9.14%,5.67%,4.73%,4.84%,
AA336,4.70%,6.27%,5.18%,4.90%,4.48%,5.40%,5.25%,5.70%,5.87%,5.40%,5.05%,5.55%,4.35%,4.63%,0.00%,5.92%,5.42%,5.32%,4.55%,6.05%,
AA337,5.16%,5.32%,5.49%,4.83%,6.37%,4.03%,5.98%,6.12%,5.90%,5.98%,3.94%,0.00%,5.60%,4.38%,5.41%,4.80%,5.49%,5.38%,3.67%,6.15%,
AA338,5.00%,5.64%,4.09%,4.70%,4.03%,4.47%,7.54%,4.79%,4.00%,6.37%,4.50%,5.14%,0.00%,4.21%,5.52%,6.43%,6.66%,6.16%,5.43%,5.32%,
AA339,6.06%,5.13%,6.38%,5.04%,4.42%,4.80%,4.24%,6.29%,4.33%,5.55%,4.74%,5.46%,6.95%,3.76%,4.95%,6.50%,0.00%,5.79%,4.65%,4.95%,
AA340,6.44%,4.79%,4.22%,6.87%,6.24%,4.96%,5.56%,4.79%,3.65%,7.16%,7.98%,6.07%,2.77%,4.85%,4.36%,4.45%,5.13%,0.00%,4.62%,5.08%,
AA341,5.43%,5.14%,5.80%,4.43%,6.17%,4.09%,5.54%,5.20%,4.23%,5.31%,5.86%,5.60%,7.34%,3.69%,4.00%,5.83%,0.00%,5.09%,5.31%,5.94%,
AA342,5.06%,5.37%,5.43%,3.88%,7.17%,4.72%,6.68%,6.37%,4.25%,5.34%,4.53%,6.24%,5.84%,4.57%,5.28%,4.94%,5.31%,4.94%,4.07%,0.00%,
AA343,5.29%,6.62%,7.14%,4.79%,6.37%,0.00%,5.07%,5.04%,3.69%,5.72%,5.32%,4.59%,4.74%,4.02%,5.44%,5.72%,2.87%,6.49%,5.07%,6.02%,
AA344,5.42%,5.19%,5.26%,5.63%,5.14%,3.73%,5.16%,5.37%,0.00%,4.45%,4.70%,8.01%,6.11%,5.09%,5.40%,3.36%,5.65%,5.58%,5.07%,5.67%,
AA345,6.56%,5.04%,5.04%,4.99%,6.32%,5.30%,6.25%,5.77%,5.46%,6.01%,5.20%,0.00%,6.01%,2.23%,3.54%,5.12%,6.06%,5.22%,3.49%,6.40%,
AA346,3.19%,4.94%,5.41%,5.53%,4.62%,5.03%,6.85%,6.16%,5.65%,6.06%,4.65%,5.65%,5.22%,0.00%,5.49%,5.20%,5.10%,5.27%,4.96%,5.01%,
AA347,4.65%,6.17%,4.78%,5.12%,4.76%,5.98%,5.20%,5.28%,4.70%,7.50%,5.88%,5.77%,5.46%,4.26%,4.10%,5.28%,4.44%,0.00%,4.86%,5.80%,
AA348,5.35%,4.75%,6.40%,4.64%,5.54%,4.62%,4.01%,0.00%,4.83%,5.82%,5.90%,6.11%,5.06%,4.70%,4.43%,5.19%,5.48%,5.69%,5.51%,5.95%,
AA349,5.05%,5.36%,4.79%,4.45%,5.24%,5.24%,6.75%,8.86%,5.60%,5.00%,0.00%,4.52%,5.43%,5.65%,4.12%,4.45%,5.15%,4.62%,4.57%,5.15%,
AA350,5.38%,5.27%,5.72%,5.75%,5.30%,4.80%,6.09%,5.86%,4.43%,0.00%,5.70%,4.80%,6.28%,5.43%,5.19%,4.74%,5.25%,4.82%,4.85%,4.35%,
AA351,5.88%,6.06%,4.65%,4.92%,5.28%,4.68%,5.28%,4.62%,4.83%,0.00%,6.18%,4.68%,6.84%,6.03%,5.43%,4.95%,6.03%,5.04%,4.05%,4.50%,
AA352,5.10%,5.18%,3.97%,4.30%,5.44%,4.92%,6.05%,5.59%,3.99%,6.41%,5.54%,6.21%,5.20%,4.56%,4.74%,5.49%,5.64%,5.64%,6.03%,0.00%,
AA353,5.24%,5.24%,5.69%,4.48%,4.65%,5.50%,7.19%,6.01%,4.17%,6.51%,4.60%,4.71%,0.00%,4.09%,4.34%,5.53%,6.43%,5.16%,5.19%,5.27%,
AA354,5.77%,4.97%,0.00%,6.05%,5.79%,4.94%,5.77%,5.40%,4.06%,5.90%,4.65%,6.44%,4.06%,4.16%,4.84%,4.91%,4.14%,5.35%,5.59%,7.21%,
AA355,4.82%,5.58%,5.15%,4.58%,5.91%,4.12%,0.00%,6.10%,4.17%,5.80%,5.34%,5.64%,7.37%,6.29%,4.55%,4.90%,4.82%,4.25%,4.99%,5.64%,
AA356,6.12%,5.47%,4.05%,5.47%,5.74%,4.50%,6.78%,4.26%,4.41%,4.73%,6.12%,4.35%,0.00%,4.91%,6.01%,6.75%,6.12%,4.73%,5.15%,4.32%,
AA357,5.33%,5.15%,4.58%,3.83%,6.15%,5.35%,5.03%,6.65%,4.53%,5.75%,5.35%,4.36%,6.45%,4.33%,6.03%,6.18%,0.00%,4.58%,4.86%,5.50%,
AA358,5.88%,5.82%,4.62%,3.82%,5.91%,3.39%,5.48%,5.08%,5.21%,0.00%,5.18%,4.31%,6.59%,6.16%,5.70%,5.30%,6.50%,5.42%,5.48%,4.13%,
AA359,5.26%,4.17%,5.34%,4.45%,5.17%,4.77%,6.15%,4.65%,4.42%,0.00%,6.41%,5.26%,7.10%,5.80%,4.54%,5.83%,4.17%,5.46%,4.83%,6.23%,
AA360,4.66%,5.84%,4.94%,4.61%,5.46%,5.43%,5.10%,6.33%,5.30%,5.41%,4.82%,4.71%,4.56%,4.64%,7.43%,0.00%,5.41%,4.92%,4.71%,5.71%,
AA361,4.98%,5.52%,5.38%,4.27%,5.92%,4.41%,6.31%,5.09%,4.95%,5.67%,5.77%,5.95%,5.59%,4.37%,5.95%,3.55%,6.02%,4.66%,5.63%,0.00%,
AA362,4.83%,5.59%,5.93%,4.58%,4.87%,5.81%,4.83%,4.30%,3.83%,5.78%,4.27%,4.49%,5.78%,6.91%,0.00%,4.17%,7.12%,5.05%,6.15%,5.71%,
AA363,5.01%,5.66%,5.21%,5.17%,4.92%,4.24%,5.85%,5.40%,5.56%,5.40%,5.43%,0.00%,6.24%,4.53%,5.85%,4.40%,5.53%,4.82%,5.40%,5.37%,
AA364,5.74%,5.77%,4.46%,4.11%,5.37%,5.18%,5.40%,8.85%,4.20%,4.71%,0.00%,4.42%,4.89%,4.68%,4.93%,5.55%,6.28%,5.71%,4.33%,5.43%,
AA365,6.02%,6.74%,5.68%,5.41%,4.93%,0.00%,4.32%,6.08%,4.26%,4.60%,4.93%,4.93%,4.75%,3.51%,5.62%,7.47%,4.20%,6.53%,5.14%,4.87%,
AA366,5.64%,5.10%,5.89%,0.00%,5.17%,6.11%,4.69%,5.67%,5.58%,3.88%,5.14%,4.47%,4.95%,4.44%,5.32%,5.92%,4.57%,6.08%,5.58%,5.80%,
AA367,5.56%,5.10%,4.90%,0.00%,6.66%,5.36%,4.98%,5.93%,5.62%,5.70%,4.61%,4.78%,5.47%,5.04%,5.01%,5.04%,6.17%,4.84%,4.49%,4.72%,
AA368,5.65%,5.14%,3.41%,4.84%,5.58%,5.25%,6.50%,5.43%,4.33%,6.02%,4.84%,4.48%,0.00%,4.11%,5.94%,6.13%,7.30%,4.95%,4.18%,5.91%,
AA369,5.54%,5.48%,5.67%,4.64%,4.96%,3.87%,5.83%,5.90%,4.35%,5.44%,5.67%,0.00%,4.96%,5.38%,5.93%,5.28%,5.86%,4.70%,5.19%,5.35%,
AA370,4.60%,5.21%,5.42%,4.77%,6.03%,4.57%,5.83%,4.33%,4.36%,5.49%,5.42%,7.60%,3.99%,5.32%,4.87%,6.37%,5.62%,5.25%,4.97%,0.00%,
AA371,5.77%,4.63%,4.04%,4.82%,6.03%,4.36%,7.75%,5.02%,5.02%,7.13%,5.18%,4.66%,5.41%,0.00%,5.44%,4.59%,4.27%,4.20%,6.29%,5.41%,
AA372,5.85%,5.25%,8.05%,0.00%,5.37%,5.34%,4.34%,5.64%,5.07%,5.67%,3.98%,5.76%,5.25%,5.61%,5.91%,4.65%,4.77%,4.04%,3.83%,5.61%,
AA373,6.46%,6.03%,5.33%,0.00%,5.68%,5.94%,4.92%,4.51%,6.00%,5.27%,5.77%,4.75%,5.27%,3.73%,5.79%,3.90%,4.92%,4.54%,5.15%,6.03%,
AA374,5.07%,9.33%,4.62%,3.72%,5.07%,3.18%,6.57%,6.38%,4.11%,6.74%,5.97%,4.39%,5.23%,3.50%,5.64%,5.55%,5.39%,4.91%,0.00%,4.65%,
AA375,5.29%,5.63%,5.35%,4.35%,7.47%,6.40%,5.02%,6.03%,3.70%,6.76%,4.19%,4.99%,4.22%,5.42%,4.44%,4.50%,6.40%,0.00%,5.14%,4.71%,
AA376,5.69%,5.38%,4.16%,4.70%,5.41%,3.74%,6.29%,6.65%,4.47%,4.45%,4.98%,5.95%,6.54%,4.93%,3.85%,6.14%,0.00%,5.58%,5.89%,5.21%,
AA377,4.97%,5.54%,5.90%,4.42%,5.60%,4.94%,0.00%,5.30%,3.90%,5.46%,4.61%,5.79%,5.49%,5.13%,4.83%,5.65%,5.54%,5.11%,5.19%,6.61%,
AA378,4.91%,5.73%,4.78%,5.29%,5.24%,4.32%,4.52%,5.70%,0.00%,5.80%,6.21%,5.50%,4.65%,6.01%,5.57%,5.44%,5.50%,5.39%,5.11%,4.32%,
AA379,4.38%,5.67%,4.80%,6.56%,6.24%,5.62%,5.57%,5.82%,0.00%,5.00%,3.86%,5.25%,4.63%,5.59%,4.88%,4.63%,5.96%,5.44%,4.65%,5.47%,
AA380,6.14%,5.93%,5.69%,0.00%,5.19%,5.88%,5.25%,4.90%,5.30%,4.85%,4.40%,4.56%,5.67%,5.88%,5.88%,4.59%,4.80%,5.72%,5.30%,4.09%,
AA381,5.83%,3.83%,5.36%,5.27%,5.80%,5.71%,5.06%,0.00%,4.04%,6.06%,4.60%,5.47%,4.89%,4.77%,4.19%,6.03%,6.41%,6.53%,4.98%,5.18%,
AA382,5.21%,5.29%,3.82%,3.59%,4.96%,4.96%,5.38%,5.15%,4.65%,6.69%,4.90%,5.79%,6.85%,7.27%,0.00%,4.57%,4.85%,5.43%,6.32%,4.32%,
AA383,4.65%,5.74%,5.48%,3.67%,6.31%,5.96%,5.00%,5.07%,4.97%,0.00%,5.29%,4.65%,6.44%,5.93%,5.90%,5.16%,5.36%,4.81%,4.69%,4.91%,
AA384,5.59%,5.01%,5.31%,3.10%,5.46%,5.01%,5.31%,5.86%,4.49%,5.49%,4.28%,5.65%,9.08%,4.10%,4.86%,6.68%,0.00%,4.04%,5.43%,5.25%,
AA385,6.23%,5.89%,4.22%,6.67%,5.13%,5.73%,4.97%,5.45%,4.19%,7.30%,6.30%,4.97%,4.82%,4.66%,5.29%,6.07%,4.12%,0.00%,4.22%,3.78%,
AA386,5.77%,6.21%,5.47%,4.50%,6.65%,5.67%,5.84%,3.99%,4.70%,5.77%,4.90%,4.50%,0.00%,4.03%,4.43%,6.14%,5.04%,5.87%,5.44%,5.07%,
AA387,4.33%,5.46%,6.16%,4.61%,6.65%,5.37%,5.15%,6.28%,4.21%,5.82%,4.73%,3.29%,4.85%,4.09%,5.89%,6.98%,0.00%,5.95%,5.03%,5.15%,
AA388,6.16%,6.21%,5.82%,0.00%,5.77%,4.95%,5.25%,4.61%,5.42%,5.57%,5.27%,4.24%,5.20%,4.54%,4.51%,4.04%,5.92%,6.26%,5.08%,5.18%,
AA389,5.69%,6.36%,5.87%,4.37%,6.19%,0.00%,5.16%,4.84%,4.78%,5.48%,4.66%,4.99%,5.19%,4.19%,4.93%,5.04%,4.96%,6.95%,4.43%,5.92%,
AA390,3.98%,6.33%,4.14%,4.59%,6.33%,5.85%,4.49%,5.53%,4.46%,0.00%,6.76%,4.23%,6.30%,6.37%,5.40%,4.10%,6.30%,5.04%,4.33%,5.46%,
AA391,5.66%,4.96%,4.76%,0.00%,6.46%,5.24%,5.80%,5.17%,4.82%,5.76%,5.14%,5.14%,5.10%,4.69%,4.48%,6.42%,4.44%,5.31%,5.41%,5.24%,
AA392,8.96%,6.47%,4.59%,4.48%,6.20%,4.06%,5.43%,4.59%,4.25%,6.51%,5.51%,4.67%,5.36%,4.63%,5.40%,5.55%,4.17%,0.00%,4.59%,4.59%,
AA393,4.64%,5.43%,4.10%,4.27%,5.26%,5.10%,5.35%,6.01%,5.26%,5.97%,5.39%,5.01%,5.97%,4.56%,4.81%,6.51%,0.00%,5.30%,5.93%,5.14%,
AA394,5.90%,6.89%,5.63%,4.37%,4.60%,6.01%,4.86%,4.79%,5.32%,6.86%,5.32%,4.79%,5.17%,4.63%,6.59%,5.25%,4.90%,3.18%,0.00%,4.94%,
AA395,5.44%,6.22%,6.08%,3.79%,5.22%,0.00%,5.29%,5.26%,4.76%,4.79%,4.22%,5.26%,6.01%,4.29%,5.33%,6.55%,5.11%,6.22%,4.29%,5.87%,
AA396,4.56%,5.44%,6.16%,4.83%,4.94%,4.83%,5.85%,5.82%,4.87%,5.63%,4.94%,0.00%,5.28%,5.66%,5.59%,4.18%,6.50%,4.79%,4.75%,5.40%,
AA397,5.70%,5.29%,4.87%,4.87%,6.46%,4.98%,5.48%,5.06%,5.86%,3.99%,4.18%,0.00%,5.25%,6.24%,4.79%,4.94%,5.67%,5.48%,5.29%,5.63%,
AA398,5.44%,5.97%,7.12%,0.00%,5.72%,5.02%,5.97%,5.09%,4.92%,4.95%,5.13%,4.82%,6.21%,4.92%,4.92%,4.95%,4.54%,5.48%,4.19%,4.64%,
AA399,5.58%,5.88%,4.13%,4.64%,6.26%,4.43%,5.24%,4.77%,4.60%,6.60%,5.88%,4.94%,0.00%,4.64%,4.51%,5.58%,5.45%,6.05%,5.20%,5.62%,
AA400,5.75%,5.70%,5.39%,4.23%,5.52%,5.66%,7.35%,4.68%,4.50%,6.01%,5.48%,4.68%,4.54%,4.37%,4.99%,5.08%,5.52%,5.70%,4.86%,0.00%,
AA401,5.55%,6.12%,5.25%,4.57%,4.98%,4.38%,4.42%,4.91%,0.00%,5.02%,5.17%,6.04%,5.93%,5.55%,5.21%,5.81%,6.04%,5.13%,4.83%,5.10%,
AA402,6.33%,5.44%,5.14%,5.44%,6.46%,3.28%,5.36%,5.58%,3.63%,5.53%,4.60%,4.83%,5.14%,5.58%,6.02%,6.37%,5.40%,6.11%,3.76%,0.00%,
AA403,5.79%,7.81%,3.85%,4.31%,6.29%,5.05%,4.74%,6.57%,3.34%,7.61%,4.97%,5.21%,5.59%,4.39%,6.02%,4.04%,5.52%,4.20%,0.00%,4.70%,
AA404,6.45%,5.56%,4.63%,4.36%,4.94%,5.29%,5.60%,5.60%,4.63%,7.03%,5.65%,4.49%,0.00%,4.98%,4.80%,5.69%,6.49%,4.76%,3.83%,5.20%,
AA405,5.88%,5.19%,5.41%,4.23%,6.18%,4.49%,7.02%,4.34%,4.67%,5.77%,4.34%,5.48%,6.22%,0.00%,4.60%,6.66%,5.77%,4.19%,4.74%,4.82%,
AA406,5.81%,4.66%,5.63%,5.59%,6.20%,3.84%,4.59%,5.41%,5.45%,0.00%,6.17%,4.48%,5.52%,5.23%,4.55%,5.02%,4.95%,6.27%,5.74%,4.88%,
AA407,5.77%,5.13%,4.58%,3.39%,6.25%,5.73%,5.69%,4.58%,5.06%,5.13%,5.25%,3.94%,6.36%,5.02%,5.77%,0.00%,5.95%,5.99%,5.47%,4.95%,
AA408,5.30%,5.84%,5.01%,5.84%,5.41%,5.01%,5.81%,6.17%,4.65%,4.94%,5.34%,4.75%,6.82%,3.81%,4.97%,5.55%,0.00%,5.15%,5.08%,4.54%,
AA409,5.26%,5.50%,5.43%,4.01%,4.70%,4.88%,5.12%,7.13%,5.67%,5.12%,4.77%,0.00%,6.68%,4.70%,5.15%,4.15%,5.60%,4.70%,5.22%,6.19%,
AA410,5.09%,6.80%,7.41%,4.38%,4.61%,0.00%,5.22%,5.44%,3.74%,4.64%,4.19%,5.25%,5.51%,4.83%,4.67%,7.12%,5.70%,5.38%,5.77%,4.25%,
AA411,6.46%,6.26%,4.00%,4.56%,4.72%,4.59%,6.63%,5.81%,4.43%,4.46%,4.62%,4.99%,6.85%,5.71%,5.35%,5.41%,0.00%,5.05%,5.38%,4.72%,
AA412,0.00%,5.08%,4.94%,4.42%,5.62%,5.08%,4.94%,5.62%,4.29%,5.49%,5.90%,5.38%,5.38%,4.42%,4.39%,6.58%,7.92%,5.49%,4.12%,4.94%,
AA413,4.90%,5.00%,4.96%,3.59%,5.43%,4.93%,0.00%,5.40%,4.63%,6.34%,5.40%,5.60%,7.65%,5.90%,5.63%,4.76%,5.77%,4.69%,3.99%,5.43%,
AA414,4.96%,5.27%,5.80%,5.33%,5.96%,0.00%,5.36%,5.68%,4.99%,5.24%,4.37%,3.77%,4.30%,4.83%,8.36%,4.43%,4.61%,6.49%,5.14%,5.11%,
AA415,5.30%,4.06%,4.88%,3.82%,5.34%,4.13%,0.00%,4.95%,4.98%,5.97%,4.88%,5.48%,8.76%,6.36%,4.35%,5.44%,6.96%,4.73%,4.52%,5.09%,
AA416,6.12%,5.37%,4.90%,5.25%,5.53%,5.17%,5.85%,5.41%,3.44%,6.28%,5.57%,4.86%,0.00%,4.34%,6.12%,5.21%,7.03%,4.42%,4.78%,4.34%,
AA417,5.24%,5.10%,5.41%,4.73%,5.31%,4.87%,0.00%,4.90%,4.33%,5.41%,5.17%,5.51%,6.08%,5.14%,5.20%,5.64%,4.93%,4.93%,5.37%,6.73%,
AA418,5.61%,6.73%,7.41%,0.00%,5.67%,4.85%,4.70%,5.23%,5.14%,5.17%,5.20%,4.76%,6.35%,4.88%,5.20%,5.23%,3.88%,5.38%,3.85%,4.76%,
AA419,6.84%,4.99%,4.99%,5.23%,5.20%,5.62%,4.43%,0.00%,5.41%,6.39%,6.07%,5.23%,4.82%,4.40%,5.34%,4.47%,5.65%,4.99%,4.75%,5.20%,
AA420,5.56%,5.70%,4.04%,3.87%,6.60%,4.66%,5.36%,0.00%,4.42%,7.43%,4.63%,5.22%,6.12%,3.80%,4.80%,5.01%,6.46%,5.67%,4.98%,5.67%,
AA421,5.27%,4.80%,5.45%,5.02%,6.52%,4.42%,5.15%,4.89%,3.47%,0.00%,5.83%,5.10%,7.29%,4.72%,5.06%,4.67%,5.45%,5.83%,5.40%,5.66%,
AA422,4.46%,5.35%,5.75%,4.73%,5.66%,3.88%,6.24%,5.22%,4.55%,5.08%,5.26%,5.00%,6.78%,4.55%,5.93%,5.62%,6.20%,4.01%,5.71%,0.00%,
AA423,5.21%,4.69%,4.88%,4.64%,5.21%,5.74%,5.74%,4.78%,4.83%,5.02%,4.83%,6.50%,5.69%,5.31%,5.83%,3.83%,5.64%,5.50%,6.12%,0.00%,
AA424,4.83%,6.17%,4.42%,4.51%,6.26%,5.02%,5.89%,4.65%,4.46%,5.71%,4.42%,6.07%,5.66%,5.80%,5.75%,4.88%,5.15%,5.61%,4.74%,0.00%,
AA425,5.19%,5.79%,6.93%,0.00%,5.27%,6.00%,4.66%,4.46%,6.20%,4.74%,5.11%,4.70%,5.67%,5.43%,4.90%,4.66%,4.82%,4.78%,4.78%,5.92%,
AA426,6.19%,5.24%,3.29%,4.62%,6.14%,5.19%,5.33%,4.14%,4.43%,0.00%,5.76%,5.86%,6.62%,5.48%,4.38%,4.38%,5.33%,5.52%,6.29%,5.81%,
AA427,3.68%,6.04%,4.96%,4.09%,7.42%,5.58%,5.73%,5.83%,5.12%,3.99%,4.45%,6.45%,4.40%,4.55%,5.58%,5.48%,4.86%,5.99%,5.78%,0.00%,
AA428,4.96%,5.63%,4.54%,5.43%,5.95%,6.31%,5.53%,5.48%,3.70%,6.52%,5.63%,4.80%,0.00%,3.86%,5.84%,5.22%,6.47%,4.43%,5.53%,4.17%,
AA429,5.63%,6.26%,3.71%,4.43%,5.10%,5.39%,5.58%,5.29%,4.62%,5.44%,4.52%,6.79%,7.12%,4.43%,3.66%,6.79%,0.00%,5.10%,5.73%,4.43%,
AA430,5.06%,5.24%,4.83%,4.47%,5.47%,3.84%,5.33%,9.30%,5.47%,6.50%,0.00%,4.79%,5.87%,4.16%,4.16%,5.42%,5.87%,4.16%,5.19%,4.88%,
AA431,6.18%,5.28%,5.73%,4.67%,5.78%,4.77%,4.82%,5.53%,4.02%,3.97%,4.77%,5.03%,4.77%,5.53%,4.82%,7.04%,0.00%,6.33%,5.23%,5.73%,
AA432,5.85%,4.55%,5.18%,5.47%,4.75%,4.70%,5.32%,4.12%,4.17%,8.25%,8.63%,3.69%,4.94%,5.66%,5.80%,3.36%,6.71%,0.00%,4.65%,4.22%,
AA433,4.66%,5.66%,4.09%,5.61%,7.22%,6.61%,4.80%,5.89%,4.09%,9.36%,6.56%,4.04%,0.24%,3.99%,5.80%,5.32%,4.80%,0.00%,5.61%,5.66%,
AA434,5.94%,5.83%,4.66%,5.42%,5.48%,7.73%,5.78%,5.73%,4.55%,9.21%,6.04%,5.73%,1.07%,5.12%,1.89%,3.89%,5.68%,0.00%,4.71%,5.53%,
AA435,4.91%,5.85%,3.60%,4.82%,6.03%,5.94%,5.61%,4.91%,3.79%,8.00%,7.95%,4.82%,6.08%,3.65%,5.29%,3.93%,4.12%,0.00%,5.24%,5.47%,
AA436,5.35%,4.90%,5.70%,5.22%,6.05%,4.26%,5.25%,5.63%,5.31%,5.99%,3.84%,5.22%,4.07%,4.10%,3.68%,0.00%,6.91%,6.21%,5.57%,6.75%,
AA437,4.79%,5.33%,3.91%,4.50%,6.01%,4.90%,5.44%,4.11%,3.23%,7.37%,6.40%,4.99%,6.86%,5.64%,4.19%,6.01%,5.75%,0.00%,5.04%,5.55%,
AA438,0.00%,4.77%,4.68%,4.63%,4.82%,4.49%,5.72%,7.06%,4.12%,5.44%,5.47%,4.96%,6.11%,5.19%,4.60%,5.13%,7.15%,5.52%,5.19%,4.96%,
AA439,4.73%,4.36%,5.02%,5.15%,4.91%,5.20%,5.44%,6.46%,5.44%,5.44%,4.83%,6.07%,5.20%,6.96%,5.93%,0.00%,5.09%,4.75%,4.39%,4.65%,
AA440,4.46%,5.63%,5.86%,4.07%,0.00%,5.27%,3.97%,5.24%,3.84%,7.09%,5.53%,4.72%,5.27%,4.75%,5.40%,5.92%,6.02%,5.69%,6.05%,5.21%,
AA441,6.66%,4.45%,4.75%,5.84%,5.39%,4.16%,6.01%,5.10%,5.10%,5.75%,5.63%,4.16%,5.31%,5.42%,4.69%,5.63%,5.92%,0.00%,4.77%,5.28%,
AA442,4.66%,5.37%,4.27%,5.63%,6.43%,5.66%,4.22%,4.13%,5.25%,0.00%,5.57%,5.01%,7.13%,5.81%,4.89%,4.81%,5.25%,6.19%,4.63%,5.10%,
AA443,5.65%,5.26%,5.10%,4.84%,6.45%,5.52%,4.84%,4.65%,3.48%,0.00%,5.06%,5.48%,6.32%,6.00%,4.97%,5.97%,3.55%,5.06%,4.55%,7.26%,
AA444,5.49%,5.69%,3.23%,5.44%,4.97%,4.91%,5.47%,7.01%,4.78%,5.05%,4.06%,7.45%,5.02%,4.42%,6.63%,0.00%,6.10%,5.47%,4.22%,4.58%,
AA445,5.65%,5.11%,5.08%,5.62%,4.00%,5.23%,5.95%,7.48%,4.39%,5.20%,0.00%,5.47%,4.57%,3.88%,5.17%,5.23%,5.02%,5.80%,4.99%,6.22%,
AA446,4.76%,6.19%,5.72%,3.93%,6.37%,6.19%,4.39%,6.75%,4.80%,5.72%,4.70%,4.12%,5.57%,5.17%,5.48%,5.29%,4.95%,0.00%,4.64%,5.26%,
AA447,5.09%,6.04%,3.80%,6.90%,6.10%,0.00%,5.50%,4.88%,4.11%,5.76%,4.34%,4.52%,5.71%,4.55%,5.79%,4.88%,5.32%,6.61%,5.99%,4.11%,
AA448,5.02%,6.97%,4.56%,4.13%,6.60%,4.93%,5.42%,5.19%,4.53%,6.65%,5.79%,3.96%,6.94%,3.99%,3.61%,6.17%,5.56%,0.00%,4.67%,5.31%,
AA449,0.00%,6.99%,5.41%,4.35%,6.07%,5.12%,4.19%,5.09%,4.75%,4.85%,5.70%,4.46%,5.22%,5.83%,1.27%,4.83%,7.07%,8.76%,4.67%,5.41%,
AA450,5.33%,4.73%,3.59%,5.69%,6.35%,5.78%,4.25%,4.55%,3.71%,7.81%,8.05%,4.37%,5.03%,4.31%,5.57%,4.94%,6.35%,0.00%,3.59%,5.99%,
AA451,3.89%,6.32%,8.71%,4.33%,5.51%,0.00%,3.81%,5.86%,5.57%,4.65%,5.16%,5.45%,4.56%,5.14%,4.39%,7.01%,4.30%,4.01%,5.34%,6.00%,
AA452,5.61%,5.80%,5.61%,5.85%,4.80%,3.52%,0.86%,9.51%,6.80%,5.14%,0.00%,4.61%,4.33%,3.76%,4.14%,5.28%,6.32%,7.18%,6.18%,4.71%,
AA453,4.52%,0.00%,5.91%,4.55%,5.76%,4.55%,4.44%,5.49%,4.22%,4.55%,4.74%,4.48%,4.59%,6.47%,6.66%,5.91%,5.91%,5.08%,4.22%,7.94%,
AA454,5.18%,5.69%,4.99%,4.41%,5.21%,5.65%,4.77%,9.07%,5.54%,6.53%,0.00%,4.66%,4.74%,4.52%,4.07%,5.84%,5.73%,4.26%,3.27%,5.87%,
AA455,4.96%,0.00%,5.03%,4.73%,5.61%,5.03%,4.11%,5.03%,4.46%,6.34%,5.30%,5.50%,4.27%,4.34%,5.76%,6.23%,4.69%,6.07%,6.00%,6.53%,
AA456,0.00%,5.15%,4.57%,5.04%,4.93%,5.56%,5.08%,5.45%,3.87%,6.44%,5.60%,5.08%,5.30%,5.15%,4.34%,5.85%,6.44%,6.96%,4.79%,4.38%,
AA457,6.23%,5.95%,5.57%,3.86%,5.29%,4.31%,7.58%,4.17%,4.83%,6.02%,5.18%,4.28%,5.70%,5.18%,0.00%,6.78%,4.90%,4.90%,5.29%,3.97%,
AA458,4.13%,5.78%,5.44%,4.73%,6.25%,4.90%,4.03%,6.31%,4.10%,7.02%,5.00%,4.13%,5.47%,4.70%,0.00%,6.38%,5.51%,5.98%,4.77%,5.37%,
AA459,4.53%,5.54%,4.36%,5.14%,5.74%,5.78%,4.97%,6.59%,6.82%,4.97%,5.95%,5.17%,5.30%,4.32%,0.00%,6.76%,5.30%,4.22%,3.92%,4.63%,
AA460,4.61%,0.00%,4.57%,4.68%,7.56%,4.68%,4.12%,5.14%,4.68%,5.25%,5.52%,5.55%,5.21%,3.51%,5.74%,5.33%,4.84%,4.46%,5.40%,9.14%,
AA461,3.85%,5.53%,5.12%,5.45%,6.56%,4.26%,6.23%,0.00%,4.80%,5.86%,6.19%,5.61%,4.71%,4.18%,4.55%,5.04%,5.41%,6.35%,4.75%,5.53%,
AA462,6.46%,5.15%,4.82%,5.19%,5.75%,4.44%,6.01%,6.61%,4.26%,5.90%,5.19%,5.15%,5.11%,4.29%,4.29%,4.67%,0.00%,5.60%,5.64%,5.49%,
AA463,6.55%,5.13%,5.13%,4.75%,4.41%,6.20%,5.65%,4.19%,4.79%,6.59%,5.43%,4.58%,0.00%,3.68%,4.66%,5.01%,6.55%,6.89%,5.26%,4.54%,
AA464,5.64%,5.04%,4.88%,4.68%,5.80%,5.80%,4.53%,4.72%,5.16%,5.52%,4.68%,6.75%,5.72%,4.76%,5.32%,4.25%,5.84%,5.56%,5.36%,0.00%,
AA465,6.91%,5.85%,7.77%,0.00%,5.22%,5.79%,4.86%,4.73%,5.42%,5.36%,4.30%,4.50%,4.89%,4.27%,5.56%,4.96%,4.89%,5.29%,4.33%,5.09%,
AA466,5.39%,5.89%,4.63%,4.42%,6.71%,5.03%,6.71%,5.89%,5.03%,0.00%,4.96%,4.45%,6.28%,4.99%,4.99%,4.63%,5.85%,4.42%,4.81%,4.92%,
AA467,5.37%,6.52%,5.74%,4.26%,5.98%,3.75%,5.14%,5.34%,5.34%,5.41%,5.74%,5.34%,5.91%,5.27%,5.03%,5.78%,0.00%,4.46%,4.46%,5.17%,
AA468,4.11%,5.04%,3.26%,5.81%,5.22%,4.52%,6.37%,5.29%,5.29%,7.55%,4.70%,4.33%,0.00%,4.81%,6.18%,5.63%,6.33%,4.81%,5.55%,5.18%,
AA469,6.46%,5.80%,4.79%,3.82%,5.20%,0.00%,5.39%,5.08%,4.51%,5.26%,4.76%,5.73%,5.11%,5.08%,5.67%,5.92%,5.73%,5.52%,5.01%,5.14%,
AA470,0.00%,4.79%,6.23%,3.78%,4.35%,5.06%,4.82%,5.66%,4.75%,5.06%,5.16%,4.72%,5.42%,5.66%,6.53%,6.86%,6.09%,5.66%,4.62%,4.79%,
AA471,5.84%,5.74%,4.45%,3.84%,5.09%,4.48%,5.67%,6.27%,5.70%,3.98%,5.13%,4.37%,5.95%,5.41%,5.34%,6.27%,0.00%,5.92%,5.20%,5.34%,
AA472,6.58%,5.48%,4.75%,5.77%,4.86%,5.88%,5.04%,4.86%,4.20%,6.83%,6.87%,4.64%,4.82%,3.65%,5.81%,4.93%,5.01%,0.00%,5.12%,4.90%,
AA473,6.17%,5.26%,5.07%,5.49%,6.17%,3.82%,5.33%,5.49%,4.24%,6.73%,4.84%,4.50%,0.00%,4.43%,5.94%,6.32%,5.18%,3.59%,6.13%,5.30%,
AA474,5.59%,6.01%,4.24%,4.33%,0.00%,4.66%,5.13%,5.97%,4.29%,6.89%,5.04%,5.04%,7.14%,5.00%,4.87%,5.80%,5.34%,5.76%,2.23%,6.68%,
AA475,5.62%,5.47%,4.84%,4.62%,5.40%,5.62%,5.88%,5.29%,5.29%,0.00%,4.06%,4.43%,8.34%,4.99%,4.92%,4.88%,5.33%,5.55%,4.39%,5.07%,
AA476,6.04%,4.52%,5.90%,4.45%,6.75%,6.04%,5.90%,5.47%,3.98%,0.00%,5.13%,4.93%,6.38%,5.43%,4.18%,4.35%,5.74%,4.66%,4.99%,5.16%,
AA477,5.25%,4.98%,4.89%,5.07%,6.38%,4.09%,5.34%,6.14%,4.76%,5.10%,4.09%,6.23%,5.10%,4.95%,7.57%,0.00%,5.65%,4.79%,4.79%,4.82%,
AA478,6.81%,5.17%,5.75%,3.44%,6.01%,4.82%,5.37%,4.95%,4.37%,0.00%,4.60%,5.49%,6.94%,4.34%,5.43%,3.76%,6.88%,4.76%,4.43%,6.68%,
AA479,5.45%,5.93%,5.13%,4.91%,5.45%,3.56%,5.82%,0.00%,4.29%,6.87%,5.09%,5.27%,5.53%,4.80%,4.18%,4.65%,6.15%,6.15%,4.84%,5.93%,
AA480,5.34%,0.00%,4.09%,5.28%,6.73%,5.06%,5.15%,4.97%,5.06%,6.51%,4.81%,4.02%,5.47%,5.44%,5.63%,4.81%,5.50%,6.22%,4.31%,5.63%,
AA481,5.65%,0.00%,5.96%,4.71%,6.04%,4.20%,5.76%,4.25%,4.26%,4.98%,6.15%,5.05%,5.38%,5.27%,5.83%,5.08%,4.94%,5.46%,5.22%,5.81%,
AA482,5.51%,4.46%,6.13%,5.14%,4.97%,5.58%,4.82%,0.00%,4.79%,5.95%,7.28%,5.50%,6.30%,5.28%,6.31%,0.14%,5.44%,5.57%,4.72%,6.08%,
AA483,5.55%,6.03%,5.07%,4.28%,5.85%,5.73%,4.86%,5.52%,5.11%,5.38%,5.78%,4.87%,6.00%,4.46%,0.00%,5.00%,5.09%,5.02%,5.87%,4.56%,
AA484,6.23%,5.49%,4.73%,5.43%,6.44%,5.78%,5.18%,5.70%,0.55%,5.72%,4.12%,3.84%,6.94%,4.31%,6.04%,5.44%,0.00%,6.29%,6.64%,5.13%,
AA485,0.00%,6.06%,4.97%,5.31%,5.39%,4.50%,5.30%,6.48%,4.22%,5.43%,5.31%,4.44%,5.52%,4.01%,4.99%,5.84%,6.46%,5.62%,5.28%,4.86%,
AA486,4.64%,5.51%,4.75%,5.39%,6.04%,5.85%,4.64%,5.43%,0.00%,4.92%,5.84%,5.68%,5.61%,4.92%,5.23%,4.42%,4.99%,6.09%,4.50%,5.56%,
AA487,0.00%,6.07%,4.78%,5.35%,6.07%,5.30%,5.81%,5.33%,4.79%,4.84%,5.06%,4.73%,5.44%,4.42%,5.10%,5.37%,5.43%,5.85%,4.32%,5.92%,
